"","circ_id","hsa1","hsa2","hsa3"
"1","1:10275427|10278128",NA,3,NA
"2","1:10365099|10365648",NA,4,NA
"3","1:10371140|10375373",NA,NA,1
"4","1:10440346|10442441",NA,NA,4
"5","1:10467189|10469338",NA,NA,1
"6","1:107596211|107617632",NA,2,NA
"7","1:108991253|109004715",NA,2,NA
"8","1:109230877|109231786",NA,2,NA
"9","1:109340723|109345878",NA,6,NA
"10","1:109342013|109345878",NA,1,NA
"11","1:113829591|113834439",NA,3,NA
"12","1:114720343|114720538",1,NA,NA
"13","1:11535644|11535809",NA,NA,1
"14","1:117402185|117405645",NA,5,NA
"15","1:117402185|117414831",1,5,NA
"16","1:117402185|117420649",NA,9,NA
"17","1:117911993|117918736",NA,1,NA
"18","1:12001400|12002103",NA,2,NA
"19","1:1223243|1223968",NA,25,NA
"20","1:12578717|12579412",NA,8,1
"21","1:13715540|13749487",NA,2,NA
"22","1:13778417|13782831",NA,5,NA
"23","1:145839889|145841071",NA,5,NA
"24","1:147252622|147256562",NA,NA,3
"25","1:148126828|148143686",NA,NA,1
"26","1:149077696|149077882",NA,1,NA
"27","1:149081964|149098706",NA,1,NA
"28","1:149655698|149669310",NA,1,NA
"29","1:149959683|149964349",NA,7,NA
"30","1:150968201|150968394",NA,8,NA
"31","1:151024610|151025673",1,7,4
"32","1:151024610|151027327",NA,6,NA
"33","1:151038503|151039026",NA,4,NA
"34","1:151242122|151242567",NA,NA,1
"35","1:151315572|151316509",NA,5,NA
"36","1:151525641|151527107",NA,NA,3
"37","1:153951827|153952017",1,NA,NA
"38","1:154172907|154173201",NA,2,NA
"39","1:154234590|154235291",NA,25,9
"40","1:154251040|154251653",NA,2,NA
"41","1:15456793|15457020",NA,NA,1
"42","1:155042856|155043242",NA,1,NA
"43","1:155218651|155218847",2,NA,NA
"44","1:155675009|155679512",NA,1,3
"45","1:155676547|155679512",NA,36,4
"46","1:155921374|155923687",NA,4,NA
"47","1:156333546|156334918",NA,NA,3
"48","1:15638306|15643650",NA,3,NA
"49","1:156853496|156853751",1,NA,NA
"50","1:156951572|156955799",NA,4,NA
"51","1:157835681|157835834",1,NA,NA
"52","1:15911100|15916279",NA,2,NA
"53","1:161131953|161132105",1,NA,NA
"54","1:161173452|161173604",NA,NA,1
"55","1:165598622|165598786",1,NA,NA
"56","1:166862202|166863921",NA,5,NA
"57","1:171523220|171532961",NA,1,NA
"58","1:172131174|172253682",NA,NA,2
"59","1:179120189|179121867",NA,1,NA
"60","1:179131310|179133374",NA,5,NA
"61","1:179335505|179337896",NA,NA,3
"62","1:180084017|180087717",NA,5,NA
"63","1:1804418|1806538",NA,4,NA
"64","1:1804418|1817875",NA,14,NA
"65","1:180863707|180873942",NA,1,NA
"66","1:186065429|186066432",NA,NA,2
"67","1:19178836|19179050",2,NA,NA
"68","1:19192187|19192540",NA,NA,2
"69","1:192184159|192184352",NA,NA,2
"70","1:1944178|1944330",NA,3,NA
"71","1:197642710|197658369",NA,1,1
"72","1:200914059|200914407",NA,NA,1
"73","1:203816925|203818689",NA,2,NA
"74","1:204040936|204041091",NA,NA,1
"75","1:204870700|204870873",1,NA,NA
"76","1:20770929|20773610",NA,17,NA
"77","1:20969473|21002808",1,NA,NA
"78","1:210400467|210418325",NA,2,NA
"79","1:21050865|21089213",NA,NA,2
"80","1:21050865|21111383",NA,7,NA
"81","1:211353238|211354467",NA,NA,1
"82","1:211422538|211426283",NA,1,NA
"83","1:215086367|215086678",NA,9,NA
"84","1:215086367|215124750",NA,6,NA
"85","1:215169198|215172183",NA,5,NA
"86","1:215586494|215595471",NA,13,7
"87","1:21701497|21703618",NA,3,3
"88","1:21715388|21721764",NA,17,NA
"89","1:21747066|21753119",NA,NA,1
"90","1:21748137|21751615",NA,1,NA
"91","1:222058737|222059005",NA,2,NA
"92","1:222632164|222645685",NA,4,NA
"93","1:223804173|223806947",NA,5,NA
"94","1:224393827|224399034",NA,1,NA
"95","1:225167938|225185425",NA,3,NA
"96","1:22601088|22601290",NA,NA,1
"97","1:226899555|226899722",NA,NA,1
"98","1:228215829|228216047",1,NA,NA
"99","1:23030468|23044486",NA,8,NA
"100","1:23030468|23050520",NA,16,2
"101","1:230498966|230499126",NA,NA,1
"102","1:23071224|23072197",NA,1,NA
"103","1:231370561|231374099",NA,4,NA
"104","1:231537212|231542611",NA,3,NA
"105","1:231818328|231818517",NA,8,NA
"106","1:235194012|235214026",1,NA,NA
"107","1:235434203|235437474",NA,5,NA
"108","1:23793930|23794092",1,NA,NA
"109","1:243293090|243330692",NA,1,NA
"110","1:243378720|243418076",NA,3,NA
"111","1:24514313|24514567",NA,1,NA
"112","1:245915529|245929937",NA,3,NA
"113","1:248750855|248751029",1,NA,NA
"114","1:26446315|26447660",NA,16,NA
"115","1:26446315|26460144",NA,5,NA
"116","1:26941456|26941818",NA,NA,4
"117","1:26942659|26943065",NA,3,5
"118","1:28476106|28480604",NA,NA,3
"119","1:28580559|28581229",NA,8,NA
"120","1:28691709|28691899",1,NA,NA
"121","1:28742402|28743986",NA,NA,1
"122","1:28887210|28887401",NA,3,NA
"123","1:29154695|29154910",NA,6,1
"124","1:30945345|30950261",NA,NA,1
"125","1:31005852|31007102",NA,NA,4
"126","1:31055312|31059577",NA,4,NA
"127","1:31337174|31339048",NA,2,NA
"128","1:31425775|31426823",NA,2,NA
"129","1:31428977|31429538",NA,3,NA
"130","1:31658308|31658487",NA,1,NA
"131","1:32030297|32031640",NA,6,NA
"132","1:32226170|32226530",NA,NA,3
"133","1:32326938|32327677",NA,1,NA
"134","1:32948221|32949774",NA,7,5
"135","1:35415465|35415714",NA,3,NA
"136","1:36321778|36321942",NA,NA,1
"137","1:36358238|36362656",NA,4,NA
"138","1:36361220|36362656",NA,20,7
"139","1:39370029|39372596",NA,3,NA
"140","1:39434413|39439500",NA,2,NA
"141","1:39568640|39568801",1,NA,NA
"142","1:39568801|39572586",NA,1,NA
"143","1:40406735|40409835",NA,7,NA
"144","1:41070405|41070594",NA,NA,1
"145","1:41070594|41075451",NA,4,3
"146","1:41484386|41484537",NA,NA,1
"147","1:42265114|42278672",NA,4,NA
"148","1:43553491|43569778",NA,3,NA
"149","1:43592601|43592765",1,NA,NA
"150","1:43920403|43920928",NA,NA,3
"151","1:45566568|45567020",NA,8,NA
"152","1:45640209|45642499",NA,8,NA
"153","1:45714245|45717017",NA,NA,1
"154","1:46273465|46273655",NA,NA,2
"155","1:47374985|47375143",NA,NA,2
"156","1:49175082|49175262",1,NA,NA
"157","1:50705785|50744775",NA,NA,1
"158","1:52477707|52481923",NA,NA,3
"159","1:55040403|55040560",1,NA,NA
"160","1:59321535|59346398",NA,4,NA
"161","1:59321535|59457076",NA,NA,2
"162","1:59339957|59378837",NA,8,3
"163","1:62577261|62578966",NA,2,NA
"164","1:63412061|63412269",NA,NA,3
"165","1:64676894|64679756",NA,2,NA
"166","1:64812737|64814840",NA,5,NA
"167","1:65913244|65918835",NA,1,NA
"168","1:75749418|75750546",NA,NA,4
"169","1:77711746|77715868",NA,3,NA
"170","1:7777159|7778169",NA,18,NA
"171","1:8495062|8557523",NA,6,NA
"172","1:8541213|8557523",NA,3,4
"173","1:8541213|8614686",NA,NA,4
"174","1:8614560|8624380",NA,2,NA
"175","1:86715723|86719635",NA,4,NA
"176","1:8875543|8875788",1,NA,NA
"177","1:91695671|91758750",NA,2,NA
"178","1:91734775|91758750",NA,3,NA
"179","1:91861470|91861644",NA,NA,2
"180","1:93894613|93901669",NA,NA,3
"181","1:94220257|94231643",NA,4,NA
"182","1:94324245|94324406",NA,NA,2
"183","1:97549559|97573970",NA,3,NA
"184","1:9931890|9934860",NA,NA,6
"185","1:99766442|99766606",1,NA,NA
"186","10:101672914|101676436",NA,NA,1
"187","10:101792838|101810314",NA,4,NA
"188","10:102227757|102227951",NA,1,NA
"189","10:102376934|102377128",NA,NA,1
"190","10:102685815|102705489",NA,1,NA
"191","10:103438014|103438808",NA,1,1
"192","10:103622469|103661114",NA,3,NA
"193","10:104032455|104032673",2,NA,NA
"194","10:109892302|109892488",NA,NA,3
"195","10:110124016|110130486",NA,4,NA
"196","10:110596397|110598290",NA,3,NA
"197","10:110917842|110918120",NA,NA,1
"198","10:113040024|113089540",NA,4,NA
"199","10:119038237|119038439",NA,7,3
"200","10:120980495|120980651",NA,NA,1
"201","10:122416002|122416204",1,NA,NA
"202","10:124408541|124408965",NA,2,NA
"203","10:127008731|127012374",NA,11,NA
"204","10:127024783|127025103",1,NA,NA
"205","10:127037718|127043164",NA,7,NA
"206","10:12824552|12824714",NA,1,NA
"207","10:129467296|129467503",NA,NA,2
"208","10:131775175|131775348",NA,1,NA
"209","10:132710456|132710738",NA,1,NA
"210","10:133302604|133302758",NA,1,NA
"211","10:13670405|13675044",NA,NA,2
"212","10:17704430|17705741",NA,9,NA
"213","10:18666635|18666897",NA,NA,4
"214","10:20957730|20961779",NA,1,NA
"215","10:24381067|24381271",NA,NA,3
"216","10:24494499|24513434",NA,NA,1
"217","10:2501305|2501494",NA,1,NA
"218","10:26503196|26511906",NA,2,NA
"219","10:27122840|27126786",NA,7,NA
"220","10:27134830|27136385",NA,3,NA
"221","10:27142115|27142386",NA,NA,3
"222","10:27158548|27161182",NA,3,NA
"223","10:29657968|29686651",NA,2,NA
"224","10:3158913|3160330",NA,4,NA
"225","10:31852516|31854206",NA,1,NA
"226","10:34269656|34284245",NA,NA,6
"227","10:35060873|35071339",NA,4,2
"228","10:37803832|37838111",NA,3,NA
"229","10:45071042|45071246",NA,NA,1
"230","10:45737982|45740246",NA,2,NA
"231","10:46014443|46016694",1,NA,NA
"232","10:46795805|46798168",NA,3,2
"233","10:4830674|4842504",NA,NA,3
"234","10:48401611|48404981",NA,1,NA
"235","10:48803359|48803519",2,NA,NA
"236","10:49500537|49506012",NA,NA,1
"237","10:50460672|50590247",NA,3,NA
"238","10:5794884|5800705",NA,9,NA
"239","10:5796762|5800705",NA,2,NA
"240","10:5916456|5916607",1,NA,NA
"241","10:59832524|59852702",NA,3,NA
"242","10:63380317|63380482",NA,3,NA
"243","10:63610186|63619800",NA,1,NA
"244","10:68296265|68306903",NA,NA,2
"245","10:68393137|68394451",NA,1,NA
"246","10:68468122|68470163",NA,4,NA
"247","10:68722454|68773099",NA,1,NA
"248","10:68749135|68749685",NA,2,NA
"249","10:68771205|68773099",NA,6,NA
"250","10:68786135|68786692",NA,6,NA
"251","10:68959805|68960249",NA,13,NA
"252","10:69483690|69485215",NA,6,NA
"253","10:69483690|69495689",NA,1,NA
"254","10:7197547|7285954",NA,2,NA
"255","10:7220410|7227937",NA,3,NA
"256","10:72340788|72341170",NA,6,NA
"257","10:72708282|72715902",NA,1,NA
"258","10:7276891|7285954",NA,3,NA
"259","10:72900376|72906718",NA,2,NA
"260","10:73210250|73233163",NA,1,NA
"261","10:73542802|73545672",NA,2,NA
"262","10:75283101|75283272",NA,NA,3
"263","10:76396590|76396741",NA,NA,2
"264","10:77816376|77816550",NA,NA,1
"265","10:77853353|77854370",NA,8,2
"266","10:79201583|79208449",NA,1,NA
"267","10:84417770|84425893",NA,4,NA
"268","10:84438511|84477664",NA,NA,2
"269","10:86875866|86876085",NA,NA,1
"270","10:87727283|87741370",NA,2,NA
"271","10:91951402|91953873",NA,1,NA
"272","10:92081319|92091944",NA,NA,1
"273","10:92143028|92145112",NA,6,NA
"274","10:93323077|93329834",NA,6,NA
"275","10:93381218|93389154",NA,7,1
"276","10:95632958|95633649",NA,NA,1
"277","10:97567913|97568141",NA,1,NA
"278","11:108227594|108229323",NA,2,NA
"279","11:108227594|108235834",NA,NA,1
"280","11:108317372|108332037",NA,NA,4
"281","11:1092442|1092607",NA,1,NA
"282","11:111753275|111753442",1,NA,NA
"283","11:111754498|111755450",NA,2,NA
"284","11:111913438|111913705",NA,NA,1
"285","11:113340733|113340928",1,NA,NA
"286","11:117161144|117163892",NA,2,NA
"287","11:117218465|117219164",NA,1,NA
"288","11:117244444|117246948",NA,NA,3
"289","11:117279907|117280259",NA,5,NA
"290","11:118583808|118584644",NA,NA,3
"291","11:118584644|118584823",NA,NA,2
"292","11:118632053|118632209",1,NA,NA
"293","11:118768222|118781184",NA,4,NA
"294","11:118786051|118786518",NA,NA,4
"295","11:119131646|119131811",NA,NA,1
"296","11:120469388|120469548",1,NA,NA
"297","11:121488031|121490110",NA,NA,1
"298","11:124647364|124648175",NA,NA,2
"299","11:12504313|12514065",NA,NA,1
"300","11:125948036|125948209",NA,NA,2
"301","11:12764178|12764434",NA,6,3
"302","11:1288623|1295794",NA,NA,3
"303","11:130260855|130261929",NA,17,NA
"304","11:14907994|14908147",NA,NA,2
"305","11:15177110|15190814",NA,18,6
"306","11:1778118|1778295",2,NA,NA
"307","11:18281949|18286710",NA,NA,2
"308","11:18291441|18292019",NA,2,NA
"309","11:18400836|18403811",NA,2,NA
"310","11:2570627|2572986",NA,NA,1
"311","11:2969802|2972243",NA,1,NA
"312","11:321620|322595",NA,NA,1
"313","11:34090178|34090678",NA,4,NA
"314","11:34451098|34451263",3,NA,NA
"315","11:34480771|34490059",NA,NA,3
"316","11:36227084|36227430",NA,34,21
"317","11:3744508|3753408",NA,6,NA
"318","11:3773631|3776021",NA,2,NA
"319","11:3781866|3782041",NA,NA,3
"320","11:409703|409867",NA,NA,3
"321","11:44075592|44075752",NA,NA,1
"322","11:45181760|45183123",NA,5,NA
"323","11:46312324|46312919",NA,23,17
"324","11:46665519|46667456",NA,NA,2
"325","11:47358843|47375732",NA,1,NA
"326","11:47422573|47422973",NA,5,1
"327","11:528337|528549",NA,NA,1
"328","11:562776|562948",NA,NA,1
"329","11:562776|563034",NA,NA,1
"330","11:581491|587464",NA,NA,1
"331","11:59639047|59643035",NA,NA,1
"332","11:59658865|59659469",NA,2,NA
"333","11:59669542|59669709",NA,2,NA
"334","11:60919685|60920988",NA,4,NA
"335","11:61366044|61367998",NA,NA,1
"336","11:6234416|6234543",NA,2,NA
"337","11:62638982|62639731",NA,8,NA
"338","11:63952237|63952839",NA,2,NA
"339","11:64925028|64925327",NA,NA,1
"340","11:65187954|65188746",NA,NA,1
"341","11:65387121|65387302",NA,2,NA
"342","11:6570100|6570288",3,NA,NA
"343","11:66059595|66059752",NA,NA,4
"344","11:66063627|66063729",NA,NA,1
"345","11:66271869|66272034",NA,NA,3
"346","11:66486539|66488007",NA,2,7
"347","11:66639699|66640123",NA,9,NA
"348","11:66701411|66701583",NA,NA,1
"349","11:67207509|67207688",NA,NA,1
"350","11:67406017|67406174",NA,NA,2
"351","11:68505144|68519651",NA,5,NA
"352","11:68803999|68812576",NA,1,NA
"353","11:70354300|70356254",NA,7,NA
"354","11:70362094|70362488",NA,NA,2
"355","11:70376531|70378195",NA,4,NA
"356","11:70659827|70661678",NA,24,NA
"357","11:70798442|70807171",NA,2,NA
"358","11:72709869|72711499",NA,4,NA
"359","11:72757766|72759381",NA,1,NA
"360","11:72867688|72867864",NA,2,NA
"361","11:72984087|72989097",NA,5,NA
"362","11:73707419|73718890",NA,NA,2
"363","11:74037264|74037477",1,NA,NA
"364","11:74965033|74969699",NA,2,NA
"365","11:75276838|75278744",NA,1,NA
"366","11:77197598|77197738",NA,1,NA
"367","11:77619605|77625818",NA,7,NA
"368","11:77624962|77625818",NA,21,2
"369","11:77624962|77629899",NA,1,2
"370","11:77683709|77693611",NA,4,1
"371","11:78113885|78121174",NA,NA,2
"372","11:83194034|83194208",1,NA,NA
"373","11:83206057|83211430",NA,4,NA
"374","11:834803|835007",1,NA,NA
"375","11:83532707|83541858",NA,5,NA
"376","11:86022366|86031611",NA,7,NA
"377","11:86068869|86069022",1,NA,NA
"378","11:86250295|86252240",NA,NA,6
"379","11:883706|884067",NA,4,NA
"380","11:94574998|94583569",NA,4,NA
"381","11:9738212|9740347",NA,2,NA
"382","12:10030972|10031186",2,NA,NA
"383","12:101714089|101716812",NA,NA,1
"384","12:103806625|103806854",NA,4,NA
"385","12:105189990|105195501",NA,1,NA
"386","12:106454711|106455075",NA,1,NA
"387","12:107743196|107746424",NA,1,NA
"388","12:108652271|108654410",NA,3,2
"389","12:108817037|108818313",NA,1,NA
"390","12:109166860|109168034",NA,NA,1
"391","12:109171804|109174230",NA,8,3
"392","12:109209164|109216920",NA,3,NA
"393","12:109212835|109216920",NA,3,NA
"394","12:110136775|110147048",NA,2,NA
"395","12:111658735|111659345",NA,5,NA
"396","12:111882789|111883768",NA,3,NA
"397","12:111883580|111883768",NA,2,NA
"398","12:112071894|112078741",NA,NA,2
"399","12:112410319|112411442",NA,NA,2
"400","12:112486474|112489175",NA,4,NA
"401","12:113103945|113104298",NA,2,NA
"402","12:113119127|113121638",NA,6,NA
"403","12:113121508|113130941",NA,NA,2
"404","12:113267842|113269845",NA,4,NA
"405","12:113304320|113307844",NA,1,NA
"406","12:118036337|118038388",NA,6,NA
"407","12:120154969|120155719",NA,16,3
"408","12:120516566|120522363",NA,NA,2
"409","12:120557281|120557682",NA,4,3
"410","12:120566824|120571291",NA,6,NA
"411","12:122173991|122174156",NA,2,NA
"412","12:122288488|122316855",NA,16,NA
"413","12:122327946|122333143",NA,12,NA
"414","12:12244261|12244655",NA,5,3
"415","12:123498543|123499536",NA,3,NA
"416","12:123747725|123747938",1,NA,NA
"417","12:124912865|124913320",NA,3,NA
"418","12:12500518|12500682",NA,NA,1
"419","12:125102678|125107268",NA,2,NA
"420","12:125114476|125118765",NA,2,NA
"421","12:12519861|12521463",NA,1,NA
"422","12:125650953|125651112",NA,NA,4
"423","12:128814774|128815070",NA,NA,5
"424","12:1289851|1290012",NA,NA,2
"425","12:1289851|1371977",NA,1,2
"426","12:131118451|131118669",NA,NA,3
"427","12:132148895|132148983",NA,1,NA
"428","12:132148895|132149027",NA,1,NA
"429","12:132148895|132149071",9,NA,1
"430","12:132148895|132149511",NA,NA,3
"431","12:132148895|132149555",NA,2,1
"432","12:132148895|132149643",NA,1,1
"433","12:132148895|132149731",NA,1,1
"434","12:132148895|132149863",NA,4,1
"435","12:132148895|132149951",NA,1,1
"436","12:132148895|132150562",NA,2,4
"437","12:132148895|132150606",NA,1,NA
"438","12:132148895|132150650",NA,NA,2
"439","12:132148895|132150738",NA,1,3
"440","12:132659165|132659294",NA,NA,1
"441","12:133191488|133192003",NA,NA,3
"442","12:133219107|133219282",NA,NA,2
"443","12:26064497|26067713",NA,3,NA
"444","12:26982772|26990627",NA,5,NA
"445","12:27714779|27724186",NA,8,NA
"446","12:2820085|2821792",NA,3,NA
"447","12:28305648|28307749",NA,8,NA
"448","12:28450160|28484165",NA,9,NA
"449","12:30669182|30674753",NA,1,NA
"450","12:32305696|32306122",NA,2,NA
"451","12:42646105|42646269",2,NA,NA
"452","12:49097565|49098105",NA,17,5
"453","12:49599290|49599468",1,NA,NA
"454","12:50094436|50096972",NA,NA,2
"455","12:50427761|50429090",NA,1,NA
"456","12:50640723|50683248",NA,3,NA
"457","12:51026148|51026309",NA,NA,1
"458","12:51055834|51056502",NA,1,NA
"459","12:51073822|51074082",NA,2,3
"460","12:53441800|53442100",NA,3,NA
"461","12:53754509|53754812",1,NA,NA
"462","12:54647883|54648245",1,NA,NA
"463","12:56169528|56170208",NA,2,NA
"464","12:56423091|56423273",NA,NA,3
"465","12:57106369|57106527",NA,NA,3
"466","12:57194012|57194186",NA,NA,1
"467","12:57535055|57535845",NA,4,NA
"468","12:57601348|57601521",2,NA,NA
"469","12:64042789|64043575",NA,3,NA
"470","12:6452312|6452477",NA,NA,3
"471","12:64691579|64691735",NA,NA,1
"472","12:64864667|64866903",NA,5,NA
"473","12:6724266|6724428",2,NA,NA
"474","12:69222611|69222886",NA,1,NA
"475","12:69260043|69262562",NA,3,NA
"476","12:69589484|69592159",NA,NA,1
"477","12:69800208|69801721",NA,8,1
"478","12:70285586|70285777",1,NA,NA
"479","12:71626259|71629037",NA,NA,1
"480","12:78440483|78440652",NA,NA,2
"481","12:813641|827262",NA,6,NA
"482","12:88154387|88154599",1,NA,NA
"483","12:8934012|8934171",NA,NA,2
"484","12:9009075|9009229",NA,NA,1
"485","12:93394608|93395533",NA,2,3
"486","12:95040475|95049233",NA,3,NA
"487","12:95134738|95141539",NA,4,NA
"488","12:95682706|95683711",NA,6,NA
"489","12:96323947|96334865",NA,NA,1
"490","12:96576761|96576941",1,NA,NA
"491","12:99772921|99782097",NA,NA,2
"492","13:100209331|100262831",NA,NA,1
"493","13:100257594|100273346",NA,5,NA
"494","13:100330560|100340259",NA,2,1
"495","13:100368471|100449305",NA,NA,2
"496","13:101258442|101292366",NA,5,1
"497","13:101395182|101399165",NA,2,NA
"498","13:113510237|113520733",NA,3,NA
"499","13:113511987|113512281",NA,NA,3
"500","13:114040999|114073837",NA,1,NA
"501","13:19751270|19759418",NA,1,NA
"502","13:21377332|21377666",NA,1,NA
"503","13:24469023|24475596",NA,4,NA
"504","13:26400452|26401624",NA,1,NA
"505","13:28174271|28177935",NA,7,NA
"506","13:28256291|28261458",NA,9,NA
"507","13:32224385|32224721",NA,NA,3
"508","13:32517856|32527532",NA,8,NA
"509","13:32538617|32538777",2,NA,NA
"510","13:35668519|35668690",NA,NA,1
"511","13:36312144|36312477",NA,7,NA
"512","13:36965574|36985740",NA,4,NA
"513","13:41865735|41868477",NA,8,NA
"514","13:45151686|45207505",NA,2,NA
"515","13:45479066|45479403",NA,NA,2
"516","13:45516142|45519094",NA,NA,1
"517","13:45516142|45530780",NA,3,NA
"518","13:45579781|45579932",2,NA,NA
"519","13:46356431|46359631",NA,NA,2
"520","13:49451552|49451909",NA,2,NA
"521","13:49705620|49706372",NA,1,2
"522","13:50928508|50928704",NA,NA,3
"523","13:51383328|51395483",NA,NA,1
"524","13:51675243|51675404",NA,NA,3
"525","13:59774188|59810923",NA,3,NA
"526","13:60439687|60467379",NA,NA,1
"527","13:75560752|75569507",NA,NA,1
"528","13:77018599|77021861",NA,4,NA
"529","13:77176496|77180318",NA,NA,1
"530","13:95723241|95725252",NA,3,NA
"531","13:95832926|95837202",NA,1,NA
"532","13:98409337|98412034",NA,NA,1
"533","13:99259987|99260138",1,NA,NA
"534","14:102019892|102022880",NA,4,NA
"535","14:102040235|102040673",NA,21,4
"536","14:102194937|102197847",NA,NA,1
"537","14:102376649|102376940",NA,2,NA
"538","14:102968252|102970261",NA,3,NA
"539","14:103571622|103574170",NA,5,NA
"540","14:103662115|103662927",NA,NA,5
"541","14:103778744|103797518",NA,11,3
"542","14:104022156|104026939",1,NA,NA
"543","14:20395449|20395949",NA,NA,1
"544","14:22906194|22911403",NA,7,NA
"545","14:22909482|22911403",NA,28,9
"546","14:22926132|22927660",NA,5,NA
"547","14:23061083|23061622",NA,3,NA
"548","14:23137920|23143204",NA,2,NA
"549","14:23324137|23324289",NA,3,NA
"550","14:23563199|23563379",1,NA,NA
"551","14:24065273|24065527",1,NA,NA
"552","14:24145480|24145709",NA,NA,1
"553","14:24146907|24147082",NA,NA,5
"554","14:24210347|24210768",NA,NA,4
"555","14:30670255|30675065",NA,7,NA
"556","14:31133237|31133675",NA,4,NA
"557","14:32090501|32117287",NA,1,NA
"558","14:34758703|34762223",NA,NA,1
"559","14:34862043|34862322",NA,4,NA
"560","14:34969169|34972064",NA,3,NA
"561","14:35018691|35019074",NA,6,NA
"562","14:35671388|35674709",NA,1,NA
"563","14:39158284|39159550",NA,2,NA
"564","14:39179090|39179462",NA,3,4
"565","14:39276933|39279537",NA,10,1
"566","14:49709158|49710381",NA,2,NA
"567","14:50150007|50150230",NA,4,1
"568","14:50560874|50561039",NA,4,NA
"569","14:51393256|51393459",NA,NA,2
"570","14:52711100|52711524",NA,1,NA
"571","14:52872798|52874226",NA,1,NA
"572","14:57246710|57247712",NA,2,NA
"573","14:58096555|58096723",NA,NA,2
"574","14:61720381|61721823",NA,4,NA
"575","14:67345767|67347453",NA,NA,1
"576","14:67467103|67467865",NA,2,NA
"577","14:67685014|67690421",NA,4,NA
"578","14:67767703|67769730",NA,3,1
"579","14:68890138|68893747",NA,3,NA
"580","14:69703394|69704742",NA,7,NA
"581","14:70742350|70742591",NA,1,3
"582","14:72674239|72693213",NA,1,NA
"583","14:72714422|72731934",NA,19,NA
"584","14:72993142|72993357",NA,3,NA
"585","14:73106285|73106443",3,NA,NA
"586","14:75087017|75088641",NA,7,NA
"587","14:76166662|76180849",NA,2,NA
"588","14:76171842|76180849",NA,6,NA
"589","14:79692262|79692649",1,NA,NA
"590","14:80497468|80530886",NA,6,1
"591","14:89924512|89932627",NA,2,NA
"592","14:90698912|90699157",1,NA,NA
"593","14:91128912|91129114",1,NA,NA
"594","14:91157690|91158018",NA,NA,1
"595","14:91297304|91303978",NA,3,NA
"596","14:96520054|96521072",NA,3,NA
"597","14:97670623|97671373",NA,NA,1
"598","14:99458278|99465813",NA,2,4
"599","15:100152611|100155320",NA,1,NA
"600","15:101015325|101022478",NA,NA,3
"601","15:101235081|101235577",NA,11,9
"602","15:101364998|101370523",NA,NA,2
"603","15:101366195|101370523",NA,8,6
"604","15:101427891|101443660",NA,NA,2
"605","15:101657629|101657784",1,NA,NA
"606","15:101843004|101843182",NA,3,NA
"607","15:101972694|101972848",NA,NA,1
"608","15:22872824|22873729",NA,5,NA
"609","15:25691714|25702100",NA,5,NA
"610","15:28143872|28146344",NA,3,NA
"611","15:30372672|30372977",NA,NA,1
"612","15:37036813|37083885",NA,2,NA
"613","15:40744046|40745259",NA,5,2
"614","15:41243666|41262883",NA,3,3
"615","15:41841571|41841779",2,NA,NA
"616","15:42811687|42817097",NA,NA,3
"617","15:43334944|43335826",NA,NA,2
"618","15:43560209|43560412",NA,1,NA
"619","15:43814500|43815074",NA,4,NA
"620","15:44550875|44551522",NA,3,NA
"621","15:49235850|49239367",NA,17,5
"622","15:50300788|50301368",NA,5,NA
"623","15:50458999|50459162",NA,NA,2
"624","15:50465046|50471795",NA,2,NA
"625","15:50586391|50592626",NA,1,NA
"626","15:52275391|52275561",NA,NA,1
"627","15:56391418|56391628",NA,NA,2
"628","15:57437984|57442478",NA,4,NA
"629","15:57451499|57461892",NA,3,NA
"630","15:57461679|57461892",NA,3,NA
"631","15:57516779|57518497",NA,8,NA
"632","15:58886974|58887540",NA,6,NA
"633","15:63553714|63563008",NA,5,NA
"634","15:63712774|63716473",NA,1,NA
"635","15:63971422|63983754",NA,3,NA
"636","15:64118116|64123546",NA,NA,1
"637","15:64974601|64983593",NA,NA,2
"638","15:65178933|65180204",NA,NA,1
"639","15:66435026|66436892",NA,4,1
"640","15:70059255|70059409",1,NA,NA
"641","15:77252366|77286504",NA,6,NA
"642","15:77252366|77365225",NA,3,NA
"643","15:78044899|78054187",NA,NA,2
"644","15:78098596|78098768",1,NA,NA
"645","15:78490421|78490761",NA,4,NA
"646","15:80120327|80122800",NA,1,1
"647","15:82178718|82178881",NA,NA,1
"648","15:84680712|84691644",NA,4,NA
"649","15:89113724|89116521",NA,4,NA
"650","15:89305409|89305595",NA,NA,3
"651","15:90217438|90221765",NA,4,NA
"652","15:90219792|90221765",NA,NA,2
"653","15:90441505|90443478",NA,2,NA
"654","15:90980883|90981981",1,NA,NA
"655","15:92924320|92927330",NA,2,NA
"656","15:92937517|92939718",NA,1,3
"657","15:92978233|92979283",NA,6,NA
"658","15:92996956|92998621",NA,4,2
"659","15:93856596|93856759",1,NA,NA
"660","15:95712657|95712839",2,NA,NA
"661","15:99598429|99633173",NA,1,NA
"662","16:10895428|10895614",1,NA,NA
"663","16:11020192|11061022",NA,NA,2
"664","16:11020192|11126146",NA,NA,4
"665","16:11553532|11556735",NA,2,NA
"666","16:14079289|14140760",NA,NA,1
"667","16:14853466|14854026",NA,1,NA
"668","16:14997752|14998405",NA,5,NA
"669","16:16124788|16125911",NA,NA,1
"670","16:1625972|1632365",NA,2,NA
"671","16:16360207|16360366",1,NA,NA
"672","16:1809237|1809833",NA,4,NA
"673","16:19071927|19074035",NA,6,NA
"674","16:19223044|19224838",NA,2,NA
"675","16:19730429|19735450",NA,4,NA
"676","16:19763847|19764112",NA,NA,1
"677","16:2062600|2062805",1,NA,NA
"678","16:22266389|22266876",NA,NA,7
"679","16:22313619|22315208",NA,7,NA
"680","16:22349278|22349849",NA,17,NA
"681","16:2262277|2263287",NA,1,NA
"682","16:24032135|24035547",NA,NA,3
"683","16:24968350|24970580",NA,2,NA
"684","16:27213584|27215008",NA,16,NA
"685","16:2818969|2819185",NA,NA,1
"686","16:289439|293718",NA,NA,3
"687","16:29833732|29834066",NA,2,NA
"688","16:30479090|30479461",NA,NA,2
"689","16:30942115|30942536",NA,NA,1
"690","16:30961266|30963554",NA,12,NA
"691","16:31219519|31219674",NA,3,NA
"692","16:31408498|31408659",1,NA,NA
"693","16:3773590|3773750",NA,4,NA
"694","16:3791980|3793626",NA,NA,2
"695","16:3850296|3851009",NA,3,1
"696","16:4466152|4469465",NA,7,NA
"697","16:46677314|46679156",NA,3,1
"698","16:4671390|4673657",NA,2,NA
"699","16:46974125|46974288",NA,1,NA
"700","16:47311239|47313823",NA,6,NA
"701","16:4811169|4812248",NA,NA,8
"702","16:5058492|5060436",NA,1,NA
"703","16:50880520|50880688",NA,2,NA
"704","16:50880520|50880689",NA,1,NA
"705","16:53255599|53263097",NA,7,NA
"706","16:53873785|53888951",NA,21,NA
"707","16:58675939|58676346",NA,3,NA
"708","16:650709|650942",NA,NA,2
"709","16:66513730|66517877",NA,2,NA
"710","16:66579698|66579941",NA,NA,2
"711","16:66725827|66729099",NA,NA,1
"712","16:66941848|66942004",NA,NA,1
"713","16:67036638|67082308",NA,NA,2
"714","16:67685456|67685802",NA,7,NA
"715","16:68086798|68086964",NA,NA,1
"716","16:68121986|68123121",NA,2,NA
"717","16:68974027|69040421",NA,3,NA
"718","16:69370482|69372355",NA,NA,6
"719","16:69695135|69695379",NA,2,NA
"720","16:69982349|69982757",NA,2,NA
"721","16:70010750|70018097",NA,8,NA
"722","16:70042350|70043003",NA,1,1
"723","16:70255727|70261157",NA,7,NA
"724","16:70261043|70262524",NA,4,NA
"725","16:70463168|70463774",NA,NA,2
"726","16:70538322|70539207",NA,1,NA
"727","16:70565064|70567536",NA,3,NA
"728","16:70567410|70570149",NA,5,NA
"729","16:70943642|70943811",NA,NA,1
"730","16:71115472|71115695",NA,2,NA
"731","16:72021311|72021473",1,NA,NA
"732","16:72088986|72090786",NA,2,1
"733","16:722083|722243",1,NA,NA
"734","16:74410749|74410904",NA,NA,1
"735","16:74636345|74637970",NA,NA,3
"736","16:74674959|74675764",NA,NA,1
"737","16:75204540|75204796",1,NA,NA
"738","16:75395089|75411952",NA,3,NA
"739","16:75412534|75414695",NA,10,NA
"740","16:81854443|81859163",NA,4,NA
"741","16:81895806|81908591",NA,1,NA
"742","16:81923484|81928624",NA,5,NA
"743","16:81934428|81936378",NA,NA,2
"744","16:83906986|83912367",NA,1,NA
"745","16:84657944|84658112",NA,NA,1
"746","16:84990303|84996007",NA,3,NA
"747","16:85633913|85634132",1,17,4
"748","16:87975047|87984259",NA,1,NA
"749","16:87975047|88006265",NA,3,NA
"750","16:88018427|88018667",NA,4,NA
"751","16:89716904|89717016",NA,NA,1
"752","16:89733481|89737905",NA,NA,1
"753","16:89978809|89981923",NA,5,NA
"754","16:98144|100509",NA,2,NA
"755","17:10459075|10459250",NA,NA,1
"756","17:1050049|1050634",NA,1,NA
"757","17:12908896|12929046",NA,NA,1
"758","17:1364858|1365058",NA,NA,4
"759","17:1480526|1480885",NA,4,NA
"760","17:1533896|1534098",1,NA,NA
"761","17:1548295|1553149",NA,4,NA
"762","17:16101249|16101805",NA,2,NA
"763","17:1636708|1637062",NA,7,NA
"764","17:17142626|17143669",NA,NA,1
"765","17:17884633|17893810",NA,6,NA
"766","17:20204332|20205912",NA,1,NA
"767","17:21017941|21021226",NA,6,NA
"768","17:28487550|28487711",2,NA,NA
"769","17:29103598|29107189",NA,4,NA
"770","17:29115463|29115663",NA,2,NA
"771","17:29507895|29510992",NA,1,NA
"772","17:29684562|29703062",NA,1,1
"773","17:30449552|30451846",NA,7,NA
"774","17:319419|321415",NA,2,NA
"775","17:319419|327579",NA,NA,2
"776","17:31982998|31988497",NA,1,NA
"777","17:31993864|31994721",NA,NA,1
"778","17:3621056|3621236",NA,3,NA
"779","17:36952885|36953907",NA,7,5
"780","17:38395308|38395998",NA,1,NA
"781","17:3930116|3930300",1,NA,NA
"782","17:39490556|39494694",NA,1,NA
"783","17:39709812|39710481",NA,NA,1
"784","17:40647065|40647239",1,NA,NA
"785","17:41516103|41516964",NA,NA,1
"786","17:42163440|42163605",NA,NA,3
"787","17:42190184|42190757",NA,NA,1
"788","17:42291971|42295793",NA,4,NA
"789","17:42304341|42304646",NA,4,NA
"790","17:42346568|42348517",NA,3,NA
"791","17:42500706|42501304",NA,1,1
"792","17:42684229|42684410",NA,4,NA
"793","17:42712288|42713389",NA,1,NA
"794","17:42727634|42730918",NA,9,NA
"795","17:4282797|4296814",NA,3,NA
"796","17:4282797|4307123",NA,3,NA
"797","17:45096193|45097244",NA,4,NA
"798","17:45116473|45116631",NA,NA,3
"799","17:45273502|45274593",NA,NA,1
"800","17:46170854|46172232",NA,6,NA
"801","17:47618349|47619164",NA,12,NA
"802","17:47915311|47917130",NA,6,NA
"803","17:48112030|48113401",NA,9,NA
"804","17:48848082|48848300",1,NA,NA
"805","17:49311311|49312042",NA,NA,2
"806","17:49719759|49720436",NA,2,NA
"807","17:4981048|4981224",1,NA,NA
"808","17:49847736|49847894",1,NA,NA
"809","17:50741101|50741731",NA,3,NA
"810","17:51166956|51167114",1,NA,NA
"811","17:51263273|51268904",NA,10,NA
"812","17:51266181|51268904",NA,1,NA
"813","17:5240627|5240959",NA,NA,1
"814","17:5399551|5416682",NA,NA,2
"815","17:54930072|54937226",NA,1,NA
"816","17:57262192|57262376",NA,1,NA
"817","17:58212082|58212377",NA,2,NA
"818","17:58216087|58216736",NA,NA,2
"819","17:58322949|58323381",NA,NA,1
"820","17:58703195|58709990",NA,6,NA
"821","17:59353214|59353526",NA,24,7
"822","17:59764970|59773885",NA,1,NA
"823","17:59935192|59936541",NA,NA,1
"824","17:59935192|59940943",NA,4,NA
"825","17:60056881|60057047",NA,NA,2
"826","17:60623520|60633977",NA,4,NA
"827","17:61921724|61925099",NA,NA,1
"828","17:623532|627316",NA,NA,5
"829","17:62426298|62427837",NA,2,NA
"830","17:64052779|64053371",NA,2,NA
"831","17:64212573|64214242",NA,NA,1
"832","17:64519320|64526200",NA,2,NA
"833","17:64529427|64529610",NA,NA,2
"834","17:653290|661895",NA,4,NA
"835","17:6758263|6758792",NA,2,2
"836","17:67920014|67922990",NA,NA,3
"837","17:68450727|68452992",NA,7,NA
"838","17:69155018|69155925",NA,3,NA
"839","17:69193308|69193492",NA,6,NA
"840","17:69255542|69256283",NA,3,NA
"841","17:72648802|72649268",NA,1,NA
"842","17:73202999|73203793",NA,4,NA
"843","17:74762011|74763520",NA,5,NA
"844","17:74863726|74863895",NA,NA,2
"845","17:74866286|74866445",NA,NA,1
"846","17:7499038|7499491",NA,15,NA
"847","17:75049219|75059605",NA,4,NA
"848","17:75242335|75243570",NA,NA,2
"849","17:75485427|75486426",NA,NA,3
"850","17:76047905|76057543",NA,3,1
"851","17:76094413|76101863",NA,NA,1
"852","17:76097795|76098018",NA,NA,3
"853","17:76287191|76290077",NA,NA,1
"854","17:76291014|76294021",NA,3,2
"855","17:7774976|7775140",2,NA,NA
"856","17:78202498|78202751",NA,1,NA
"857","17:78392475|78398351",NA,7,NA
"858","17:78723035|78723212",3,NA,NA
"859","17:79077429|79077864",NA,9,4
"860","17:7945727|7945986",NA,4,1
"861","17:80048582|80050283",NA,3,4
"862","17:81222616|81222768",NA,2,NA
"863","17:81588943|81600427",NA,NA,2
"864","17:81855141|81855586",NA,NA,2
"865","17:82029635|82029895",1,NA,NA
"866","17:82127691|82128597",NA,NA,1
"867","17:82563353|82568201",NA,7,NA
"868","17:82563353|82571870",NA,1,NA
"869","17:82586200|82586298",1,NA,NA
"870","17:82586200|82586299",NA,1,NA
"871","17:82586200|82586395",4,1,1
"872","17:82586200|82586443",1,NA,NA
"873","17:82586200|82586493",2,NA,NA
"874","17:82586200|82586494",NA,1,NA
"875","17:8345042|8345324",1,NA,NA
"876","17:9491828|9505162",NA,5,NA
"877","18:10796953|10797373",NA,NA,1
"878","18:12366964|12371691",NA,2,NA
"879","18:12680661|12691487",NA,NA,4
"880","18:13278104|13387762",NA,3,NA
"881","18:14338276|14338427",3,NA,NA
"882","18:20986667|20986949",1,NA,NA
"883","18:20986949|20992937",NA,7,NA
"884","18:21765771|21768752",NA,1,NA
"885","18:21765771|21779685",NA,4,1
"886","18:23001585|23006432",NA,2,1
"887","18:24064139|24069271",NA,3,NA
"888","18:24064139|24083081",NA,11,NA
"889","18:24196124|24239382",NA,5,NA
"890","18:24225041|24239382",NA,NA,5
"891","18:24366891|24377535",NA,6,1
"892","18:24440495|24443152",NA,1,NA
"893","18:31832083|31839457",NA,3,NA
"894","18:32111753|32113860",NA,1,NA
"895","18:37275728|37275925",1,NA,NA
"896","18:46118180|46120060",NA,NA,1
"897","18:48619537|48636685",NA,NA,2
"898","18:49929511|49937397",NA,6,NA
"899","18:50276482|50276661",1,NA,NA
"900","18:54271359|54274090",NA,2,NA
"901","18:56779430|56816144",NA,NA,2
"902","18:62287350|62291631",NA,4,NA
"903","18:62348167|62349937",NA,5,NA
"904","18:62539680|62550460",NA,3,NA
"905","18:62941717|62945271",NA,NA,2
"906","18:64104235|64104391",NA,4,NA
"907","18:6824761|6837414",NA,NA,2
"908","18:74577029|74577267",1,NA,NA
"909","18:74630966|74641122",NA,1,NA
"910","18:74877196|74890038",NA,1,NA
"911","18:76849525|76851939",NA,10,1
"912","18:8718423|8720496",NA,NA,1
"913","18:9131973|9132222",NA,NA,1
"914","18:9182381|9195698",NA,NA,1
"915","18:9195550|9221999",NA,NA,1
"916","18:9524593|9525851",NA,37,10
"917","18:9557220|9559604",NA,1,NA
"918","18:9593767|9595153",NA,2,NA
"919","18:9887008|9887188",NA,NA,2
"920","19:10142564|10142818",NA,NA,2
"921","19:10583605|10584070",NA,4,NA
"922","19:10830378|10830532",1,NA,NA
"923","19:11113277|11113762",NA,5,NA
"924","19:11120091|11120522",NA,3,NA
"925","19:11178344|11178720",NA,6,1
"926","19:11335446|11335783",NA,10,3
"927","19:11418506|11418670",NA,3,NA
"928","19:1274440|1274627",NA,8,NA
"929","19:12928341|12928847",NA,8,5
"930","19:13025020|13025552",NA,7,1
"931","19:13075671|13075860",NA,1,NA
"932","19:13913167|13913638",NA,6,NA
"933","19:13923332|13923811",NA,1,NA
"934","19:13955911|13956522",NA,1,NA
"935","19:14135965|14136347",NA,NA,2
"936","19:14458030|14458375",NA,2,NA
"937","19:14743419|14743784",NA,9,NA
"938","19:16015359|16015704",NA,2,NA
"939","19:16081912|16086540",NA,5,NA
"940","19:16095357|16095537",NA,NA,1
"941","19:16851411|16854261",NA,NA,1
"942","19:17101659|17102557",NA,NA,1
"943","19:17276494|17276909",NA,1,NA
"944","19:17497254|17497464",NA,NA,4
"945","19:17516172|17517850",NA,4,NA
"946","19:17517287|17517850",NA,1,NA
"947","19:17877722|17878093",NA,5,NA
"948","19:18175039|18175697",NA,NA,1
"949","19:18356011|18356175",NA,6,NA
"950","19:18537600|18538436",NA,29,7
"951","19:18539370|18539720",NA,6,6
"952","19:18735643|18735801",NA,2,NA
"953","19:18851129|18851298",NA,NA,1
"954","19:19198723|19198910",NA,NA,3
"955","19:19202044|19202330",NA,7,NA
"956","19:19354445|19354614",1,NA,NA
"957","19:19640084|19640571",NA,5,NA
"958","19:21839518|21839808",NA,1,NA
"959","19:22035550|22035702",NA,NA,1
"960","19:28385937|28386111",NA,NA,2
"961","19:29985222|29986417",NA,NA,1
"962","19:31979915|31980108",NA,8,NA
"963","19:32915336|32918339",NA,7,5
"964","19:32959899|32966466",NA,2,NA
"965","19:33002246|33003000",NA,3,NA
"966","19:33511027|33512776",NA,2,NA
"967","19:3381711|3382243",NA,2,NA
"968","19:34221506|34221738",NA,2,NA
"969","19:3425105|3435207",NA,2,NA
"970","19:3425177|3425335",1,NA,NA
"971","19:3433517|3435207",NA,3,NA
"972","19:34396300|34396657",NA,6,NA
"973","19:35730867|35731088",NA,3,NA
"974","19:35869810|35869978",1,NA,NA
"975","19:3660965|3662001",NA,NA,3
"976","19:37189660|37190150",NA,2,NA
"977","19:38141183|38142710",NA,2,NA
"978","19:39453355|39453521",NA,8,2
"979","19:39838792|39839034",NA,NA,2
"980","19:40412074|40412260",NA,NA,3
"981","19:40458154|40458545",NA,4,6
"982","19:40583397|40583717",NA,5,NA
"983","19:40705095|40705447",NA,8,1
"984","19:40736985|40737769",NA,20,NA
"985","19:4100810|4101018",NA,1,NA
"986","19:41248513|41248820",NA,2,NA
"987","19:41292244|41292511",NA,3,NA
"988","19:42369002|42369173",NA,NA,2
"989","19:43497117|43497876",NA,11,NA
"990","19:44873915|44874478",NA,1,NA
"991","19:45025328|45025737",NA,1,NA
"992","19:4517376|4517553",1,NA,NA
"993","19:45263112|45263367",NA,9,6
"994","19:45277922|45278615",NA,7,NA
"995","19:45398004|45398339",NA,2,NA
"996","19:45419250|45419410",NA,NA,2
"997","19:45517662|45518094",NA,NA,6
"998","19:46745593|46745756",1,NA,NA
"999","19:47084344|47085414",NA,4,NA
"1000","19:47086383|47090189",NA,1,NA
"1001","19:47157181|47157395",1,NA,2
"1002","19:47264602|47264946",NA,16,8
"1003","19:47362475|47362693",NA,3,NA
"1004","19:48149762|48150210",NA,5,NA
"1005","19:48154215|48154392",NA,3,NA
"1006","19:48636691|48636855",1,NA,NA
"1007","19:48985460|48987385",NA,9,NA
"1008","19:49133371|49133563",NA,NA,3
"1009","19:49168736|49168895",1,NA,NA
"1010","19:50398850|50399484",NA,4,14
"1011","19:5047475|5082504",NA,8,NA
"1012","19:52170190|52170359",1,NA,NA
"1013","19:52282110|52283413",NA,NA,3
"1014","19:54121672|54121835",NA,1,NA
"1015","19:55179936|55180116",1,NA,NA
"1016","19:5604582|5604936",NA,7,5
"1017","19:56810228|56810413",2,NA,NA
"1018","19:680812|680986",NA,NA,1
"1019","19:7172289|7174731",NA,NA,1
"1020","19:8371055|8371522",NA,6,NA
"1021","19:8455404|8463686",NA,25,6
"1022","2:100948234|100949480",NA,1,NA
"1023","2:101050400|101059539",NA,2,NA
"1024","2:101288972|101295181",NA,4,NA
"1025","2:101885186|101887237",NA,5,NA
"1026","2:102723699|102726974",NA,1,NA
"1027","2:10419733|10420135",NA,1,4
"1028","2:108184274|108184457",1,NA,NA
"1029","2:108672324|108673029",NA,1,NA
"1030","2:110545068|110545631",NA,NA,1
"1031","2:112299848|112300029",NA,54,4
"1032","2:112550865|112552816",NA,4,NA
"1033","2:113939958|113942359",NA,1,NA
"1034","2:11765532|11767858",NA,4,NA
"1035","2:11805156|11805307",4,NA,NA
"1036","2:120019076|120042110",NA,2,NA
"1037","2:120278614|120289757",NA,2,NA
"1038","2:121367421|121367587",NA,1,NA
"1039","2:121605700|121606180",NA,1,NA
"1040","2:121757239|121761524",NA,5,NA
"1041","2:127768188|127771004",NA,2,NA
"1042","2:127989563|127989866",NA,2,NA
"1043","2:128010268|128013154",NA,NA,1
"1044","2:128186682|128187614",NA,NA,4
"1045","2:135313488|135315530",NA,3,NA
"1046","2:135769768|135770735",NA,1,NA
"1047","2:147896300|147899898",NA,4,NA
"1048","2:147972738|147975975",NA,5,NA
"1049","2:148769240|148769408",NA,4,NA
"1050","2:148968007|148968730",NA,NA,2
"1051","2:151414822|151416901",1,4,NA
"1052","2:157049148|157049302",NA,NA,2
"1053","2:158661450|158661611",NA,3,NA
"1054","2:159373044|159374753",NA,4,NA
"1055","2:159389344|159400664",NA,3,NA
"1056","2:159967538|159969359",NA,NA,3
"1057","2:159967538|159987358",NA,7,NA
"1058","2:160123790|160126601",NA,9,2
"1059","2:16073442|16073690",NA,NA,1
"1060","2:161179613|161204793",NA,3,NA
"1061","2:161367477|161371322",NA,4,NA
"1062","2:161371322|161371479",3,NA,NA
"1063","2:161771054|161771245",NA,NA,1
"1064","2:164743686|164779785",NA,2,NA
"1065","2:168129540|168140758",NA,2,NA
"1066","2:168715129|168715394",NA,NA,1
"1067","2:168715129|168715476",NA,NA,1
"1068","2:169307280|169320884",NA,NA,1
"1069","2:169318761|169320884",NA,2,NA
"1070","2:171028338|171046362",NA,NA,2
"1071","2:171081639|171117857",NA,5,NA
"1072","2:171925536|171953001",NA,4,NA
"1073","2:17708638|17731139",NA,NA,1
"1074","2:177697331|177701211",NA,5,NA
"1075","2:177816828|177840383",NA,3,1
"1076","2:178324269|178324527",3,NA,NA
"1077","2:183001952|183023916",NA,3,NA
"1078","2:200416378|200419496",NA,3,NA
"1079","2:200419249|200419496",NA,3,NA
"1080","2:201307518|201309250",NA,4,NA
"1081","2:205440369|205440672",NA,13,NA
"1082","2:207976650|207977586",NA,1,NA
"1083","2:21023219|21023524",NA,2,NA
"1084","2:211722392|211725194",NA,1,NA
"1085","2:215370115|215370293",NA,NA,1
"1086","2:219210533|219210710",NA,2,NA
"1087","2:219301984|219302136",1,NA,NA
"1088","2:219638253|219638436",1,NA,NA
"1089","2:221482351|221501172",NA,1,NA
"1090","2:223894233|223895630",NA,2,NA
"1091","2:226906792|226914351",NA,5,2
"1092","2:229768615|229771632",NA,2,NA
"1093","2:23027707|23027866",NA,NA,4
"1094","2:231460151|231460866",NA,NA,1
"1095","2:235740962|235750488",NA,NA,1
"1096","2:235883344|235908906",NA,2,1
"1097","2:235930764|235968623",NA,4,NA
"1098","2:238093860|238094522",NA,NA,1
"1099","2:23823257|23823569",NA,14,5
"1100","2:239176412|239352918",NA,2,NA
"1101","2:23958300|23984831",NA,6,NA
"1102","2:23982895|23984831",NA,NA,1
"1103","2:24076969|24077144",NA,1,NA
"1104","2:24082784|24083000",1,NA,NA
"1105","2:241342991|241348191",NA,1,NA
"1106","2:241343751|241348191",NA,4,1
"1107","2:241799154|241799307",2,NA,NA
"1108","2:24564294|24584560",NA,NA,2
"1109","2:25133014|25133182",6,NA,NA
"1110","2:25576837|25580826",NA,18,NA
"1111","2:25576837|25596240",NA,2,NA
"1112","2:25607235|25628384",NA,1,NA
"1113","2:25799384|25806337",NA,NA,3
"1114","2:26098661|26109906",NA,NA,4
"1115","2:26373366|26375148",NA,2,NA
"1116","2:27493736|27493929",NA,NA,1
"1117","2:28783906|28788809",NA,2,NA
"1118","2:30525586|30533314",NA,6,NA
"1119","2:30757843|30758045",1,NA,NA
"1120","2:31375379|31377237",NA,9,NA
"1121","2:31387810|31398699",NA,1,NA
"1122","2:32114637|32116212",NA,3,NA
"1123","2:32510525|32513154",NA,NA,2
"1124","2:33585159|33585311",NA,NA,1
"1125","2:36441257|36442735",NA,4,NA
"1126","2:36441257|36464655",NA,1,NA
"1127","2:37037854|37041292",NA,2,NA
"1128","2:37049652|37057480",NA,7,NA
"1129","2:37056439|37057480",NA,3,NA
"1130","2:37119958|37122664",NA,3,1
"1131","2:38880178|38881578",NA,1,NA
"1132","2:42718987|42723035",NA,2,NA
"1133","2:43428099|43430302",NA,2,NA
"1134","2:43505621|43527988",NA,6,NA
"1135","2:43789632|43794643",NA,2,NA
"1136","2:43912431|43918398",NA,6,NA
"1137","2:46974972|46978907",NA,3,NA
"1138","2:47005921|47029384",NA,1,NA
"1139","2:47822217|47823360",NA,6,NA
"1140","2:53794344|53796013",NA,4,NA
"1141","2:54948881|54950779",NA,3,NA
"1142","2:61115978|61118116",NA,6,NA
"1143","2:61178980|61186497",NA,9,NA
"1144","2:61300950|61301454",NA,3,NA
"1145","2:61522610|61533903",NA,6,NA
"1146","2:61883458|61885072",NA,1,NA
"1147","2:63856305|63857936",NA,59,11
"1148","2:63949036|63965966",NA,5,NA
"1149","2:65001447|65010763",NA,8,NA
"1150","2:69363544|69374113",NA,NA,1
"1151","2:69988741|69996888",NA,1,NA
"1152","2:71520208|71520373",1,NA,NA
"1153","2:71526219|71528401",NA,3,NA
"1154","2:72718102|72733118",NA,1,NA
"1155","2:74657951|74658139",1,NA,NA
"1156","2:75518055|75522487",NA,NA,2
"1157","2:87146629|87146795",1,NA,NA
"1158","2:94874108|94874326",NA,NA,2
"1159","2:9521202|9523338",NA,2,NA
"1160","2:96019700|96019866",NA,5,NA
"1161","2:96842059|96842511",NA,4,NA
"1162","2:99194750|99195756",NA,4,NA
"1163","2:99462495|99464985",NA,6,NA
"1164","20:13569506|13587370",NA,NA,4
"1165","20:18551088|18554390",NA,4,NA
"1166","20:19956614|19960811",NA,NA,1
"1167","20:19990005|19992299",NA,1,NA
"1168","20:19990311|19990520",2,NA,NA
"1169","20:20026919|20027086",1,NA,NA
"1170","20:21340720|21346550",NA,3,NA
"1171","20:21365420|21368590",NA,7,NA
"1172","20:2948024|2948196",NA,NA,2
"1173","20:2986764|2988474",NA,1,NA
"1174","20:30350139|30350331",NA,NA,1
"1175","20:32316217|32316874",NA,4,NA
"1176","20:32366383|32369123",NA,10,NA
"1177","20:32788853|32792770",NA,NA,4
"1178","20:33619516|33623296",NA,NA,2
"1179","20:34096656|34098633",NA,1,NA
"1180","20:35016007|35021356",NA,1,NA
"1181","20:35630438|35631034",NA,2,NA
"1182","20:35655201|35658982",NA,2,NA
"1183","20:35655201|35659014",NA,5,NA
"1184","20:35729311|35732135",NA,5,NA
"1185","20:35842572|35858381",NA,3,NA
"1186","20:36607714|36609730",NA,13,NA
"1187","20:36632378|36632594",3,NA,NA
"1188","20:37047052|37055656",NA,2,NA
"1189","20:37508858|37509103",2,NA,NA
"1190","20:41112781|41114155",NA,NA,3
"1191","20:41267462|41269083",NA,7,NA
"1192","20:41512845|41514952",NA,5,1
"1193","20:41512845|41533570",NA,NA,1
"1194","20:45802057|45802220",NA,NA,1
"1195","20:47736702|47757463",NA,5,NA
"1196","20:48011038|48011248",1,NA,NA
"1197","20:48649703|48649995",1,NA,NA
"1198","20:48953555|48963898",NA,6,1
"1199","20:50581460|50581646",NA,NA,2
"1200","20:51712965|51729978",NA,2,NA
"1201","20:55468214|55469111",NA,NA,2
"1202","20:58438944|58441083",NA,11,3
"1203","20:58714670|58714894",2,NA,NA
"1204","20:62139074|62140944",NA,1,NA
"1205","20:62286582|62289330",NA,5,1
"1206","20:62336229|62336339",1,NA,NA
"1207","20:63354375|63354532",1,NA,NA
"1208","20:63680719|63680949",NA,1,NA
"1209","20:63775677|63790790",NA,5,NA
"1210","21:10552716|10552869",NA,NA,1
"1211","21:15014343|15043574",NA,10,3
"1212","21:15194134|15194335",1,NA,NA
"1213","21:15762890|15766141",NA,NA,1
"1214","21:15762890|15791664",NA,2,NA
"1215","21:18312567|18312944",2,NA,NA
"1216","21:26021839|26022042",NA,2,NA
"1217","21:26050999|26112146",NA,3,NA
"1218","21:29321220|29321514",NA,3,NA
"1219","21:33432176|33432871",NA,8,NA
"1220","21:33818266|33829745",NA,5,NA
"1221","21:34834409|34859578",NA,2,NA
"1222","21:36247516|36248568",NA,5,1
"1223","21:36263545|36270157",NA,NA,1
"1224","21:37072636|37072990",NA,6,NA
"1225","21:41225695|41225851",NA,NA,2
"1226","21:41488393|41489593",NA,NA,1
"1227","21:41854565|41860372",NA,3,NA
"1228","21:42137641|42137764",1,NA,NA
"1229","21:42477094|42477290",NA,2,NA
"1230","21:42477176|42477290",1,NA,NA
"1231","21:42554061|42559089",NA,1,NA
"1232","21:42883605|42886959",NA,NA,1
"1233","21:43417365|43417542",NA,NA,1
"1234","21:43644288|43656737",NA,1,NA
"1235","21:44290068|44290237",1,NA,NA
"1236","21:44401897|44402630",NA,NA,4
"1237","21:44424939|44425105",NA,NA,2
"1238","21:44424939|44425119",NA,NA,1
"1239","21:46318559|46318784",1,NA,NA
"1240","21:46349011|46349820",NA,18,4
"1241","21:46412992|46413112",NA,NA,1
"1242","21:8409390|8409549",1,NA,NA
"1243","22:17103577|17103801",NA,NA,1
"1244","22:17145023|17149745",NA,12,NA
"1245","22:17655661|17689142",NA,NA,2
"1246","22:19383619|19385736",NA,2,NA
"1247","22:20010285|20010454",NA,NA,2
"1248","22:20974296|20974415",NA,1,NA
"1249","22:23292540|23295155",NA,6,NA
"1250","22:23659864|23683867",NA,NA,3
"1251","22:23791755|23793688",NA,1,NA
"1252","22:24035443|24038461",NA,1,NA
"1253","22:24302194|24313466",NA,13,NA
"1254","22:24334409|24338477",NA,NA,2
"1255","22:25375812|25376008",NA,4,NA
"1256","22:25375812|25381578",NA,4,NA
"1257","22:25455711|25459515",NA,2,NA
"1258","22:25661575|25674528",NA,4,NA
"1259","22:25678815|25690283",NA,1,NA
"1260","22:29121356|29125416",NA,4,NA
"1261","22:29738329|29742480",NA,1,NA
"1262","22:29793359|29793676",NA,4,NA
"1263","22:29978441|29991670",NA,5,NA
"1264","22:30009129|30009479",NA,2,NA
"1265","22:30946850|30947013",NA,NA,1
"1266","22:31648100|31650778",NA,NA,2
"1267","22:31758545|31765060",NA,2,NA
"1268","22:31758545|31778168",NA,1,NA
"1269","22:31821501|31838845",NA,1,NA
"1270","22:36872425|36872580",1,NA,NA
"1271","22:37052632|37052783",1,NA,NA
"1272","22:37060922|37061097",NA,1,NA
"1273","22:37311064|37311215",1,NA,NA
"1274","22:37311064|37311216",2,NA,NA
"1275","22:37687909|37688992",NA,2,NA
"1276","22:37768073|37769375",NA,4,NA
"1277","22:37977866|37978652",NA,NA,1
"1278","22:39501724|39501878",1,NA,NA
"1279","22:40270121|40273600",NA,5,NA
"1280","22:40409018|40409129",NA,NA,1
"1281","22:41274346|41274599",NA,3,NA
"1282","22:41342528|41343576",NA,7,3
"1283","22:41808874|41810291",NA,6,NA
"1284","22:41808874|41813822",NA,NA,2
"1285","22:42909426|42912157",NA,NA,4
"1286","22:45323427|45323585",NA,NA,1
"1287","22:45328063|45328391",10,7,20
"1288","22:45729424|45740538",NA,3,NA
"1289","22:46626750|46637960",NA,15,NA
"1290","22:46974289|46997709",NA,NA,2
"1291","22:50504031|50504339",NA,2,NA
"1292","3:100732507|100736716",NA,5,NA
"1293","3:101731839|101732654",NA,4,NA
"1294","3:11014184|11014385",NA,NA,3
"1295","3:113488944|113506605",NA,NA,1
"1296","3:113901030|113904272",NA,5,NA
"1297","3:113901146|113901317",NA,NA,1
"1298","3:114900303|115071414",NA,4,NA
"1299","3:119500694|119504021",NA,15,NA
"1300","3:119500694|119513719",NA,8,NA
"1301","3:119503531|119513719",NA,1,NA
"1302","3:120908800|120908981",1,NA,NA
"1303","3:122425658|122425841",NA,NA,1
"1304","3:123124065|123124343",NA,3,NA
"1305","3:123124065|123130616",NA,2,2
"1306","3:12572068|12572373",NA,2,NA
"1307","3:125848229|125848447",NA,1,NA
"1308","3:126109943|126125721",NA,2,NA
"1309","3:126647006|126647235",1,NA,NA
"1310","3:127710575|127722566",NA,NA,1
"1311","3:129265548|129267099",NA,2,1
"1312","3:129458598|129464781",NA,4,NA
"1313","3:129857249|129880559",NA,8,NA
"1314","3:129880308|129880559",NA,3,NA
"1315","3:131162407|131170887",NA,1,NA
"1316","3:131468090|131471279",NA,NA,1
"1317","3:134188836|134195182",NA,15,NA
"1318","3:136260478|136262065",NA,NA,1
"1319","3:136604308|136604473",NA,2,3
"1320","3:138284430|138290639",NA,1,NA
"1321","3:138570317|138571356",NA,NA,1
"1322","3:138712207|138714719",NA,5,NA
"1323","3:14149997|14150257",NA,2,NA
"1324","3:14513497|14513664",NA,NA,1
"1325","3:146121111|146124229",NA,2,NA
"1326","3:146463663|146463834",3,NA,NA
"1327","3:149074214|149076047",NA,1,NA
"1328","3:149846010|149872154",NA,1,NA
"1329","3:15220780|15223561",NA,7,NA
"1330","3:154194643|154217958",NA,NA,2
"1331","3:154194643|154226010",NA,1,NA
"1332","3:154217868|154226010",NA,2,NA
"1333","3:154295110|154295283",2,NA,NA
"1334","3:155893517|155911279",NA,4,NA
"1335","3:158122102|158123991",NA,4,1
"1336","3:161224929|161235212",NA,2,NA
"1337","3:167735325|167735504",3,NA,NA
"1338","3:169976945|169988359",NA,3,NA
"1339","3:170145422|170149244",NA,14,NA
"1340","3:172112451|172133546",NA,NA,4
"1341","3:172112451|172226947",NA,13,2
"1342","3:172247532|172251541",NA,16,NA
"1343","3:175233930|175256530",NA,1,NA
"1344","3:175463400|175467184",NA,3,NA
"1345","3:175737305|175755418",NA,3,NA
"1346","3:181438437|181438597",2,NA,NA
"1347","3:183057310|183071357",NA,NA,2
"1348","3:183070998|183071357",NA,4,3
"1349","3:184324200|184325114",NA,8,NA
"1350","3:184936245|184957521",NA,1,NA
"1351","3:185687056|185689627",NA,11,NA
"1352","3:186108174|186108456",NA,2,NA
"1353","3:188484591|188524787",NA,NA,2
"1354","3:189972715|189972873",1,NA,NA
"1355","3:193466024|193467486",NA,2,NA
"1356","3:193466024|193470993",NA,3,NA
"1357","3:195688532|195689438",NA,12,NA
"1358","3:195699207|195699371",NA,NA,2
"1359","3:196391812|196407393",NA,1,NA
"1360","3:196487398|196488683",NA,6,NA
"1361","3:197081050|197085756",NA,NA,1
"1362","3:197827014|197827428",NA,NA,1
"1363","3:198038900|198039146",1,NA,NA
"1364","3:19950805|19951061",NA,NA,2
"1365","3:23954536|23956125",NA,2,NA
"1366","3:24297225|24318494",NA,3,NA
"1367","3:27448650|27452498",NA,2,NA
"1368","3:30623198|30650460",NA,NA,1
"1369","3:32159109|32159311",NA,NA,1
"1370","3:37129062|37149038",NA,7,NA
"1371","3:38100425|38100655",NA,NA,2
"1372","3:42184684|42189124",NA,5,NA
"1373","3:44392854|44396834",NA,NA,1
"1374","3:44945167|44959460",NA,2,NA
"1375","3:45112082|45112445",NA,1,NA
"1376","3:47037665|47046621",NA,NA,1
"1377","3:47042560|47046621",NA,6,NA
"1378","3:47062162|47098081",NA,2,NA
"1379","3:47265114|47265729",1,NA,NA
"1380","3:47425484|47428670",NA,11,3
"1381","3:47706408|47729094",NA,1,NA
"1382","3:47720665|47745993",NA,1,NA
"1383","3:47736033|47772936",NA,NA,2
"1384","3:48682768|48682868",NA,NA,1
"1385","3:50065030|50066502",NA,NA,1
"1386","3:51463113|51496780",NA,1,NA
"1387","3:51630271|51630931",NA,2,NA
"1388","3:52412810|52414587",NA,11,NA
"1389","3:52455734|52455978",NA,1,NA
"1390","3:52737585|52739634",NA,5,NA
"1391","3:52737585|52741499",NA,9,NA
"1392","3:52804009|52804197",1,NA,NA
"1393","3:52817807|52818051",NA,NA,1
"1394","3:52912537|52916214",NA,3,NA
"1395","3:52926030|52928341",NA,2,NA
"1396","3:53347154|53347382",1,NA,NA
"1397","3:56566593|56567053",NA,NA,3
"1398","3:58077045|58081776",NA,NA,1
"1399","3:59885993|59886219",1,NA,NA
"1400","3:62550688|62550844",NA,NA,2
"1401","3:65361198|65364946",NA,1,NA
"1402","3:66451558|66462509",NA,NA,1
"1403","3:67495797|67498295",NA,NA,1
"1404","3:67495797|67508903",NA,3,NA
"1405","3:67746770|67768433",NA,3,NA
"1406","3:69027899|69030007",NA,3,NA
"1407","3:69042654|69042806",2,NA,NA
"1408","3:72841044|72842402",NA,3,NA
"1409","3:9192995|9193154",1,NA,NA
"1410","3:94003658|94003908",NA,5,NA
"1411","3:9470929|9471212",NA,2,NA
"1412","3:9750944|9751949",NA,NA,2
"1413","3:98822227|98822741",NA,NA,1
"1414","4:102304316|102315830",NA,3,NA
"1415","4:105233896|105237351",NA,7,NA
"1416","4:119217673|119217830",NA,2,NA
"1417","4:121804621|121810099",NA,2,NA
"1418","4:1225359|1238337",NA,1,NA
"1419","4:128074459|128077962",NA,7,1
"1420","4:128992166|129003876",NA,NA,1
"1421","4:129038864|129039040",NA,NA,2
"1422","4:139067683|139073567",NA,1,NA
"1423","4:139071865|139073567",NA,NA,8
"1424","4:139336847|139341069",NA,NA,3
"1425","4:139889356|139890967",NA,5,NA
"1426","4:143543508|143543972",NA,98,4
"1427","4:143876569|143876745",NA,NA,3
"1428","4:145542698|145542860",1,NA,NA
"1429","4:145845955|145849561",NA,1,NA
"1430","4:147822726|147822957",NA,6,NA
"1431","4:150102477|150102812",NA,4,NA
"1432","4:150436343|150436723",1,NA,NA
"1433","4:150735257|150808398",NA,3,NA
"1434","4:152330731|152337936",NA,1,NA
"1435","4:152411302|152412529",NA,10,NA
"1436","4:159186641|159210583",NA,NA,5
"1437","4:159238808|159304473",NA,14,NA
"1438","4:159322346|159330010",NA,5,NA
"1439","4:169507036|169508852",NA,2,NA
"1440","4:169507036|169537911",NA,3,NA
"1441","4:17501718|17509363",NA,3,NA
"1442","4:17961902|17972885",NA,2,NA
"1443","4:185175785|185176051",NA,4,NA
"1444","4:186149172|186152045",NA,NA,1
"1445","4:21544056|21544389",NA,NA,1
"1446","4:24853071|24876697",NA,3,NA
"1447","4:2954423|2956811",NA,NA,3
"1448","4:3127263|3140656",NA,NA,4
"1449","4:3442118|3442281",1,NA,NA
"1450","4:37631384|37638504",NA,6,1
"1451","4:38089931|38103157",NA,9,6
"1452","4:39326562|39327756",NA,1,NA
"1453","4:39913610|39920399",NA,6,NA
"1454","4:40432650|40432862",NA,4,NA
"1455","4:40890363|40893411",NA,8,NA
"1456","4:41100638|41143142",NA,NA,4
"1457","4:4459117|4459371",NA,NA,1
"1458","4:48387466|48387622",2,NA,NA
"1459","4:48501622|48505615",NA,2,NA
"1460","4:48831141|48831215",NA,NA,1
"1461","4:506866|507060",NA,NA,1
"1462","4:53145332|53145582",NA,3,NA
"1463","4:53414614|53428183",NA,NA,1
"1464","4:6598197|6600756",NA,1,NA
"1465","4:67834902|67835082",1,NA,NA
"1466","4:6999084|7004924",NA,NA,7
"1467","4:73064777|73065413",NA,8,NA
"1468","4:74174505|74201370",NA,12,5
"1469","4:74174505|74225394",NA,21,NA
"1470","4:74174505|74281550",NA,NA,3
"1471","4:75648638|75655870",NA,4,NA
"1472","4:75757573|75757843",NA,1,NA
"1473","4:77773080|77776392",NA,4,NA
"1474","4:7868621|7872080",NA,3,NA
"1475","4:82854902|82857764",NA,2,NA
"1476","4:82871943|82875822",NA,7,NA
"1477","4:82970326|82979006",NA,1,NA
"1478","4:83588209|83594960",NA,1,NA
"1479","4:8451959|8452989",NA,NA,2
"1480","4:87195323|87195690",NA,14,NA
"1481","4:88061905|88065879",NA,10,NA
"1482","4:88099323|88101319",NA,NA,3
"1483","4:9826419|9835008",NA,3,NA
"1484","4:98420018|98421394",NA,NA,1
"1485","4:9941912|9996941",NA,1,NA
"1486","4:9980591|9996941",NA,4,NA
"1487","4:9985668|9996941",NA,1,NA
"1488","5:10415487|10417404",NA,20,3
"1489","5:119240418|119244576",NA,3,NA
"1490","5:126559239|126568356",NA,3,2
"1491","5:128334564|128334718",NA,5,NA
"1492","5:131987891|131988047",NA,NA,3
"1493","5:132892163|132893118",NA,7,6
"1494","5:133000131|133006920",NA,5,NA
"1495","5:134666822|134671886",NA,1,NA
"1496","5:134909002|134909178",NA,NA,2
"1497","5:135369405|135370142",NA,5,NA
"1498","5:136046495|136046764",NA,NA,1
"1499","5:136992679|136992869",NA,NA,1
"1500","5:137942874|137943216",NA,4,NA
"1501","5:137985256|137988315",NA,27,4
"1502","5:138568924|138571141",NA,8,NA
"1503","5:13859451|13891121",NA,1,NA
"1504","5:138886211|138904441",NA,8,NA
"1505","5:139121034|139127853",NA,7,NA
"1506","5:139278326|139279129",NA,NA,4
"1507","5:139325295|139326284",NA,1,NA
"1508","5:139363758|139364743",NA,NA,1
"1509","5:141582311|141583615",NA,7,NA
"1510","5:142873399|142885399",NA,6,NA
"1511","5:143054438|143057747",NA,3,2
"1512","5:143147230|143166097",NA,5,NA
"1513","5:145796441|145826200",NA,3,NA
"1514","5:146059865|146062734",NA,2,NA
"1515","5:146254942|146258593",NA,3,NA
"1516","5:14678680|14681607",NA,2,NA
"1517","5:14741826|14751239",NA,2,NA
"1518","5:150541569|150542971",NA,2,NA
"1519","5:154033790|154034967",NA,13,NA
"1520","5:154902538|154904629",NA,2,NA
"1521","5:157106626|157106962",NA,2,NA
"1522","5:159416641|159416798",NA,NA,2
"1523","5:160684671|160684834",3,NA,NA
"1524","5:163512196|163512353",NA,NA,1
"1525","5:168453967|168455520",NA,3,NA
"1526","5:176975395|176982623",NA,3,NA
"1527","5:179378367|179378535",NA,NA,1
"1528","5:179593477|179596681",NA,2,NA
"1529","5:179708238|179709059",NA,2,NA
"1530","5:180238331|180241155",1,7,7
"1531","5:180569109|180571432",NA,NA,3
"1532","5:181241491|181242345",NA,15,4
"1533","5:21491320|21495182",NA,NA,1
"1534","5:21491320|21501826",NA,1,NA
"1535","5:31995575|32010482",NA,10,1
"1536","5:32135571|32143880",NA,2,NA
"1537","5:34020586|34035758",NA,2,NA
"1538","5:34179012|34182867",NA,4,1
"1539","5:35012775|35012953",NA,NA,2
"1540","5:36211843|36227565",NA,3,NA
"1541","5:37125243|37139370",NA,2,NA
"1542","5:38990948|39021136",NA,3,NA
"1543","5:39002534|39021136",NA,2,NA
"1544","5:40728344|40730343",NA,1,NA
"1545","5:423977|424144",1,NA,NA
"1546","5:474046|474219",NA,NA,2
"1547","5:57230845|57231321",NA,6,5
"1548","5:57494074|57496917",NA,NA,1
"1549","5:62363177|62363899",NA,2,NA
"1550","5:64804228|64804386",NA,5,NA
"1551","5:65260327|65260599",NA,NA,1
"1552","5:6584695|6585035",NA,3,NA
"1553","5:69299849|69300011",1,NA,NA
"1554","5:69391830|69393500",NA,1,NA
"1555","5:69914157|69916255",NA,1,NA
"1556","5:71501561|71512428",NA,2,NA
"1557","5:71626639|71635246",NA,3,NA
"1558","5:72851319|72851484",NA,NA,1
"1559","5:73074741|73077493",NA,5,3
"1560","5:74745677|74750667",NA,7,NA
"1561","5:75581208|75583417",NA,NA,4
"1562","5:77118319|77118521",NA,5,NA
"1563","5:77451290|77463226",NA,2,NA
"1564","5:79439009|79447145",NA,NA,2
"1565","5:80146089|80147284",NA,2,NA
"1566","5:80158835|80178064",NA,1,NA
"1567","5:80174953|80178064",NA,3,NA
"1568","5:83195936|83196133",2,NA,NA
"1569","5:95755395|95763620",NA,41,5
"1570","5:95763507|95783963",NA,1,NA
"1571","6:10400447|10402610",NA,NA,1
"1572","6:104744159|104750472",NA,1,NA
"1573","6:104833041|104843298",NA,2,NA
"1574","6:109641517|109644688",NA,9,NA
"1575","6:110217701|110219869",NA,13,NA
"1576","6:110887504|110890356",NA,5,NA
"1577","6:111262256|111263946",NA,NA,2
"1578","6:116689319|116692392",NA,20,NA
"1579","6:121241005|121241464",1,NA,NA
"1580","6:129050088|129050254",NA,NA,1
"1581","6:135039572|135042126",NA,3,NA
"1582","6:135201749|135201930",NA,1,NA
"1583","6:13579450|13584225",NA,9,NA
"1584","6:136388392|136389517",NA,8,9
"1585","6:13639562|13641307",NA,4,NA
"1586","6:138943512|138944622",NA,3,NA
"1587","6:144537581|144539443",NA,5,NA
"1588","6:144554687|144554893",NA,NA,1
"1589","6:149342684|149370099",NA,5,NA
"1590","6:149578821|149582603",NA,5,NA
"1591","6:150944485|150949133",NA,3,NA
"1592","6:151842596|151880771",NA,NA,3
"1593","6:152149196|152149476",1,NA,NA
"1594","6:15452005|15468718",NA,2,NA
"1595","6:154787860|154792976",NA,5,NA
"1596","6:157921530|157927214",NA,3,NA
"1597","6:158725502|158762178",NA,2,NA
"1598","6:159682473|159685033",NA,2,NA
"1599","6:159682473|159688242",NA,3,NA
"1600","6:159742087|159743792",NA,NA,1
"1601","6:163455278|163478896",NA,7,NA
"1602","6:16585779|16657901",NA,5,NA
"1603","6:16657775|16753347",NA,1,2
"1604","6:167022408|167024894",NA,1,2
"1605","6:167022408|167033971",NA,NA,2
"1606","6:167925091|167925282",NA,3,NA
"1607","6:168608239|168608444",NA,NA,2
"1608","6:169035387|169035572",1,NA,NA
"1609","6:17836877|17837583",NA,1,NA
"1610","6:18212487|18213781",NA,2,NA
"1611","6:18215006|18217885",NA,1,NA
"1612","6:18236451|18237516",NA,1,NA
"1613","6:1930102|1960966",NA,7,NA
"1614","6:20144219|20152769",NA,2,NA
"1615","6:21666403|21666645",NA,NA,1
"1616","6:24416396|24418578",NA,3,NA
"1617","6:27132295|27132524",NA,1,NA
"1618","6:30061514|30062333",NA,5,NA
"1619","6:30650993|30651466",NA,NA,1
"1620","6:30665312|30665478",NA,NA,3
"1621","6:30912458|30912610",NA,NA,2
"1622","6:31996600|31996828",NA,1,NA
"1623","6:32330430|32330588",NA,NA,3
"1624","6:33412793|33412953",1,NA,NA
"1625","6:33659549|33659894",NA,3,NA
"1626","6:35312301|35312772",NA,NA,1
"1627","6:36218010|36218226",2,NA,NA
"1628","6:42573733|42573993",NA,NA,2
"1629","6:42592150|42594304",NA,7,NA
"1630","6:47253255|47286595",NA,3,NA
"1631","6:4891712|4892379",NA,6,NA
"1632","6:53273219|53275261",NA,4,NA
"1633","6:5404541|5431172",NA,6,2
"1634","6:7176654|7189322",NA,5,1
"1635","6:75633726|75634084",2,NA,NA
"1636","6:75886003|75886994",NA,4,NA
"1637","6:79042842|79060818",NA,1,NA
"1638","6:82957311|83044659",NA,4,NA
"1639","6:85618817|85619417",NA,10,4
"1640","6:89722954|89725396",NA,2,NA
"1641","6:90303417|90303623",1,NA,NA
"1642","6:97282882|97283044",NA,NA,1
"1643","7:100812746|100813208",NA,29,11
"1644","7:101239962|101240141",NA,NA,1
"1645","7:102227366|102227669",NA,6,NA
"1646","7:102397619|102399648",NA,7,2
"1647","7:102399547|102404683",NA,NA,1
"1648","7:102541349|102541500",NA,1,NA
"1649","7:102640460|102640611",NA,1,NA
"1650","7:102757853|102761411",NA,2,1
"1651","7:103321931|103322794",NA,4,NA
"1652","7:105062163|105091314",NA,NA,1
"1653","7:105160506|105168095",NA,3,NA
"1654","7:105459167|105465414",NA,2,NA
"1655","7:105462620|105468463",NA,2,NA
"1656","7:106097689|106099282",NA,1,NA
"1657","7:107362032|107372760",NA,3,NA
"1658","7:107372343|107372594",2,NA,NA
"1659","7:1087244|1087426",NA,NA,2
"1660","7:11446060|11447424",NA,4,NA
"1661","7:118185646|118188405",NA,12,NA
"1662","7:122379367|122393582",NA,1,NA
"1663","7:127704838|127721400",NA,3,4
"1664","7:128479157|128480696",NA,1,NA
"1665","7:128579998|128592017",NA,4,NA
"1666","7:129014978|129018157",NA,3,NA
"1667","7:130304477|130306897",NA,3,NA
"1668","7:130945719|131052555",NA,2,NA
"1669","7:135193230|135193672",NA,6,NA
"1670","7:137903958|137908436",NA,2,NA
"1671","7:139715931|139717015",NA,NA,1
"1672","7:140355667|140358785",NA,5,1
"1673","7:140702865|140704963",NA,1,2
"1674","7:143399488|143399650",1,NA,NA
"1675","7:1438839|1438991",NA,NA,1
"1676","7:148846469|148847305",NA,1,NA
"1677","7:1489414|1489590",NA,NA,3
"1678","7:149018991|149021147",NA,NA,4
"1679","7:149153944|149154340",NA,13,NA
"1680","7:149779107|149779292",NA,NA,1
"1681","7:150852190|150852377",NA,2,NA
"1682","7:151117094|151118632",NA,4,NA
"1683","7:151192518|151192742",NA,NA,1
"1684","7:151477332|151498180",NA,1,NA
"1685","7:151484736|151498180",NA,2,NA
"1686","7:152309965|152315338",NA,3,NA
"1687","7:156756392|156826744",NA,1,NA
"1688","7:156826604|156836885",NA,7,NA
"1689","7:157358546|157367483",NA,1,NA
"1690","7:157363160|157367483",NA,1,NA
"1691","7:158667383|158668395",NA,NA,1
"1692","7:158667470|158668395",NA,NA,2
"1693","7:158667499|158668162",NA,NA,1
"1694","7:158667846|158668395",NA,NA,1
"1695","7:158759485|158764853",NA,8,NA
"1696","7:16681300|16689906",NA,2,3
"1697","7:17814833|17875790",NA,1,NA
"1698","7:2229983|2230727",NA,6,NA
"1699","7:23185069|23187146",NA,7,NA
"1700","7:23507419|23513082",NA,2,NA
"1701","7:2364371|2366448",NA,5,NA
"1702","7:2374606|2375344",2,NA,NA
"1703","7:24620051|24650712",NA,7,NA
"1704","7:24623662|24641868",NA,1,NA
"1705","7:24623662|24650712",NA,NA,1
"1706","7:24623665|24641868",NA,1,NA
"1707","7:26206367|26208555",NA,NA,3
"1708","7:27629370|27632445",NA,22,1
"1709","7:27629370|27649633",NA,9,1
"1710","7:27748517|27758133",NA,4,NA
"1711","7:27765833|27766021",NA,5,NA
"1712","7:27796115|27800090",NA,NA,1
"1713","7:30550635|30562128",NA,2,NA
"1714","7:30655423|30655579",NA,NA,1
"1715","7:32988506|32988652",NA,1,1
"1716","7:43639448|43640649",NA,21,2
"1717","7:44106887|44107040",1,NA,NA
"1718","7:44674410|44675268",NA,1,NA
"1719","7:50669721|50703908",NA,NA,1
"1720","7:50703820|50710990",NA,8,NA
"1721","7:56078101|56078508",NA,1,NA
"1722","7:56083277|56083715",NA,10,1
"1723","7:5912842|5923962",NA,1,NA
"1724","7:5923386|5923962",NA,12,1
"1725","7:64336258|64336982",NA,NA,3
"1726","7:6466070|6469754",NA,1,NA
"1727","7:66573384|66576929",NA,3,3
"1728","7:66573384|66576932",NA,3,NA
"1729","7:66993216|66994341",NA,6,1
"1730","7:67098540|67117618",NA,1,NA
"1731","7:677228|711527",NA,11,NA
"1732","7:6800947|6801523",NA,8,1
"1733","7:6800947|6812063",NA,2,NA
"1734","7:69899285|69899498",NA,5,2
"1735","7:72807065|72807356",NA,9,4
"1736","7:72890626|72891110",NA,3,NA
"1737","7:73115183|73115356",NA,NA,1
"1738","7:73190065|73191554",NA,1,NA
"1739","7:73229566|73230260",NA,2,NA
"1740","7:73595358|73595636",NA,3,NA
"1741","7:73686635|73687095",NA,5,NA
"1742","7:74356409|74357477",NA,4,NA
"1743","7:74782938|74783632",NA,NA,4
"1744","7:74832804|74836383",NA,NA,1
"1745","7:74887682|74888397",NA,3,NA
"1746","7:75057528|75070769",NA,NA,4
"1747","7:75474703|75475188",NA,2,NA
"1748","7:75515717|75526007",NA,2,NA
"1749","7:76618182|76618615",NA,1,NA
"1750","7:770470|775162",NA,2,NA
"1751","7:77109937|77113483",NA,1,NA
"1752","7:77254563|77254778",1,NA,NA
"1753","7:77765494|77773314",NA,4,NA
"1754","7:854919|857957",NA,8,NA
"1755","7:95111258|95120832",NA,6,NA
"1756","7:96208837|96277338",NA,1,NA
"1757","7:99388038|99390012",NA,2,1
"1758","8:100287500|100288267",NA,6,NA
"1759","8:100704296|100705673",NA,4,NA
"1760","8:102360070|102361626",NA,19,NA
"1761","8:103246293|103246684",NA,1,NA
"1762","8:10826151|10832984",NA,3,NA
"1763","8:11304840|11319838",NA,5,NA
"1764","8:115587000|115587604",NA,2,NA
"1765","8:115587000|115623758",NA,8,NA
"1766","8:116655855|116658980",NA,NA,4
"1767","8:119928399|119929938",NA,NA,2
"1768","8:120001524|120009133",NA,2,NA
"1769","8:120315586|120315774",NA,7,NA
"1770","8:124538689|124539024",1,NA,NA
"1771","8:125049005|125050665",NA,9,NA
"1772","8:127890588|127890998",NA,10,NA
"1773","8:129552504|129552681",NA,4,NA
"1774","8:130236921|130358143",NA,3,NA
"1775","8:130248517|130248693",NA,NA,2
"1776","8:132077557|132077725",1,NA,NA
"1777","8:135542653|135582073",NA,5,NA
"1778","8:139885878|139910300",NA,2,NA
"1779","8:140864311|140890769",NA,1,NA
"1780","8:141151618|141155970",NA,3,NA
"1781","8:143579853|143580011",2,NA,NA
"1782","8:143823170|143823323",NA,2,2
"1783","8:144190783|144200541",NA,12,NA
"1784","8:144464290|144464459",1,NA,NA
"1785","8:144512391|144512561",NA,1,NA
"1786","8:17589467|17589765",NA,3,NA
"1787","8:17950614|17953186",NA,9,NA
"1788","8:18867673|18872733",NA,NA,3
"1789","8:19826425|19830559",NA,2,NA
"1790","8:21977769|21980203",NA,1,NA
"1791","8:22310074|22310248",NA,NA,1
"1792","8:25399910|25401066",NA,7,NA
"1793","8:27294079|27294310",NA,1,1
"1794","8:27525361|27536855",NA,NA,1
"1795","8:27748076|27748279",NA,NA,3
"1796","8:28028995|28029265",NA,2,NA
"1797","8:28360651|28360884",NA,NA,1
"1798","8:30888467|30888635",NA,3,NA
"1799","8:37765525|37766355",NA,10,2
"1800","8:37877108|37877551",NA,3,5
"1801","8:38114191|38119363",NA,2,NA
"1802","8:38429681|38429948",NA,1,NA
"1803","8:39136656|39151548",NA,1,NA
"1804","8:39160896|39169997",NA,NA,1
"1805","8:47279861|47294030",NA,2,NA
"1806","8:47284027|47294030",NA,1,NA
"1807","8:47407860|47440542",NA,1,NA
"1808","8:47595810|47599196",NA,1,NA
"1809","8:47927581|47927770",1,NA,NA
"1810","8:51339623|51345947",NA,4,NA
"1811","8:51860844|51861246",NA,12,NA
"1812","8:53984362|54000050",NA,1,NA
"1813","8:55941854|55947723",NA,5,NA
"1814","8:60584207|60591969",NA,2,NA
"1815","8:60794985|60801593",NA,6,NA
"1816","8:61680967|61684188",NA,38,4
"1817","8:66601697|66602523",NA,NA,1
"1818","8:66831253|66836074",NA,1,NA
"1819","8:67257731|67258290",NA,NA,3
"1820","8:70159504|70162854",NA,9,NA
"1821","8:70213902|70216764",NA,5,NA
"1822","8:70583163|70583793",NA,3,NA
"1823","8:73673106|73688813",NA,4,NA
"1824","8:73971906|73972076",NA,NA,1
"1825","8:85216307|85216497",NA,NA,1
"1826","8:85217055|85217385",NA,NA,1
"1827","8:88693665|88693834",2,NA,NA
"1828","8:94664696|94665196",NA,20,NA
"1829","8:9615677|9615862",NA,NA,1
"1830","8:98706466|98707311",NA,15,NA
"1831","9:101547398|101550785",NA,NA,4
"1832","9:101550785|101551068",NA,2,NA
"1833","9:104819763|104819926",1,NA,NA
"1834","9:109050282|109050692",NA,1,NA
"1835","9:109080838|109087342",NA,3,NA
"1836","9:110972072|110973558",NA,21,6
"1837","9:111440371|111444494",NA,NA,1
"1838","9:112149243|112157613",NA,2,NA
"1839","9:112250928|112252788",NA,4,NA
"1840","9:113256113|113257185",NA,1,NA
"1841","9:115076031|115076575",NA,1,NA
"1842","9:119208718|119214155",NA,2,NA
"1843","9:119238654|119249150",NA,6,NA
"1844","9:119313137|119313405",NA,3,NA
"1845","9:121860336|121870748",NA,2,NA
"1846","9:123557569|123583270",NA,4,NA
"1847","9:124301935|124313985",NA,NA,4
"1848","9:125263700|125263859",2,NA,NA
"1849","9:126392065|126421948",NA,3,NA
"1850","9:128179084|128179243",NA,NA,3
"1851","9:128492425|128492805",NA,1,1
"1852","9:128723721|128723951",NA,1,NA
"1853","9:128921668|128921840",1,NA,NA
"1854","9:129128984|129131639",NA,NA,2
"1855","9:129807187|129809032",NA,5,1
"1856","9:130458400|130458589",NA,1,NA
"1857","9:131111596|131117918",NA,2,NA
"1858","9:131162990|131164144",NA,1,NA
"1859","9:131430089|131432794",NA,4,NA
"1860","9:133066529|133067205",NA,6,2
"1861","9:133412298|133412921",NA,1,NA
"1862","9:134882525|134886564",NA,2,NA
"1863","9:135500997|135501973",NA,2,NA
"1864","9:135565801|135565980",1,NA,NA
"1865","9:135850136|135862608",NA,4,NA
"1866","9:135881632|135883078",NA,1,3
"1867","9:137050067|137050283",6,11,NA
"1868","9:137618373|137618530",NA,1,NA
"1869","9:14120190|14120439",1,NA,NA
"1870","9:14146688|14179780",NA,12,NA
"1871","9:15199860|15211397",NA,6,NA
"1872","9:15224169|15224339",NA,NA,3
"1873","9:17018789|17018986",NA,2,NA
"1874","9:19063007|19063580",NA,NA,1
"1875","9:19120879|19121165",NA,1,1
"1876","9:19356971|19358160",NA,6,NA
"1877","9:23522014|23540724",NA,5,NA
"1878","9:27944580|27944748",NA,2,NA
"1879","9:33135188|33135424",NA,NA,2
"1880","9:33271151|33278225",NA,2,NA
"1881","9:33886880|33912098",NA,7,NA
"1882","9:33953284|33956146",NA,9,1
"1883","9:33953284|33963791",NA,21,NA
"1884","9:33971650|33973237",NA,93,28
"1885","9:33971650|33989126",NA,6,NA
"1886","9:33986759|33998864",NA,1,NA
"1887","9:33986759|34017189",1,NA,NA
"1888","9:35236468|35243364",NA,NA,2
"1889","9:35558567|35559121",NA,NA,1
"1890","9:35841267|35841421",NA,NA,1
"1891","9:36197550|36199096",NA,5,NA
"1892","9:37424844|37426654",NA,44,NA
"1893","9:65682765|65693473",NA,NA,1
"1894","9:6880011|6893232",NA,23,NA
"1895","9:69220886|69252900",NA,NA,1
"1896","9:69449583|69476143",NA,1,NA
"1897","9:72694542|72700643",NA,4,NA
"1898","9:75016267|75017448",NA,NA,5
"1899","9:77425561|77434522",NA,3,NA
"1900","9:84702158|84710791",NA,20,NA
"1901","9:85692688|85712566",NA,2,NA
"1902","9:85956359|85962180",NA,4,NA
"1903","9:89404995|89405350",NA,NA,1
"1904","9:89605666|89605880",NA,2,1
"1905","9:93471140|93476338",NA,NA,4
"1906","9:94773001|94801002",NA,4,NA
"1907","9:94923985|94928531",NA,NA,2
"1908","9:94923985|94956015",NA,4,NA
"1909","9:96458378|96458541",NA,1,NA
"1910","9:96458378|96471094",NA,NA,1
"1911","9:98075569|98077017",NA,NA,1
"1912","X:10063444|10067490",NA,4,2
"1913","X:101041316|101042312",NA,4,NA
"1914","X:103687827|103687988",NA,NA,1
"1915","X:119629317|119629508",NA,4,NA
"1916","X:135640135|135640329",NA,8,NA
"1917","X:136147878|136148032",NA,NA,2
"1918","X:136680579|136680730",NA,1,NA
"1919","X:139596361|139596548",NA,1,NA
"1920","X:139945047|139945199",NA,NA,1
"1921","X:149944570|149944866",2,NA,NA
"1922","X:150751240|150751436",1,NA,NA
"1923","X:152189573|152189729",NA,NA,1
"1924","X:15455498|15455847",NA,1,NA
"1925","X:16698922|16702941",NA,8,NA
"1926","X:19683822|19695741",NA,1,NA
"1927","X:22111466|22133624",NA,3,NA
"1928","X:37386598|37426000",NA,9,NA
"1929","X:37406208|37426000",NA,NA,3
"1930","X:38286884|38287093",NA,3,NA
"1931","X:46643235|46651223",NA,3,NA
"1932","X:49179489|49179692",NA,NA,1
"1933","X:53614533|53615835",NA,13,NA
"1934","X:53645310|53654131",NA,2,NA
"1935","X:53987077|53987944",NA,2,NA
"1936","X:54298174|54301859",NA,1,NA
"1937","X:56982550|56982755",NA,5,NA
"1938","X:63307345|63307505",NA,NA,2
"1939","X:71368053|71375286",NA,2,NA
"1940","X:77870807|77875597",NA,NA,1
"1941","X:9939366|9939445",NA,NA,1
