"","chrom","start","end","name","score","strand","thickStart","thickEnd","itemRgb","exonCount","exonSize","exonOffsets","readNumber","circType","geneName","isoformName","index","flankIntron","FPBcirc","FPBlinear","CIRCscore"
"1","20",19990311,19990520,"circular_RNA/2",1,"+",19990311,19990311,"0,0,0",1,"209","0",2,"ciRNA","ENSG00000132669","ENST00000255006","10","20:19990311-19992167",0.0959452856795,0,10.594528568
"2","20",20026919,20027086,"circular_RNA/1",1,"+",20026919,20026919,"0,0,0",1,"167","0",1,"ciRNA","ENSG00000173418","ENST00000310450","4","20:20026919-20033101",0.0479726428398,0,5.79726428398
"3","20",36632378,36632594,"circular_RNA/3",1,"-",36632378,36632378,"0,0,0",1,"216","0",3,"ciRNA","ENSG00000101082","ENST00000262866","5","20:36615374-36632594",0.143917928519,0,15.3917928519
"4","20",37508858,37509103,"circular_RNA/2",1,"-",37508858,37508858,"0,0,0",1,"245","0",2,"ciRNA","ENSG00000166619","ENST00000411780","1","20:37495692-37509103",0.0959452856795,0,10.594528568
"5","20",48011038,48011248,"circular_RNA/1",1,"-",48011038,48011038,"0,0,0",1,"210","0",1,"ciRNA","ENSG00000286179","ENST00000651247","3","20:48009054-48011248",0.0479726428398,0,5.79726428398
"6","20",48649703,48649995,"circular_RNA/1",1,"-",48649703,48649703,"0,0,0",1,"292","0",1,"ciRNA","ENSG00000124126","ENST00000482556","7","20:48649576-48649995",0.0479726428398,0.00984054212098,2.92192836699
"7","20",58714670,58714894,"circular_RNA/2",1,"+",58714670,58714670,"0,0,0",1,"224","0",2,"ciRNA","ENSG00000254995","ENST00000530122","22","20:58714670-58715167",0.0959452856795,0.0159908809466,4.07624835407
"8","20",62336229,62336339,"circular_RNA/1",1,"-",62336229,62336229,"0,0,0",1,"110","0",1,"ciRNA","ENSG00000130702","ENST00000252999","18","20:62335269-62336339",0.0479726428398,0.0686190967202,0.73738627456
"9","20",63354375,63354532,"circular_RNA/1",1,"-",63354375,63354375,"0,0,0",1,"157","0",1,"ciRNA","ENSG00000101204","ENST00000637243","1","20:63351027-63354532",0.0479726428398,0,5.79726428398
"10","21",8409390,8409549,"circular_RNA/1",1,"+",8409390,8409390,"0,0,0",1,"159","0",1,"ciRNA","ENSG00000280441","ENST00000623860","6","21:8409390-8410178",0.0479726428398,0.0719589642596,0.707337426278
"11","21",15194134,15194335,"circular_RNA/1",1,"-",15194134,15194134,"0,0,0",1,"201","0",1,"ciRNA","ENSG00000288555","ENST00000673983","4","21:15192438-15194335",0.0479726428398,0,5.79726428398
"12","21",18312567,18312944,"circular_RNA/2",1,"-",18312567,18312567,"0,0,0",1,"377","0",2,"ciRNA","ENSG00000154646","ENST00000284885","18","21:18297829-18312944",0.0959452856795,0,10.594528568
"13","21",42137641,42137764,"circular_RNA/1",1,"+",42137641,42137641,"0,0,0",1,"123","0",1,"ciRNA","ENSG00000177398","ENST00000400427","21","21:42137641-42142095",0.0479726428398,0.00218057467453,4.75943413089
"14","21",42477176,42477290,"circular_RNA/1",1,"-",42477176,42477176,"0,0,0",1,"114","0",1,"ciRNA","ENSG00000160188","ENST00000291536","7","21:42476047-42477290",0.0479726428398,0,5.79726428398
"15","21",44290068,44290237,"circular_RNA/1",1,"+",44290068,44290068,"0,0,0",1,"169","0",1,"ciRNA","ENSG00000160224","ENST00000530812","5","21:44290068-44291097",0.0479726428398,0,5.79726428398
"16","21",46318559,46318784,"circular_RNA/1",1,"-",46318559,46318559,"0,0,0",1,"225","0",1,"ciRNA","ENSG00000160298","ENST00000445935","2","21:46318220-46318784",0.0479726428398,0,5.79726428398
"17","22",36872425,36872580,"circular_RNA/1",1,"+",36872425,36872425,"0,0,0",1,"155","0",1,"ciRNA","ENSG00000100365","ENST00000447071","6","22:36872425-36875652",0.0479726428398,0,5.79726428398
"18","22",37052632,37052783,"circular_RNA/1",1,"+",37052632,37052632,"0,0,0",1,"151","0",1,"ciRNA","ENSG00000100379","ENST00000431531","1","22:37052632-37053099",0.0479726428398,0,5.79726428398
"19","22",37311064,37311215,"circular_RNA/1",1,"+",37311064,37311064,"0,0,0",1,"151","0",1,"ciRNA","ENSG00000100055","ENST00000248901","10","22:37311064-37311455",0.0479726428398,0,5.79726428398
"20","22",37311064,37311216,"circular_RNA/2",1,"+",37311064,37311064,"0,0,0",1,"152","0",2,"ciRNA","ENSG00000100055","ENST00000248901","10","22:37311064-37311455",0.0959452856795,0,10.594528568
"21","22",39501724,39501878,"circular_RNA/1",1,"+",39501724,39501724,"0,0,0",1,"154","0",1,"ciRNA","ENSG00000100335","ENST00000467866","2","22:39501724-39502312",0.0479726428398,0,5.79726428398
"22","22",45328063,45328391,"circular_RNA/10",1,"+",45328063,45328063,"0,0,0",1,"328","0",10,"ciRNA","ENSG00000100376","ENST00000216214","5","22:45328063-45330602",0.479726428398,0,48.9726428398
"23","1",8875543,8875788,"circular_RNA/1",1,"-",8875543,8875543,"0,0,0",1,"245","0",1,"ciRNA","ENSG00000074800","ENST00000643438","2","1:8874917-8875788",0.0479726428398,2.0889905382,0.0276192968881
"24","1",19178836,19179050,"circular_RNA/2",1,"-",19178836,19178836,"0,0,0",1,"214","0",2,"ciRNA","ENSG00000127481","ENST00000375254","18","1:19177743-19179050",0.0959452856795,0.0959452856795,1
"25","1",20969473,21002808,"circular_RNA/1",0,"-",20969473,20969473,"0,0,0",5,"123,98,115,180,96","0,3528,10860,11574,33239",1,"circRNA","ENSG00000075151","ENST00000374935","9,8,7,6,5","1:20950111-20969473|1:21002808-21050865",0.0479726428398,0.0178184101976,2.08396678416
"26","1",23793930,23794092,"circular_RNA/1",1,"+",23793930,23793930,"0,0,0",1,"162","0",1,"ciRNA","ENSG00000011009","ENST00000374505","6","1:23793930-23794223",0.0479726428398,0.0863507571116,0.601683313943
"27","1",28691709,28691899,"circular_RNA/1",1,"+",28691709,28691709,"0,0,0",1,"190","0",1,"ciRNA","ENSG00000162419","ENST00000361872","4","1:28691709-28692941",0.0479726428398,0.00533029364886,3.7815741934
"28","1",39568640,39568801,"circular_RNA/1",1,"-",39568640,39568640,"0,0,0",1,"161","0",1,"ciRNA","ENSG00000090621","ENST00000677006","6","1:39567846-39568801",0.0479726428398,0.172701514223,0.317307949452
"29","1",43592601,43592765,"circular_RNA/1",0,"+",43592601,43592601,"0,0,0",1,"164","0",1,"ciRNA","ENSG00000142949","ENST00000359947","11","1:43592601-43597747",0.0479726428398,0.0683246731354,0.740158120285
"30","1",49175082,49175262,"circular_RNA/1",1,"+",49175082,49175082,"0,0,0",1,"180","0",1,"ciRNA","ENSG00000229846","ENST00000456002","3","1:49175082-49187241",0.0479726428398,0,5.79726428398
"31","1",55040403,55040560,"circular_RNA/1",1,"+",55040403,55040403,"0,0,0",1,"157","0",1,"ciRNA","ENSG00000169174","ENST00000673903","1","1:55040403-55043842",0.0479726428398,0.0218057467453,1.82270969155
"32","1",99766442,99766606,"circular_RNA/1",1,"-",99766442,99766442,"0,0,0",1,"164","0",1,"ciRNA","ENSG00000156869","ENST00000646001","1","1:99749001-99766606",0.0479726428398,0.0149914508874,2.3196989683
"33","1",114720343,114720538,"circular_RNA/1",1,"-",114720343,114720343,"0,0,0",1,"195","0",1,"ciRNA","ENSG00000009307","ENST00000339438","16","1:114719742-114720538",0.0479726428398,0.575671714077,0.0989848774431
"34","1",117402185,117414831,"circular_RNA/1",1,"+",117402185,117402185,"0,0,0",3,"256,97,119","0,3363,12527",1,"circRNA","ENSG00000198162","ENST00000356554","2,3,4","1:117368485-117402185|1:117414831-117420568",0.0479726428398,0,5.79726428398
"35","1",151024610,151025673,"circular_RNA/1",1,"+",151024610,151024610,"0,0,0",2,"185,159","0,904",1,"circRNA","ENSG00000143363","ENST00000467771","4,5","1:151018669-151024610|1:151025673-151027232",0.0479726428398,0.0274129387656,1.54953459291
"36","1",153951827,153952017,"circular_RNA/1",1,"-",153951827,153951827,"0,0,0",1,"190","0",1,"ciRNA","ENSG00000160741","ENST00000303569","6","1:153951666-153952017",0.0479726428398,0.0959452856795,0.547194171671
"37","1",155218651,155218847,"circular_RNA/2",1,"-",155218651,155218651,"0,0,0",1,"196","0",2,"ciRNA","ENSG00000291137","ENST00000459805","1","1:155218479-155218847",0.0959452856795,0,10.594528568
"38","1",156853496,156853751,"circular_RNA/1",1,"-",156853496,156853496,"0,0,0",1,"255","0",1,"ciRNA","ENSG00000027644","ENST00000368195","2","1:156852191-156853751",0.0479726428398,0,5.79726428398
"39","1",157835681,157835834,"circular_RNA/1",1,"-",157835681,157835681,"0,0,0",1,"153","0",1,"ciRNA","ENSG00000073754","ENST00000368174","3","1:157834748-157835834",0.0479726428398,0,5.79726428398
"40","1",161131953,161132105,"circular_RNA/1",1,"-",161131953,161131953,"0,0,0",1,"152","0",1,"ciRNA","ENSG00000158796","ENST00000496632","1","1:161131182-161132105",0.0479726428398,0.0479726428398,1
"41","1",165598622,165598786,"circular_RNA/1",1,"+",165598622,165598622,"0,0,0",1,"164","0",1,"ciRNA","ENSG00000236206","ENST00000669787","1","1:165598622-165605595",0.0479726428398,0,5.79726428398
"42","1",204870700,204870873,"circular_RNA/1",1,"+",204870700,204870700,"0,0,0",1,"173","0",1,"ciRNA","ENSG00000163531","ENST00000493914","1","1:204870700-204920631",0.0479726428398,0.00184510164768,4.89422924042
"43","1",228215829,228216047,"circular_RNA/1",1,"+",228215829,228215829,"0,0,0",1,"218","0",1,"ciRNA","ENSG00000154358","ENST00000570156","6","1:228215829-228216420",0.0479726428398,0,5.79726428398
"44","1",235194012,235214026,"circular_RNA/1",0,"-",235194012,235194012,"0,0,0",3,"199,85,258","0,2018,19756",1,"circRNA","ENSG00000054267","ENST00000366603","19,18,17","1:235182793-235194012|1:235214026-235219792",0.0479726428398,0.0166861366399,2.17238799389
"45","1",248750855,248751029,"circular_RNA/1",1,"-",248750855,248750855,"0,0,0",1,"174","0",1,"ciRNA","ENSG00000259823","ENST00000590317","3","1:248750643-248751029",0.0479726428398,0,5.79726428398
"46","3",9192995,9193154,"circular_RNA/1",0,"+",9192995,9192995,"0,0,0",1,"159","0",1,"ciRNA","ENSG00000228723","ENST00000436032","1","3:9192995-9193428",0.0479726428398,0,5.79726428398
"47","3",47265114,47265729,"circular_RNA/1",1,"-",47265114,47265114,"0,0,0",1,"615","0",1,"ciRNA","ENSG00000088727","ENST00000684063","8","3:47264350-47265729",0.0479726428398,0,5.79726428398
"48","3",52804009,52804197,"circular_RNA/1",0,"+",52804009,52804009,"0,0,0",1,"188","0",1,"ciRNA","ENSG00000162267","ENST00000449956","14","3:52804009-52804725",0.0479726428398,0,5.79726428398
"49","3",53347154,53347382,"circular_RNA/1",0,"-",53347154,53347154,"0,0,0",1,"228","0",1,"ciRNA","ENSG00000272886","ENST00000610213","1","3:53344942-53347382",0.0479726428398,0.0106605872977,2.80595328702
"50","3",59885993,59886219,"circular_RNA/1",1,"-",59885993,59885993,"0,0,0",1,"226","0",1,"ciRNA","ENSG00000189283","ENST00000466788","6","3:59752321-59886219",0.0479726428398,0,5.79726428398
"51","3",69042654,69042806,"circular_RNA/2",1,"-",69042654,69042654,"0,0,0",1,"152","0",2,"ciRNA","ENSG00000144747","ENST00000398559","5","3:69039693-69042806",0.0959452856795,0,10.594528568
"52","3",120908800,120908981,"circular_RNA/1",1,"+",120908800,120908800,"0,0,0",1,"181","0",1,"ciRNA","ENSG00000145087","ENST00000707001","1","3:120908800-120909570",0.0479726428398,0,5.79726428398
"53","3",126647006,126647235,"circular_RNA/1",1,"-",126647006,126647006,"0,0,0",1,"229","0",1,"ciRNA","ENSG00000197763","ENST00000524230","2","3:126646220-126647235",0.0479726428398,0,5.79726428398
"54","3",146463663,146463834,"circular_RNA/3",1,"-",146463663,146463663,"0,0,0",1,"171","0",3,"ciRNA","ENSG00000163746","ENST00000497985","2","3:146461956-146463834",0.143917928519,0,15.3917928519
"55","3",154295110,154295283,"circular_RNA/2",1,"-",154295110,154295110,"0,0,0",1,"173","0",2,"ciRNA","ENSG00000174953","ENST00000496811","13","3:154293812-154295283",0.0959452856795,0.00599658035497,6.6229958734
"56","3",167735325,167735504,"circular_RNA/3",1,"+",167735325,167735325,"0,0,0",1,"179","0",3,"ciRNA","ENSG00000163536","ENST00000472941","1","3:167735325-167789110",0.143917928519,0.00599658035497,9.62192700587
"57","3",181438437,181438597,"circular_RNA/2",1,"-",181438437,181438437,"0,0,0",1,"160","0",2,"ciRNA","ENSG00000241231","ENST00000663941","2","3:181421916-181438597",0.0959452856795,0,10.594528568
"58","3",189972715,189972873,"circular_RNA/1",1,"-",189972715,189972715,"0,0,0",1,"158","0",1,"ciRNA","ENSG00000090530","ENST00000319332","11","3:189972007-189972873",0.0479726428398,0.0068532346914,3.43985258031
"59","3",198038900,198039146,"circular_RNA/1",1,"-",198038900,198038900,"0,0,0",1,"246","0",1,"ciRNA","ENSG00000232832","ENST00000423460","1","3:198038858-198039146",0.0479726428398,0,5.79726428398
"60","2",11805156,11805307,"circular_RNA/4",1,"+",11805156,11805156,"0,0,0",1,"151","0",4,"ciRNA","ENSG00000134324","ENST00000449576","18","2:11805156-11815087",0.191890571359,0.0239863214199,5.9403478495
"61","2",24082784,24083000,"circular_RNA/1",1,"-",24082784,24082784,"0,0,0",1,"216","0",1,"ciRNA","ENSG00000115129","ENST00000417886","2","2:24081031-24083000",0.0479726428398,0.0119931607099,2.6359395816
"62","2",25133014,25133182,"circular_RNA/6",1,"+",25133014,25133014,"0,0,0",1,"168","0",6,"ciRNA","ENSG00000084710","ENST00000403714","11","2:25133014-25133382",0.287835857039,0,29.7835857039
"63","2",30757843,30758045,"circular_RNA/1",1,"-",30757843,30757843,"0,0,0",1,"202","0",1,"ciRNA","ENSG00000162949","ENST00000295055","8","2:30754364-30758045",0.0479726428398,0,5.79726428398
"64","2",71520208,71520373,"circular_RNA/1",1,"+",71520208,71520208,"0,0,0",1,"165","0",1,"ciRNA","ENSG00000135636","ENST00000258104","10","2:71520208-71520788",0.0479726428398,0.00523337921888,3.80563248685
"65","2",74657951,74658139,"circular_RNA/1",1,"+",74657951,74657951,"0,0,0",1,"188","0",1,"ciRNA","ENSG00000135622","ENST00000357877","4","2:74657951-74662731",0.0479726428398,0,5.79726428398
"66","2",87146629,87146795,"circular_RNA/1",1,"+",87146629,87146629,"0,0,0",1,"166","0",1,"ciRNA","ENSG00000204745","ENST00000454465","10","2:87146629-87149834",0.0479726428398,0,5.79726428398
"67","2",108184274,108184457,"circular_RNA/1",1,"-",108184274,108184274,"0,0,0",1,"183","0",1,"ciRNA","ENSG00000225328","ENST00000669479","2","2:108179281-108184457",0.0479726428398,0,5.79726428398
"68","2",151414822,151416901,"circular_RNA/1",1,"+",151414822,151414822,"0,0,0",3,"97,128,95","0,1738,1984",1,"circRNA","ENSG00000080345","ENST00000453091","4,5,6","2:151411338-151414822|2:151416901-151420189",0.0479726428398,0,5.79726428398
"69","2",161371322,161371479,"circular_RNA/3",1,"+",161371322,161371322,"0,0,0",1,"157","0",3,"ciRNA","ENSG00000115233","ENST00000409682","7","2:161371322-161385463",0.143917928519,0.0959452856795,1.45280582833
"70","2",178324269,178324527,"circular_RNA/3",0,"+",178324269,178324269,"0,0,0",1,"258","0",3,"ciRNA","ENSG00000079156","ENST00000392505","4","2:178324269-178328255",0.143917928519,0.00999430059162,7.69809015393
"71","2",219301984,219302136,"circular_RNA/1",1,"-",219301984,219301984,"0,0,0",1,"152","0",1,"ciRNA","ENSG00000054356","ENST00000295718","6","2:219301719-219302136",0.0479726428398,0,5.79726428398
"72","2",219638253,219638436,"circular_RNA/1",1,"+",219638253,219638253,"0,0,0",1,"183","0",1,"ciRNA","ENSG00000114923","ENST00000373760","18","2:219638253-219638702",0.0479726428398,0.0109028733727,2.77342936572
"73","2",241799154,241799307,"circular_RNA/2",1,"+",241799154,241799154,"0,0,0",1,"153","0",2,"ciRNA","ENSG00000154252","ENST00000192314","2","2:241799154-241801780",0.0959452856795,0,10.594528568
"74","5",423977,424144,"circular_RNA/1",1,"+",423977,423977,"0,0,0",1,"167","0",1,"ciRNA","ENSG00000288622","ENST00000505113","9","5:423977-427806",0.0479726428398,0.0143917928519,2.37672741778
"75","5",69299849,69300011,"circular_RNA/1",1,"-",69299849,69299849,"0,0,0",1,"162","0",1,"ciRNA","ENSG00000183323","ENST00000396496","8","5:69294900-69300011",0.0479726428398,0.00872229869814,3.09644898709
"76","5",83195936,83196133,"circular_RNA/2",0,"+",83195936,83195936,"0,0,0",1,"197","0",2,"ciRNA","ENSG00000152422","ENST00000282268","4","5:83195936-83203551",0.0959452856795,0.0137064693828,4.46904530442
"77","5",160684671,160684834,"circular_RNA/3",1,"-",160684671,160684671,"0,0,0",1,"163","0",3,"ciRNA","ENSG00000118322","ENST00000642502","1","5:160670667-160684834",0.143917928519,0,15.3917928519
"78","5",180238331,180241155,"circular_RNA/1",0,"-",180238331,180238331,"0,0,0",3,"72,64,125","0,1592,2699",1,"circRNA","ENSG00000050748","ENST00000452135","11,10,9","5:180236526-180238331|5:180241155-180242572",0.0479726428398,0,5.79726428398
"79","4",3442118,3442281,"circular_RNA/1",1,"+",3442118,3442118,"0,0,0",1,"163","0",1,"ciRNA","ENSG00000109758","ENST00000382774","1","4:3442118-3442731",0.0479726428398,0,5.79726428398
"80","4",48387466,48387622,"circular_RNA/2",1,"+",48387466,48387466,"0,0,0",1,"156","0",2,"ciRNA","ENSG00000109171","ENST00000505131","5","4:48387466-48394575",0.0959452856795,0.0274129387656,2.83178197637
"81","4",67834902,67835082,"circular_RNA/1",1,"-",67834902,67834902,"0,0,0",1,"180","0",1,"ciRNA","ENSG00000153802","ENST00000283916","6","4:67833381-67835082",0.0479726428398,0,5.79726428398
"82","4",145542698,145542860,"circular_RNA/1",1,"+",145542698,145542698,"0,0,0",1,"162","0",1,"ciRNA","ENSG00000170365","ENST00000302085","4","4:145542698-145546702",0.0479726428398,0.0239863214199,1.7057639785
"83","4",150436343,150436723,"circular_RNA/1",1,"-",150436343,150436343,"0,0,0",1,"380","0",1,"ciRNA","ENSG00000198589","ENST00000651943","45","4:150435708-150436723",0.0479726428398,0,5.79726428398
"84","7",2374606,2375344,"circular_RNA/2",1,"+",2374606,2374606,"0,0,0",1,"738","0",2,"ciRNA","ENSG00000106263","ENST00000360876","13","7:2374606-2375388",0.0959452856795,0.251856374909,0.404593112222
"85","7",44106887,44107040,"circular_RNA/1",1,"+",44106887,44106887,"0,0,0",1,"153","0",1,"ciRNA","ENSG00000106624","ENST00000223357","2","7:44106887-44107438",0.0479726428398,0.196687835643,0.280484057804
"86","7",77254563,77254778,"circular_RNA/1",0,"+",77254563,77254563,"0,0,0",1,"215","0",1,"ciRNA","ENSG00000135205","ENST00000285871","5","7:77254563-77256332",0.0479726428398,0,5.79726428398
"87","7",107372343,107372594,"circular_RNA/2",1,"-",107372343,107372343,"0,0,0",1,"251","0",2,"ciRNA","ENSG00000164597","ENST00000297135","8","7:107362420-107372594",0.0959452856795,0.0119931607099,4.81719235707
"88","7",143399488,143399650,"circular_RNA/1",1,"-",143399488,143399488,"0,0,0",1,"162","0",1,"ciRNA","ENSG00000146904","ENST00000275815","4","7:143399413-143399650",0.0479726428398,0,5.79726428398
"89","6",33412793,33412953,"circular_RNA/1",1,"+",33412793,33412793,"0,0,0",1,"160","0",1,"ciRNA","ENSG00000112511","ENST00000427004","5","6:33412793-33413195",0.0479726428398,0,5.79726428398
"90","6",36218010,36218226,"circular_RNA/2",1,"+",36218010,36218010,"0,0,0",1,"216","0",2,"ciRNA","ENSG00000096070","ENST00000357641","9","6:36218010-36222167",0.0959452856795,0.00399772023665,7.56875290321
"91","6",75633726,75634084,"circular_RNA/2",1,"+",75633726,75633726,"0,0,0",1,"358","0",2,"ciRNA","ENSG00000112701","ENST00000370010","4","6:75633726-75634706",0.0959452856795,0,10.594528568
"92","6",90303417,90303623,"circular_RNA/1",1,"+",90303417,90303417,"0,0,0",1,"206","0",1,"ciRNA","ENSG00000260271","ENST00000701480","1","6:90303417-90319107",0.0479726428398,0,5.79726428398
"93","6",121241005,121241464,"circular_RNA/1",1,"-",121241005,121241005,"0,0,0",1,"459","0",1,"ciRNA","ENSG00000146350","ENST00000398212","19","6:121239188-121241464",0.0479726428398,0,5.79726428398
"94","6",152149196,152149476,"circular_RNA/1",1,"-",152149196,152149196,"0,0,0",1,"280","0",1,"ciRNA","ENSG00000131018","ENST00000354674","7","6:152148378-152149476",0.0479726428398,0.0137064693828,2.44543554351
"95","6",169035387,169035572,"circular_RNA/1",1,"-",169035387,169035387,"0,0,0",1,"185","0",1,"ciRNA","ENSG00000229720","ENST00000419800","1","6:169035060-169035572",0.0479726428398,0,5.79726428398
"96","9",14120190,14120439,"circular_RNA/1",1,"-",14120190,14120190,"0,0,0",1,"249","0",1,"ciRNA","ENSG00000147862","ENST00000543693","7","9:14116346-14120439",0.0479726428398,0,5.79726428398
"97","9",33986759,34017189,"circular_RNA/1",0,"-",33986759,33986759,"0,0,0",5,"78,154,111,78,140","0,2213,9463,12027,30290",1,"circRNA","ENSG00000137073","ENST00000379238","6,5,4,3,2","9:33973237-33986759|9:34017189-34048824",0.0479726428398,0.0119931607099,2.6359395816
"98","9",104819763,104819926,"circular_RNA/1",1,"-",104819763,104819763,"0,0,0",1,"163","0",1,"ciRNA","ENSG00000165029","ENST00000374736","21","9:104819723-104819926",0.0479726428398,0.00195806705468,4.84799446054
"99","9",125263700,125263859,"circular_RNA/2",1,"+",125263700,125263700,"0,0,0",1,"159","0",2,"ciRNA","ENSG00000165219","ENST00000469528","2","9:125263700-125287761",0.0959452856795,0.0479726428398,1.82750484521
"100","9",128921668,128921840,"circular_RNA/1",1,"+",128921668,128921668,"0,0,0",1,"172","0",1,"ciRNA","ENSG00000175287","ENST00000372592","1","9:128921668-128921929",0.0479726428398,0,5.79726428398
"101","9",135565801,135565980,"circular_RNA/1",1,"+",135565801,135565801,"0,0,0",1,"179","0",1,"ciRNA","ENSG00000122133","ENST00000479141","6","9:135565801-135566552",0.0479726428398,0,5.79726428398
"102","9",137050067,137050283,"circular_RNA/6",1,"-",137050067,137050067,"0,0,0",1,"216","0",6,"ciRNA","ENSG00000054179","ENST00000355097","6","9:137049989-137050283",0.287835857039,0.0479726428398,5.13752422607
"103","8",47927581,47927770,"circular_RNA/1",1,"-",47927581,47927581,"0,0,0",1,"189","0",1,"ciRNA","ENSG00000253729","ENST00000314191","20","8:47927353-47927770",0.0479726428398,0.0959452856795,0.547194171671
"104","8",88693665,88693834,"circular_RNA/2",1,"+",88693665,88693665,"0,0,0",1,"169","0",2,"ciRNA","ENSG00000253553","ENST00000658283","4","8:88693665-88700291",0.0959452856795,0,10.594528568
"105","8",124538689,124539024,"circular_RNA/1",1,"-",124538689,124538689,"0,0,0",1,"335","0",1,"ciRNA","ENSG00000147687","ENST00000522927","1","8:124522200-124539024",0.0479726428398,0,5.79726428398
"106","8",132077557,132077725,"circular_RNA/1",1,"-",132077557,132077557,"0,0,0",1,"168","0",1,"ciRNA","ENSG00000258417","ENST00000262283","2","8:132076543-132077725",0.0479726428398,0,5.79726428398
"107","8",143579853,143580011,"circular_RNA/2",1,"-",143579853,143579853,"0,0,0",1,"158","0",2,"ciRNA","ENSG00000104529","ENST00000317198","7","8:143579830-143580011",0.0959452856795,0,10.594528568
"108","8",144464290,144464459,"circular_RNA/1",1,"-",144464290,144464290,"0,0,0",1,"169","0",1,"ciRNA","ENSG00000291316","ENST00000438911","2","8:144453460-144464459",0.0479726428398,0.0319817618932,1.38090066318
"109","X",149944570,149944866,"circular_RNA/2",1,"+",149944570,149944570,"0,0,0",1,"296","0",2,"ciRNA","ENSG00000235703","ENST00000425602","7","X:149944570-149945347",0.0959452856795,0,10.594528568
"110","X",150751240,150751436,"circular_RNA/1",1,"+",150751240,150751240,"0,0,0",1,"196","0",1,"ciRNA","ENSG00000063601","ENST00000485376","14","X:150751240-150755688",0.0479726428398,0.00639635237864,3.53570364317
"111","11",834803,835007,"circular_RNA/1",1,"+",834803,834803,"0,0,0",1,"204","0",1,"ciRNA","ENSG00000177697","ENST00000525333","2","11:834803-836062",0.0479726428398,0.253569683582,0.219951862642
"112","11",1778118,1778295,"circular_RNA/2",1,"-",1778118,1778118,"0,0,0",1,"177","0",2,"ciRNA","ENSG00000230834","ENST00000449749","1","11:1777174-1778295",0.0959452856795,0,10.594528568
"113","11",6570100,6570288,"circular_RNA/3",1,"+",6570100,6570100,"0,0,0",1,"188","0",3,"ciRNA","ENSG00000179532","ENST00000527143","2","11:6570100-6571635",0.143917928519,0.0022844115638,12.5295320594
"114","11",34451098,34451263,"circular_RNA/3",1,"+",34451098,34451098,"0,0,0",1,"165","0",3,"ciRNA","ENSG00000121691","ENST00000241052","3","11:34451098-34452076",0.143917928519,0.0159908809466,5.92199736651
"115","11",74037264,74037477,"circular_RNA/1",1,"-",74037264,74037264,"0,0,0",1,"213","0",1,"ciRNA","ENSG00000168014","ENST00000442398","30","11:74034278-74037477",0.0479726428398,0,5.79726428398
"116","11",83194034,83194208,"circular_RNA/1",1,"+",83194034,83194034,"0,0,0",1,"174","0",1,"ciRNA","ENSG00000137494","ENST00000528722","1","11:83194034-83198478",0.0479726428398,0.0191890571359,1.98610878624
"117","11",86068869,86069022,"circular_RNA/1",1,"-",86068869,86068869,"0,0,0",1,"153","0",1,"ciRNA","ENSG00000073921","ENST00000528256","1","11:86068738-86069022",0.0479726428398,0.0706965262902,0.718403201537
"118","11",111753275,111753442,"circular_RNA/1",1,"-",111753275,111753275,"0,0,0",1,"167","0",1,"ciRNA","ENSG00000137713","ENST00000311129","9","11:111752332-111753442",0.0479726428398,0,5.79726428398
"119","11",113340733,113340928,"circular_RNA/1",1,"+",113340733,113340733,"0,0,0",1,"195","0",1,"ciRNA","ENSG00000149292","ENST00000529221","11","11:113340733-113341836",0.0479726428398,0.00436114934907,4.03676902389
"120","11",118632053,118632209,"circular_RNA/1",1,"+",118632053,118632053,"0,0,0",1,"156","0",1,"ciRNA","ENSG00000019144","ENST00000527898","1","11:118632053-118635392",0.0479726428398,0.0479726428398,1
"121","11",120469388,120469548,"circular_RNA/1",1,"+",120469388,120469388,"0,0,0",1,"160","0",1,"ciRNA","ENSG00000196914","ENST00000397843","30","11:120469388-120473049",0.0479726428398,0.0119931607099,2.6359395816
"122","10",5916456,5916607,"circular_RNA/1",1,"+",5916456,5916456,"0,0,0",1,"151","0",1,"ciRNA","ENSG00000134452","ENST00000397269","10","10:5916456-5917419",0.0479726428398,0.143917928519,0.376646459562
"123","10",46014443,46016694,"circular_RNA/1",1,"-",46014443,46014443,"0,0,0",4,"109,89,141,155","0,410,682,2096",1,"circRNA","ENSG00000266412","ENST00000585132","5,4,3,2","10:46013639-46014443|10:46016694-46023329",0.0479726428398,0.0746241110841,0.685060582583
"124","10",48803359,48803519,"circular_RNA/2",1,"+",48803359,48803359,"0,0,0",1,"160","0",2,"ciRNA","ENSG00000128815","ENST00000325239","25","10:48803359-48805259",0.0959452856795,0,10.594528568
"125","10",104032455,104032673,"circular_RNA/2",1,"-",104032455,104032455,"0,0,0",1,"218","0",2,"ciRNA","ENSG00000065618","ENST00000369733","50","10:104032290-104032673",0.0959452856795,0.0122112181774,4.76989982419
"126","10",122416002,122416204,"circular_RNA/1",1,"+",122416002,122416002,"0,0,0",1,"202","0",1,"ciRNA","ENSG00000107679","ENST00000368990","7","10:122416002-122417899",0.0479726428398,0.0239863214199,1.7057639785
"127","10",127024783,127025103,"circular_RNA/1",1,"+",127024783,127024783,"0,0,0",1,"320","0",1,"ciRNA","ENSG00000150760","ENST00000280333","15","10:127024783-127026351",0.0479726428398,0.0150502408909,2.31425490447
"128","13",32538617,32538777,"circular_RNA/2",0,"-",32538617,32538617,"0,0,0",1,"160","0",2,"ciRNA","ENSG00000244754","ENST00000399396","1","13:32537027-32538777",0.0959452856795,0,10.594528568
"129","13",45579781,45579932,"circular_RNA/2",1,"-",45579781,45579781,"0,0,0",1,"151","0",2,"ciRNA","ENSG00000165837","ENST00000298738","7","13:45574930-45579932",0.0959452856795,0,10.594528568
"130","13",99259987,99260138,"circular_RNA/1",0,"-",99259987,99259987,"0,0,0",1,"151","0",1,"ciRNA","ENSG00000125245","ENST00000678933","2","13:99258586-99260138",0.0479726428398,0,5.79726428398
"131","12",6724266,6724428,"circular_RNA/2",1,"+",6724266,6724266,"0,0,0",1,"162","0",2,"ciRNA","ENSG00000111652","ENST00000543939","1","12:6724266-6724613",0.0959452856795,0.0559680833131,1.60600824457
"132","12",10030972,10031186,"circular_RNA/2",1,"+",10030972,10030972,"0,0,0",1,"214","0",2,"ciRNA","ENSG00000197992","ENST00000544751","1","12:10030972-10041465",0.0959452856795,0,10.594528568
"133","12",42646105,42646269,"circular_RNA/2",1,"-",42646105,42646105,"0,0,0",1,"164","0",2,"ciRNA","ENSG00000257510","ENST00000550337","1","12:42644294-42646269",0.0959452856795,0,10.594528568
"134","12",49599290,49599468,"circular_RNA/1",1,"-",49599290,49599290,"0,0,0",1,"178","0",1,"ciRNA","ENSG00000135436","ENST00000533372","4","12:49598947-49599468",0.0479726428398,0,5.79726428398
"135","12",53754509,53754812,"circular_RNA/1",1,"+",53754509,53754509,"0,0,0",1,"303","0",1,"ciRNA","ENSG00000260030","ENST00000566418","1","12:53754509-53761827",0.0479726428398,0,5.79726428398
"136","12",54647883,54648245,"circular_RNA/1",1,"-",54647883,54647883,"0,0,0",1,"362","0",1,"ciRNA","ENSG00000161634","ENST00000293371","1","12:54647159-54648245",0.0479726428398,0,5.79726428398
"137","12",57601348,57601521,"circular_RNA/2",1,"+",57601348,57601348,"0,0,0",1,"173","0",2,"ciRNA","ENSG00000166908","ENST00000422156","8","12:57601348-57601525",0.0959452856795,0,10.594528568
"138","12",70285586,70285777,"circular_RNA/1",1,"+",70285586,70285586,"0,0,0",1,"191","0",1,"ciRNA","ENSG00000111596","ENST00000553078","3","12:70285586-70294070",0.0479726428398,0,5.79726428398
"139","12",88154387,88154599,"circular_RNA/1",1,"+",88154387,88154387,"0,0,0",1,"212","0",1,"ciRNA","ENSG00000139324","ENST00000547034","4","12:88154387-88160113",0.0479726428398,0.00738040659073,3.33551706844
"140","12",96576761,96576941,"circular_RNA/1",1,"+",96576761,96576761,"0,0,0",1,"180","0",1,"ciRNA","ENSG00000188596","ENST00000524981","20","12:96576761-96580596",0.0479726428398,0,5.79726428398
"141","12",123747725,123747938,"circular_RNA/1",1,"+",123747725,123747725,"0,0,0",1,"213","0",1,"ciRNA","ENSG00000185344","ENST00000330342","14","12:123747725-123748574",0.0479726428398,0.00252487593894,4.62860016518
"142","12",132148895,132149071,"circular_RNA/9",1,"+",132148895,132148895,"0,0,0",1,"176","0",9,"ciRNA","ENSG00000184967","ENST00000330579","9","12:132148895-132150980",0.431753785558,0.0839521249696,4.70190307777
"143","15",41841571,41841779,"circular_RNA/2",1,"+",41841571,41841571,"0,0,0",1,"208","0",2,"ciRNA","ENSG00000168970","ENST00000490848","12","15:41841571-41841818",0.0959452856795,0.0139920208283,4.41585502271
"144","15",70059255,70059409,"circular_RNA/1",1,"-",70059255,70059255,"0,0,0",1,"154","0",1,"ciRNA","ENSG00000140332","ENST00000451782","10","15:70058815-70059409",0.0479726428398,0,5.79726428398
"145","15",78098596,78098768,"circular_RNA/1",1,"+",78098596,78098596,"0,0,0",1,"172","0",1,"ciRNA","ENSG00000183476","ENST00000409568","4","15:78098596-78100898",0.0479726428398,0,5.79726428398
"146","15",90980883,90981981,"circular_RNA/1",0,"-",90980883,90980883,"0,0,0",3,"150,171,234","0,615,864",1,"circRNA","ENSG00000198901","ENST00000394249","6,5,4","15:90980389-90980883|15:90981981-90984017",0.0479726428398,0.0479726428398,1
"147","15",93856596,93856759,"circular_RNA/1",1,"+",93856596,93856596,"0,0,0",1,"163","0",1,"ciRNA","ENSG00000258476","ENST00000669391","1","15:93856596-93864929",0.0479726428398,0,5.79726428398
"148","15",95712657,95712839,"circular_RNA/2",1,"+",95712657,95712657,"0,0,0",1,"182","0",2,"ciRNA","ENSG00000275016","ENST00000615194","2","15:95712657-95716392",0.0959452856795,0,10.594528568
"149","15",101657629,101657784,"circular_RNA/1",1,"-",101657629,101657629,"0,0,0",1,"155","0",1,"ciRNA","ENSG00000185418","ENST00000335968","17","15:101657036-101657784",0.0479726428398,0,5.79726428398
"150","14",23563199,23563379,"circular_RNA/1",1,"-",23563199,23563199,"0,0,0",1,"180","0",1,"ciRNA","ENSG00000213983","ENST00000308724","13","14:23562593-23563379",0.0479726428398,0.0119931607099,2.6359395816
"151","14",24065273,24065527,"circular_RNA/1",1,"+",24065273,24065273,"0,0,0",1,"254","0",1,"ciRNA","ENSG00000186648","ENST00000342740","33","14:24065273-24065621",0.0479726428398,0,5.79726428398
"152","14",73106285,73106443,"circular_RNA/3",1,"+",73106285,73106285,"0,0,0",1,"158","0",3,"ciRNA","ENSG00000119707","ENST00000527432","13","14:73106285-73107825",0.143917928519,0.0629640937272,2.10950236831
"153","14",79692262,79692649,"circular_RNA/1",1,"+",79692262,79692262,"0,0,0",1,"387","0",1,"ciRNA","ENSG00000021645","ENST00000634499","19","14:79692262-79697629",0.0479726428398,0,5.79726428398
"154","14",90698912,90699157,"circular_RNA/1",1,"-",90698912,90698912,"0,0,0",1,"245","0",1,"ciRNA","ENSG00000165914","ENST00000557766","5","14:90695578-90699157",0.0479726428398,0,5.79726428398
"155","14",91128912,91129114,"circular_RNA/1",1,"+",91128912,91128912,"0,0,0",1,"202","0",1,"ciRNA","ENSG00000133943","ENST00000517362","2","14:91128912-91145220",0.0479726428398,0.0239863214199,1.7057639785
"156","14",104022156,104026939,"circular_RNA/1",1,"+",104022156,104022156,"0,0,0",5,"174,112,213,90,261","0,2412,3407,3890,4522",1,"circRNA","ENSG00000156414","ENST00000409874","24,25,26,27,28","14:104018192-104022156|14:104026939-104031107",0.0479726428398,0,5.79726428398
"157","17",1533896,1534098,"circular_RNA/1",1,"-",1533896,1533896,"0,0,0",1,"202","0",1,"ciRNA","ENSG00000174238","ENST00000313486","10","17:1521645-1534098",0.0479726428398,0.122112181774,0.438813757076
"158","17",3930116,3930300,"circular_RNA/1",1,"-",3930116,3930116,"0,0,0",1,"184","0",1,"ciRNA","ENSG00000074370","ENST00000309890","18","17:3929445-3930300",0.0479726428398,0.011422057819,2.70621260243
"159","17",4981048,4981224,"circular_RNA/1",1,"-",4981048,4981048,"0,0,0",1,"176","0",1,"ciRNA","ENSG00000108509","ENST00000574951","7","17:4980621-4981224",0.0479726428398,0.0215876892779,1.83529229789
"160","17",7774976,7775140,"circular_RNA/2",1,"+",7774976,7774976,"0,0,0",1,"164","0",2,"ciRNA","ENSG00000183914","ENST00000572933","29","17:7774976-7775240",0.0959452856795,0.000564384033409,10.0285341147
"161","17",8345042,8345324,"circular_RNA/1",1,"+",8345042,8345042,"0,0,0",1,"282","0",1,"ciRNA","ENSG00000184650","ENST00000636237","2","17:8345042-8345342",0.0479726428398,0,5.79726428398
"162","17",28487550,28487711,"circular_RNA/2",1,"+",28487550,28487550,"0,0,0",1,"161","0",2,"ciRNA","ENSG00000007216","ENST00000577903","2","17:28487550-28489213",0.0959452856795,0,10.594528568
"163","17",40647065,40647239,"circular_RNA/1",1,"-",40647065,40647065,"0,0,0",1,"174","0",1,"ciRNA","ENSG00000073584","ENST00000582955","1","17:40645847-40647239",0.0479726428398,0,5.79726428398
"164","17",48848082,48848300,"circular_RNA/1",1,"+",48848082,48848082,"0,0,0",1,"218","0",1,"ciRNA","ENSG00000136436","ENST00000509415","3","17:48848082-48848321",0.0479726428398,0.191890571359,0.287148837361
"165","17",49847736,49847894,"circular_RNA/1",1,"-",49847736,49847736,"0,0,0",1,"158","0",1,"ciRNA","ENSG00000176358","ENST00000334568","1","17:49844157-49847894",0.0479726428398,0,5.79726428398
"166","17",51166956,51167114,"circular_RNA/1",1,"+",51166956,51166956,"0,0,0",1,"158","0",1,"ciRNA","ENSG00000011052","ENST00000393193","5","17:51166956-51168241",0.0479726428398,1.06910461186,0.0537229126839
"167","17",78723035,78723212,"circular_RNA/3",1,"-",78723035,78723035,"0,0,0",1,"177","0",3,"ciRNA","ENSG00000108669","ENST00000589297","1","17:78709732-78723212",0.143917928519,0,15.3917928519
"168","17",82029635,82029895,"circular_RNA/1",1,"+",82029635,82029635,"0,0,0",1,"260","0",1,"ciRNA","ENSG00000169683","ENST00000306688","14","17:82029635-82030064",0.0479726428398,0.0239863214199,1.7057639785
"169","17",82586200,82586298,"circular_RNA/1",1,"+",82586200,82586200,"0,0,0",1,"98","0",1,"ciRNA","ENSG00000141568","ENST00000473637","7","17:82586200-82587062",0.0479726428398,0,5.79726428398
"170","17",82586200,82586395,"circular_RNA/4",1,"+",82586200,82586200,"0,0,0",1,"195","0",4,"ciRNA","ENSG00000141568","ENST00000473637","7","17:82586200-82587062",0.191890571359,0,20.1890571359
"171","17",82586200,82586443,"circular_RNA/1",1,"+",82586200,82586200,"0,0,0",1,"243","0",1,"ciRNA","ENSG00000141568","ENST00000473637","7","17:82586200-82587062",0.0479726428398,0,5.79726428398
"172","17",82586200,82586493,"circular_RNA/2",1,"+",82586200,82586200,"0,0,0",1,"293","0",2,"ciRNA","ENSG00000141568","ENST00000473637","7","17:82586200-82587062",0.0959452856795,0,10.594528568
"173","16",722083,722243,"circular_RNA/1",1,"+",722083,722083,"0,0,0",1,"160","0",1,"ciRNA","ENSG00000103254","ENST00000566525","2","16:722083-722308",0.0479726428398,0,5.79726428398
"174","16",2062600,2062805,"circular_RNA/1",1,"+",2062600,2062600,"0,0,0",1,"205","0",1,"ciRNA","ENSG00000103197","ENST00000645591","13","16:2062600-2062971",0.0479726428398,0.0319817618932,1.38090066318
"175","16",10895428,10895614,"circular_RNA/1",1,"+",10895428,10895428,"0,0,0",1,"186","0",1,"ciRNA","ENSG00000179583","ENST00000637439","2","16:10895428-10895668",0.0479726428398,0,5.79726428398
"176","16",16360207,16360366,"circular_RNA/1",1,"+",16360207,16360207,"0,0,0",1,"159","0",1,"ciRNA","ENSG00000227827","ENST00000532739","9","16:16360207-16360680",0.0479726428398,0.00479726428398,3.91779464955
"177","16",31408498,31408659,"circular_RNA/1",1,"+",31408498,31408498,"0,0,0",1,"161","0",1,"ciRNA","ENSG00000156886","ENST00000389202","10","16:31408498-31410394",0.0479726428398,0,5.79726428398
"178","16",72021311,72021473,"circular_RNA/1",1,"+",72021311,72021311,"0,0,0",1,"162","0",1,"ciRNA","ENSG00000102967","ENST00000572887","5","16:72021311-72022361",0.0479726428398,0.0159908809466,2.23049934163
"179","16",75204540,75204796,"circular_RNA/1",1,"-",75204540,75204540,"0,0,0",1,"256","0",1,"ciRNA","ENSG00000168928","ENST00000562106","3","16:75204322-75204796",0.0479726428398,0,5.79726428398
"180","16",85633913,85634132,"circular_RNA/1",1,"+",85633913,85633913,"0,0,0",1,"219","0",1,"circRNA","ENSG00000131149","ENST00000253458","2","16:85613398-85633913|16:85634132-85648551",0.0479726428398,0.0479726428398,1
"181","19",3425177,3425335,"circular_RNA/1",1,"+",3425177,3425177,"0,0,0",1,"158","0",1,"ciRNA","ENSG00000141905","ENST00000641145","3","19:3425177-3433517",0.0479726428398,0.0383781142718,1.19832374024
"182","19",4517376,4517553,"circular_RNA/1",1,"-",4517376,4517376,"0,0,0",1,"177","0",1,"ciRNA","ENSG00000167676","ENST00000633942","3","19:4516678-4517553",0.0479726428398,0,5.79726428398
"183","19",10830378,10830532,"circular_RNA/1",1,"+",10830378,10830378,"0,0,0",1,"154","0",1,"ciRNA","ENSG00000079805","ENST00000585892","20","19:10830378-10830980",0.0479726428398,0.0479726428398,1
"184","19",19354445,19354614,"circular_RNA/1",1,"+",19354445,19354445,"0,0,0",1,"169","0",1,"ciRNA","ENSG00000129933","ENST00000262815","17","19:19354445-19355263",0.0479726428398,0,5.79726428398
"185","19",35869810,35869978,"circular_RNA/1",1,"+",35869810,35869810,"0,0,0",1,"168","0",1,"ciRNA","ENSG00000105290","ENST00000537454","2","19:35869810-35870895",0.0479726428398,0.0209880312424,1.87080755103
"186","19",46745593,46745756,"circular_RNA/1",1,"-",46745593,46745593,"0,0,0",1,"163","0",1,"ciRNA","ENSG00000090372","ENST00000597063","1","19:46739386-46745756",0.0479726428398,0,5.79726428398
"187","19",47157181,47157395,"circular_RNA/1",1,"+",47157181,47157181,"0,0,0",1,"214","0",1,"ciRNA","ENSG00000142230","ENST00000660039","6","19:47157181-47169817",0.0479726428398,0.0239863214199,1.7057639785
"188","19",48636691,48636855,"circular_RNA/1",1,"-",48636691,48636691,"0,0,0",1,"164","0",1,"ciRNA","ENSG00000105516","ENST00000222122","1","19:48635990-48636855",0.0479726428398,0,5.79726428398
"189","19",49168736,49168895,"circular_RNA/1",1,"+",49168736,49168736,"0,0,0",1,"159","0",1,"ciRNA","ENSG00000130529","ENST00000598691","4","19:49168736-49171356",0.0479726428398,0,5.79726428398
"190","19",52170190,52170359,"circular_RNA/1",1,"-",52170190,52170190,"0,0,0",1,"169","0",1,"ciRNA","ENSG00000196267","ENST00000596428","1","19:52169781-52170359",0.0479726428398,0,5.79726428398
"191","19",55179936,55180116,"circular_RNA/1",1,"-",55179936,55179936,"0,0,0",1,"180","0",1,"ciRNA","ENSG00000129990","ENST00000354308","1","19:55179086-55180116",0.0479726428398,0,5.79726428398
"192","19",56810228,56810413,"circular_RNA/2",1,"+",56810228,56810228,"0,0,0",1,"185","0",2,"ciRNA","ENSG00000286125","ENST00000652504","5","19:56810228-56822210",0.0959452856795,0,10.594528568
"193","18",14338276,14338427,"circular_RNA/3",1,"+",14338276,14338276,"0,0,0",1,"151","0",3,"ciRNA","ENSG00000265787","ENST00000636121","1","18:14338276-14338521",0.143917928519,0,15.3917928519
"194","18",20986667,20986949,"circular_RNA/1",1,"-",20986667,20986667,"0,0,0",1,"282","0",1,"ciRNA","ENSG00000067900","ENST00000399799","19","18:20984535-20986949",0.0479726428398,0.0209880312424,1.87080755103
"195","18",37275728,37275925,"circular_RNA/1",1,"+",37275728,37275728,"0,0,0",1,"197","0",1,"ciRNA","ENSG00000267202","ENST00000586610","2","18:37275728-37276151",0.0479726428398,0,5.79726428398
"196","18",50276482,50276661,"circular_RNA/1",1,"-",50276482,50276482,"0,0,0",1,"179","0",1,"ciRNA","ENSG00000141644","ENST00000585672","5","18:50276418-50276661",0.0479726428398,0.0287835857039,1.49477264125
"197","18",74577029,74577267,"circular_RNA/1",1,"+",74577029,74577029,"0,0,0",1,"238","0",1,"ciRNA","ENSG00000150656","ENST00000358821","8","18:74577029-74578162",0.0479726428398,0,5.79726428398
