"","chrom","start","end","name","n_reads","strand","n_uniq","uniq_bridges","best_qual_left","best_qual_right","tissues","tiss_counts","edits","anchor_overlap","breakpoints","signal","strandmatch","category"
"1","19",573912,574087,"mma_circ_000001",82,"+",3,82,40,5,"my_test_mma2",82,1,0,1,"GTAG",NA,"ANCHOR_UNIQUE,CANONICAL,CIRCULAR,GOOD_EXT,UNAMBIGUOUS_BP"
"2","8",118219158,118219337,"mma_circ_000002",26,"+",5,26,37,40,"my_test_mma2",26,0,0,1,"GTAG",NA,"ANCHOR_UNIQUE,CANONICAL,CIRCULAR,PERFECT_EXT,UNAMBIGUOUS_BP"
"3","6",148776278,148779673,"mma_circ_000003",24,"-",3,24,40,40,"my_test_mma2",24,0,0,1,"GTAG",NA,"ANCHOR_UNIQUE,CANONICAL,CIRCULAR,PERFECT_EXT,UNAMBIGUOUS_BP"
"4","10",97266963,97273038,"mma_circ_000004",46,"+",6,46,40,40,"my_test_mma2",46,0,0,1,"GTAG",NA,"ANCHOR_UNIQUE,CANONICAL,CIRCULAR,PERFECT_EXT,UNAMBIGUOUS_BP"
"5","16",53473663,53475629,"mma_circ_000006",26,"-",4,26,40,40,"my_test_mma2",26,0,0,1,"GTAG",NA,"ANCHOR_UNIQUE,CANONICAL,CIRCULAR,PERFECT_EXT,UNAMBIGUOUS_BP"
"6","X",47784572,47844570,"mma_circ_000007",36,"+",4,24,40,5,"my_test_mma2",36,0,0,1,"GTAG",NA,"ANCHOR_UNIQUE,CANONICAL,CIRCULAR,PERFECT_EXT,UNAMBIGUOUS_BP"
"7","16",64306917,64320611,"mma_circ_000008",51,"+",2,51,40,5,"my_test_mma2",51,0,0,1,"GTAG",NA,"ANCHOR_UNIQUE,CANONICAL,CIRCULAR,PERFECT_EXT,UNAMBIGUOUS_BP"
"8","5",153311662,153329317,"mma_circ_000009",2,"+",2,2,40,40,"my_test_mma2",2,0,0,1,"GTAG",NA,"ANCHOR_UNIQUE,CANONICAL,CIRCULAR,PERFECT_EXT,UNAMBIGUOUS_BP"
"9","5",63824493,63824624,"mma_circ_000011",2,"+",2,2,40,40,"my_test_mma2",2,0,0,1,"GTAG",NA,"ANCHOR_UNIQUE,CANONICAL,CIRCULAR,PERFECT_EXT,UNAMBIGUOUS_BP"
"10","2",153230667,153233954,"mma_circ_000012",27,"-",1,27,40,40,"my_test_mma2",27,0,0,1,"GTAG",NA,"ANCHOR_UNIQUE,CANONICAL,CIRCULAR,PERFECT_EXT,UNAMBIGUOUS_BP"
"11","2",98593595,98593763,"mma_circ_000013",19,"+",1,19,5,40,"my_test_mma2",19,1,0,1,"GTAG",NA,"ANCHOR_UNIQUE,CANONICAL,CIRCULAR,GOOD_EXT,UNAMBIGUOUS_BP"
"12","11",95836290,95836440,"mma_circ_000014",31,"-",4,31,40,40,"my_test_mma2",31,2,0,1,"GTAG",NA,"ANCHOR_UNIQUE,CANONICAL,CIRCULAR,OK_EXT,UNAMBIGUOUS_BP"
"13","20",62053362,62063694,"mma_circ_000015",13,"+",2,13,40,40,"my_test_mma2",13,0,0,1,"GTAG",NA,"ANCHOR_UNIQUE,CANONICAL,CIRCULAR,PERFECT_EXT,UNAMBIGUOUS_BP"
"14","1",96816928,96817632,"mma_circ_000016",52,"-",6,52,5,40,"my_test_mma2",52,0,0,1,"GTAG",NA,"ANCHOR_UNIQUE,CANONICAL,CIRCULAR,PERFECT_EXT,UNAMBIGUOUS_BP"
"15","7",114648143,114650110,"mma_circ_000018",30,"-",3,29,5,5,"my_test_mma2",30,0,0,1,"GTAG",NA,"ANCHOR_UNIQUE,CANONICAL,CIRCULAR,PERFECT_EXT,UNAMBIGUOUS_BP"
"16","5",48115881,48140883,"mma_circ_000019",47,"-",5,47,40,40,"my_test_mma2",47,0,0,1,"GTAG",NA,"ANCHOR_UNIQUE,CANONICAL,CIRCULAR,PERFECT_EXT,UNAMBIGUOUS_BP"
"17","2",62565200,62601111,"mma_circ_000020",37,"-",9,37,37,40,"my_test_mma2",37,0,0,1,"GTAG",NA,"ANCHOR_UNIQUE,CANONICAL,CIRCULAR,PERFECT_EXT,UNAMBIGUOUS_BP"
"18","10",28897860,28900185,"mma_circ_000021",32,"-",4,32,5,40,"my_test_mma2",32,0,0,1,"GTAG",NA,"ANCHOR_UNIQUE,CANONICAL,CIRCULAR,PERFECT_EXT,UNAMBIGUOUS_BP"
"19","19",4363170,4364905,"mma_circ_000023",74,"-",7,74,40,40,"my_test_mma2",74,0,0,1,"GTAG",NA,"ANCHOR_UNIQUE,CANONICAL,CIRCULAR,PERFECT_EXT,UNAMBIGUOUS_BP"
"20","1",132422733,132459642,"mma_circ_000024",41,"+",5,41,40,5,"my_test_mma2",41,0,0,1,"GTAG",NA,"ANCHOR_UNIQUE,CANONICAL,CIRCULAR,PERFECT_EXT,UNAMBIGUOUS_BP"
"21","16",7292500,7292689,"mma_circ_000025",25,"-",1,25,5,40,"my_test_mma2",25,1,0,1,"GTAG",NA,"ANCHOR_UNIQUE,CANONICAL,CIRCULAR,GOOD_EXT,UNAMBIGUOUS_BP"
"22","11",123476124,123479781,"mma_circ_000026",40,"+",5,40,5,40,"my_test_mma2",40,0,0,1,"GTAG",NA,"ANCHOR_UNIQUE,CANONICAL,CIRCULAR,PERFECT_EXT,UNAMBIGUOUS_BP"
"23","20",72664966,72665185,"mma_circ_000028",378,"+",25,378,40,40,"my_test_mma2",378,0,0,1,"GTAG",NA,"ANCHOR_UNIQUE,CANONICAL,CIRCULAR,PERFECT_EXT,UNAMBIGUOUS_BP"
"24","16",78433925,78434114,"mma_circ_000029",21,"+",2,21,40,5,"my_test_mma2",21,2,0,1,"GTAG",NA,"ANCHOR_UNIQUE,CANONICAL,CIRCULAR,OK_EXT,UNAMBIGUOUS_BP"
"25","12",105257752,105257922,"mma_circ_000030",21,"+",3,21,5,5,"my_test_mma2",21,1,0,1,"GTAG",NA,"ANCHOR_UNIQUE,CANONICAL,CIRCULAR,GOOD_EXT,UNAMBIGUOUS_BP"
"26","18",35522421,35535481,"mma_circ_000031",5,"+",2,4,40,35,"my_test_mma2",5,0,0,1,"GTAG",NA,"ANCHOR_UNIQUE,CANONICAL,CIRCULAR,PERFECT_EXT,UNAMBIGUOUS_BP"
"27","2",77161053,77217792,"mma_circ_000032",66,"+",13,66,40,40,"my_test_mma2",66,0,0,1,"GTAG",NA,"ANCHOR_UNIQUE,CANONICAL,CIRCULAR,PERFECT_EXT,UNAMBIGUOUS_BP"
"28","8",54418041,54423693,"mma_circ_000034",38,"-",7,38,40,40,"my_test_mma2",38,0,0,1,"GTAG",NA,"ANCHOR_UNIQUE,CANONICAL,CIRCULAR,PERFECT_EXT,UNAMBIGUOUS_BP"
"29","8",31407115,31451778,"mma_circ_000035",65,"+",8,65,5,5,"my_test_mma2",65,0,0,1,"GTAG",NA,"ANCHOR_UNIQUE,CANONICAL,CIRCULAR,PERFECT_EXT,UNAMBIGUOUS_BP"
"30","7",52546267,52547821,"mma_circ_000036",59,"-",8,59,40,40,"my_test_mma2",59,0,0,1,"GTAG",NA,"ANCHOR_UNIQUE,CANONICAL,CIRCULAR,PERFECT_EXT,UNAMBIGUOUS_BP"
"31","6",140811264,140812461,"mma_circ_000037",47,"-",12,47,40,37,"my_test_mma2",47,0,0,1,"GTAG",NA,"ANCHOR_UNIQUE,CANONICAL,CIRCULAR,PERFECT_EXT,UNAMBIGUOUS_BP"
"32","18",70872743,70877889,"mma_circ_000038",8,"+",3,8,37,5,"my_test_mma2",8,0,0,1,"GTAG",NA,"ANCHOR_UNIQUE,CANONICAL,CIRCULAR,PERFECT_EXT,UNAMBIGUOUS_BP"
"33","6",76449776,76498869,"mma_circ_000039",63,"+",9,63,40,5,"my_test_mma2",63,0,0,1,"GTAG",NA,"ANCHOR_UNIQUE,CANONICAL,CIRCULAR,PERFECT_EXT,UNAMBIGUOUS_BP"
"34","X",116481137,116506947,"mma_circ_000041",48,"-",5,48,5,40,"my_test_mma2",48,0,0,1,"GTAG",NA,"ANCHOR_UNIQUE,CANONICAL,CIRCULAR,PERFECT_EXT,UNAMBIGUOUS_BP"
"35","14",48337636,48338524,"mma_circ_000042",40,"-",3,40,5,5,"my_test_mma2",40,2,0,1,"GTAG",NA,"ANCHOR_UNIQUE,CANONICAL,CIRCULAR,OK_EXT,UNAMBIGUOUS_BP"
"36","11",48938780,48939295,"mma_circ_000043",55,"+",5,55,5,5,"my_test_mma2",55,1,0,1,"GTAG",NA,"ANCHOR_UNIQUE,CANONICAL,CIRCULAR,GOOD_EXT,UNAMBIGUOUS_BP"
"37","2",195700344,195700641,"mma_circ_000044",2,"+",2,1,35,5,"my_test_mma2",2,2,0,1,"GTAG",NA,"ANCHOR_UNIQUE,CANONICAL,CIRCULAR,OK_EXT,UNAMBIGUOUS_BP"
"38","7",154801492,154819811,"mma_circ_000045",30,"+",6,30,40,5,"my_test_mma2",30,0,0,1,"GTAG",NA,"ANCHOR_UNIQUE,CANONICAL,CIRCULAR,PERFECT_EXT,UNAMBIGUOUS_BP"
"39","1",133547238,133548768,"mma_circ_000046",50,"+",7,49,40,5,"my_test_mma2",50,0,0,1,"GTAG",NA,"ANCHOR_UNIQUE,CANONICAL,CIRCULAR,PERFECT_EXT,UNAMBIGUOUS_BP"
"40","2",75084645,75088409,"mma_circ_000047",82,"-",6,82,40,40,"my_test_mma2",82,0,0,1,"GTAG",NA,"ANCHOR_UNIQUE,CANONICAL,CIRCULAR,PERFECT_EXT,UNAMBIGUOUS_BP"
"41","15",69474977,69482545,"mma_circ_000048",75,"+",28,74,40,40,"my_test_mma2",75,0,0,1,"GTAG",NA,"ANCHOR_UNIQUE,CANONICAL,CIRCULAR,PERFECT_EXT,UNAMBIGUOUS_BP"
"42","5",80214797,80228035,"mma_circ_000049",66,"-",2,66,40,40,"my_test_mma2",66,0,0,1,"GTAG",NA,"ANCHOR_UNIQUE,CANONICAL,CIRCULAR,PERFECT_EXT,UNAMBIGUOUS_BP"
"43","14",97264972,97269170,"mma_circ_000050",22,"-",2,22,40,40,"my_test_mma2",22,0,0,1,"GTAG",NA,"ANCHOR_UNIQUE,CANONICAL,CIRCULAR,PERFECT_EXT,UNAMBIGUOUS_BP"
"44","10",14085313,14085467,"mma_circ_000051",30,"+",10,18,40,40,"my_test_mma2",30,0,0,1,"GTAG",NA,"ANCHOR_UNIQUE,CANONICAL,CIRCULAR,PERFECT_EXT,UNAMBIGUOUS_BP"
"45","20",61901428,61906529,"mma_circ_000053",16,"-",3,16,5,40,"my_test_mma2",16,0,0,1,"GTAG",NA,"ANCHOR_UNIQUE,CANONICAL,CIRCULAR,PERFECT_EXT,UNAMBIGUOUS_BP"
"46","12",105973138,105980573,"mma_circ_000054",28,"-",2,28,40,40,"my_test_mma2",28,0,0,1,"GTAG",NA,"ANCHOR_UNIQUE,CANONICAL,CIRCULAR,PERFECT_EXT,UNAMBIGUOUS_BP"
"47","2",77157291,77161335,"mma_circ_000055",205,"+",23,190,40,40,"my_test_mma2",205,0,0,1,"GTAG",NA,"ANCHOR_UNIQUE,CANONICAL,CIRCULAR,PERFECT_EXT,UNAMBIGUOUS_BP"
"48","15",50298872,50314572,"mma_circ_000057",27,"-",8,27,40,5,"my_test_mma2",27,0,0,1,"GTAG",NA,"ANCHOR_UNIQUE,CANONICAL,CIRCULAR,PERFECT_EXT,UNAMBIGUOUS_BP"
"49","7",35504081,35505760,"mma_circ_000058",40,"+",11,39,40,40,"my_test_mma2",40,0,0,1,"GTAG",NA,"ANCHOR_UNIQUE,CANONICAL,CIRCULAR,PERFECT_EXT,UNAMBIGUOUS_BP"
"50","5",50839989,50872878,"mma_circ_000059",33,"+",7,33,39,40,"my_test_mma2",33,0,0,1,"GTAG",NA,"ANCHOR_UNIQUE,CANONICAL,CIRCULAR,PERFECT_EXT,UNAMBIGUOUS_BP"
"51","12",17379034,17379247,"mma_circ_000060",52,"+",6,52,40,36,"my_test_mma2",52,1,0,1,"GTAG",NA,"ANCHOR_UNIQUE,CANONICAL,CIRCULAR,GOOD_EXT,UNAMBIGUOUS_BP"
"52","4",13387045,13433547,"mma_circ_000061",23,"+",6,23,5,40,"my_test_mma2",23,0,0,1,"GTAG",NA,"ANCHOR_UNIQUE,CANONICAL,CIRCULAR,PERFECT_EXT,UNAMBIGUOUS_BP"
"53","1",191689301,191695051,"mma_circ_000062",92,"+",7,92,37,5,"my_test_mma2",92,0,0,1,"GTAG",NA,"ANCHOR_UNIQUE,CANONICAL,CIRCULAR,PERFECT_EXT,UNAMBIGUOUS_BP"
"54","16",50325796,50327477,"mma_circ_000063",22,"-",4,22,40,40,"my_test_mma2",22,0,0,1,"GTAG",NA,"ANCHOR_UNIQUE,CANONICAL,CIRCULAR,PERFECT_EXT,UNAMBIGUOUS_BP"
"55","7",17512389,17515076,"mma_circ_000064",30,"-",3,2,2,40,"my_test_mma2",30,0,1,1,"GTAG",NA,"ANCHOR_UNIQUE,CANONICAL,CIRCULAR,GOOD_EXT,UNAMBIGUOUS_BP"
"56","1",203733632,203745740,"mma_circ_000065",43,"+",6,43,40,40,"my_test_mma2",43,0,0,1,"GTAG",NA,"ANCHOR_UNIQUE,CANONICAL,CIRCULAR,PERFECT_EXT,UNAMBIGUOUS_BP"
"57","14",31368891,31369391,"mma_circ_000067",74,"-",6,74,40,40,"my_test_mma2",74,0,0,1,"GTAG",NA,"ANCHOR_UNIQUE,CANONICAL,CIRCULAR,PERFECT_EXT,UNAMBIGUOUS_BP"
"58","15",78212757,78212923,"mma_circ_000068",29,"+",6,29,5,40,"my_test_mma2",29,1,0,1,"GTAG",NA,"ANCHOR_UNIQUE,CANONICAL,CIRCULAR,GOOD_EXT,UNAMBIGUOUS_BP"
"59","8",128254535,128254945,"mma_circ_000070",24,"+",1,24,5,40,"my_test_mma2",24,0,0,1,"GTAG",NA,"ANCHOR_UNIQUE,CANONICAL,CIRCULAR,PERFECT_EXT,UNAMBIGUOUS_BP"
"60","10",76360097,76378737,"mma_circ_000071",44,"+",7,43,5,40,"my_test_mma2",44,0,0,1,"GTAG",NA,"ANCHOR_UNIQUE,CANONICAL,CIRCULAR,PERFECT_EXT,UNAMBIGUOUS_BP"
"61","9",110651224,110669031,"mma_circ_000072",59,"+",6,58,37,40,"my_test_mma2",59,0,0,1,"GTAG",NA,"ANCHOR_UNIQUE,CANONICAL,CIRCULAR,PERFECT_EXT,UNAMBIGUOUS_BP"
"62","14",17957399,17967528,"mma_circ_000073",32,"+",3,32,40,5,"my_test_mma2",32,0,0,1,"GTAG",NA,"ANCHOR_UNIQUE,CANONICAL,CIRCULAR,PERFECT_EXT,UNAMBIGUOUS_BP"
"63","20",29818476,29818579,"mma_circ_000075",2,"+",2,1,40,37,"my_test_mma2",2,1,0,1,"GTAG",NA,"ANCHOR_UNIQUE,CANONICAL,CIRCULAR,GOOD_EXT,UNAMBIGUOUS_BP"
"64","1",2739481,2753580,"mma_circ_000076",27,"+",5,27,5,37,"my_test_mma2",27,0,0,1,"GTAG",NA,"ANCHOR_UNIQUE,CANONICAL,CIRCULAR,PERFECT_EXT,UNAMBIGUOUS_BP"
"65","6",68339027,68339192,"mma_circ_000077",65,"+",6,51,37,5,"my_test_mma2",65,1,0,1,"GTAG",NA,"ANCHOR_UNIQUE,CANONICAL,CIRCULAR,GOOD_EXT,UNAMBIGUOUS_BP"
"66","20",25807324,25811824,"mma_circ_000078",65,"+",2,64,5,40,"my_test_mma2",65,2,0,1,"GTAG",NA,"ANCHOR_UNIQUE,CANONICAL,CIRCULAR,OK_EXT,UNAMBIGUOUS_BP"
"67","9",132411258,132415422,"mma_circ_000079",22,"+",3,22,40,40,"my_test_mma2",22,0,0,1,"GTAG",NA,"ANCHOR_UNIQUE,CANONICAL,CIRCULAR,PERFECT_EXT,UNAMBIGUOUS_BP"
"68","18",70158418,70198282,"mma_circ_000080",47,"+",4,47,5,40,"my_test_mma2",47,0,0,1,"GTAG",NA,"ANCHOR_UNIQUE,CANONICAL,CIRCULAR,PERFECT_EXT,UNAMBIGUOUS_BP"
"69","11",127386498,127391452,"mma_circ_000082",70,"+",7,70,5,5,"my_test_mma2",70,0,0,1,"GTAG",NA,"ANCHOR_UNIQUE,CANONICAL,CIRCULAR,PERFECT_EXT,UNAMBIGUOUS_BP"
"70","3",20681806,20689323,"mma_circ_000083",22,"+",2,22,40,40,"my_test_mma2",22,0,0,1,"GTAG",NA,"ANCHOR_UNIQUE,CANONICAL,CIRCULAR,PERFECT_EXT,UNAMBIGUOUS_BP"
"71","20",3840279,3862267,"mma_circ_000084",20,"-",3,20,40,40,"my_test_mma2",20,0,0,1,"GTAG",NA,"ANCHOR_UNIQUE,CANONICAL,CIRCULAR,PERFECT_EXT,UNAMBIGUOUS_BP"
"72","4",155890539,155890688,"mma_circ_000085",2,"-",1,2,40,5,"my_test_mma2",2,1,0,1,"GTAG",NA,"ANCHOR_UNIQUE,CANONICAL,CIRCULAR,GOOD_EXT,UNAMBIGUOUS_BP"
"73","19",57544840,57546029,"mma_circ_000086",15,"-",4,14,40,40,"my_test_mma2",15,0,0,1,"GTAG",NA,"ANCHOR_UNIQUE,CANONICAL,CIRCULAR,PERFECT_EXT,UNAMBIGUOUS_BP"
"74","18",56355017,56398140,"mma_circ_000087",40,"+",3,40,40,40,"my_test_mma2",40,0,0,1,"GTAG",NA,"ANCHOR_UNIQUE,CANONICAL,CIRCULAR,PERFECT_EXT,UNAMBIGUOUS_BP"
"75","11",108861986,108886791,"mma_circ_000088",34,"+",6,34,5,5,"my_test_mma2",34,0,0,1,"GTAG",NA,"ANCHOR_UNIQUE,CANONICAL,CIRCULAR,PERFECT_EXT,UNAMBIGUOUS_BP"
"76","3",57448115,57448283,"mma_circ_000089",32,"+",6,29,5,5,"my_test_mma2",32,1,0,1,"GTAG",NA,"ANCHOR_UNIQUE,CANONICAL,CIRCULAR,GOOD_EXT,UNAMBIGUOUS_BP"
"77","5",84237321,84237443,"mma_circ_000090",2,"-",2,2,5,37,"my_test_mma2",2,1,0,1,"GTAG",NA,"ANCHOR_UNIQUE,CANONICAL,CIRCULAR,GOOD_EXT,UNAMBIGUOUS_BP"
"78","2",75075317,75117361,"mma_circ_000091",64,"-",5,64,40,40,"my_test_mma2",64,0,0,1,"GTAG",NA,"ANCHOR_UNIQUE,CANONICAL,CIRCULAR,PERFECT_EXT,UNAMBIGUOUS_BP"
"79","15",35904901,35917582,"mma_circ_000092",8,"-",2,8,40,5,"my_test_mma2",8,0,0,1,"GTAG",NA,"ANCHOR_UNIQUE,CANONICAL,CIRCULAR,PERFECT_EXT,UNAMBIGUOUS_BP"
"80","1",189150504,189154583,"mma_circ_000093",12,"+",2,12,35,5,"my_test_mma2",12,1,0,1,"GTAG",NA,"ANCHOR_UNIQUE,CANONICAL,CIRCULAR,GOOD_EXT,UNAMBIGUOUS_BP"
"81","1",124130904,124156927,"mma_circ_000094",50,"-",4,50,40,5,"my_test_mma2",50,0,0,1,"GTAG",NA,"ANCHOR_UNIQUE,CANONICAL,CIRCULAR,PERFECT_EXT,UNAMBIGUOUS_BP"
"82","13",39268307,39273644,"mma_circ_000095",18,"+",3,18,40,5,"my_test_mma2",18,0,0,1,"GTAG",NA,"ANCHOR_UNIQUE,CANONICAL,CIRCULAR,PERFECT_EXT,UNAMBIGUOUS_BP"
"83","11",2036905,2083833,"mma_circ_000096",92,"-",8,92,40,40,"my_test_mma2",92,0,0,1,"GTAG",NA,"ANCHOR_UNIQUE,CANONICAL,CIRCULAR,PERFECT_EXT,UNAMBIGUOUS_BP"
"84","1",123654865,123656037,"mma_circ_000097",37,"-",3,37,5,40,"my_test_mma2",37,0,0,1,"GTAG",NA,"ANCHOR_UNIQUE,CANONICAL,CIRCULAR,PERFECT_EXT,UNAMBIGUOUS_BP"
"85","1",96428466,96428610,"mma_circ_000098",53,"-",10,45,40,37,"my_test_mma2",53,1,0,1,"GTAG",NA,"ANCHOR_UNIQUE,CANONICAL,CIRCULAR,GOOD_EXT,UNAMBIGUOUS_BP"
"86","13",931196,950400,"mma_circ_000100",10,"-",1,10,5,40,"my_test_mma2",10,0,0,1,"GTAG",NA,"ANCHOR_UNIQUE,CANONICAL,CIRCULAR,PERFECT_EXT,UNAMBIGUOUS_BP"
"87","13",5068719,5076162,"mma_circ_000101",106,"+",14,106,40,40,"my_test_mma2",106,0,0,1,"GTAG",NA,"ANCHOR_UNIQUE,CANONICAL,CIRCULAR,PERFECT_EXT,UNAMBIGUOUS_BP"
"88","19",53978979,54005726,"mma_circ_000102",22,"+",2,22,35,5,"my_test_mma2",22,2,1,1,"GTAG",NA,"ANCHOR_UNIQUE,CANONICAL,CIRCULAR,OK_EXT,UNAMBIGUOUS_BP"
"89","1",198766054,198766560,"mma_circ_000103",35,"-",4,35,5,5,"my_test_mma2",35,0,0,1,"GTAG",NA,"ANCHOR_UNIQUE,CANONICAL,CIRCULAR,PERFECT_EXT,UNAMBIGUOUS_BP"
"90","X",31040146,31041365,"mma_circ_000104",59,"-",2,59,40,40,"my_test_mma2",59,0,0,1,"GTAG",NA,"ANCHOR_UNIQUE,CANONICAL,CIRCULAR,PERFECT_EXT,UNAMBIGUOUS_BP"
"91","1",937880,1013804,"mma_circ_000105",3,"-",3,2,5,5,"my_test_mma2",3,1,0,1,"GTAG",NA,"ANCHOR_UNIQUE,CANONICAL,CIRCULAR,GOOD_EXT,UNAMBIGUOUS_BP"
"92","14",96332550,96355808,"mma_circ_000106",31,"-",6,31,40,40,"my_test_mma2",31,0,0,1,"GTAG",NA,"ANCHOR_UNIQUE,CANONICAL,CIRCULAR,PERFECT_EXT,UNAMBIGUOUS_BP"
"93","7",72079332,72079546,"mma_circ_000107",41,"+",7,41,40,40,"my_test_mma2",41,0,0,1,"GTAG",NA,"ANCHOR_UNIQUE,CANONICAL,CIRCULAR,PERFECT_EXT,UNAMBIGUOUS_BP"
"94","4",122133848,122136496,"mma_circ_000108",192,"+",18,190,40,40,"my_test_mma2",192,0,0,1,"GTAG",NA,"ANCHOR_UNIQUE,CANONICAL,CIRCULAR,PERFECT_EXT,UNAMBIGUOUS_BP"
"95","5",3204112,3223645,"mma_circ_000109",12,"+",2,12,35,40,"my_test_mma2",12,0,0,1,"GTAG",NA,"ANCHOR_UNIQUE,CANONICAL,CIRCULAR,PERFECT_EXT,UNAMBIGUOUS_BP"
"96","14",79235670,79242009,"mma_circ_000112",76,"-",8,76,40,5,"my_test_mma2",76,0,0,1,"GTAG",NA,"ANCHOR_UNIQUE,CANONICAL,CIRCULAR,PERFECT_EXT,UNAMBIGUOUS_BP"
"97","10",9084405,9084735,"mma_circ_000113",425,"+",32,410,40,40,"my_test_mma2",425,0,0,1,"GTAG",NA,"ANCHOR_UNIQUE,CANONICAL,CIRCULAR,PERFECT_EXT,UNAMBIGUOUS_BP"
"98","5",92661934,92668316,"mma_circ_000114",36,"+",6,36,40,5,"my_test_mma2",36,0,0,1,"GTAG",NA,"ANCHOR_UNIQUE,CANONICAL,CIRCULAR,PERFECT_EXT,UNAMBIGUOUS_BP"
"99","17",964423,983614,"mma_circ_000115",7,"-",2,6,5,5,"my_test_mma2",7,0,0,1,"GTAG",NA,"ANCHOR_UNIQUE,CANONICAL,CIRCULAR,PERFECT_EXT,UNAMBIGUOUS_BP"
"100","19",3308998,3337949,"mma_circ_000116",51,"+",1,51,40,40,"my_test_mma2",51,0,0,1,"GTAG",NA,"ANCHOR_UNIQUE,CANONICAL,CIRCULAR,PERFECT_EXT,UNAMBIGUOUS_BP"
"101","17",7462422,7468431,"mma_circ_000117",57,"+",5,57,40,40,"my_test_mma2",57,0,0,1,"GTAG",NA,"ANCHOR_UNIQUE,CANONICAL,CIRCULAR,PERFECT_EXT,UNAMBIGUOUS_BP"
"102","5",145755982,145765082,"mma_circ_000119",9,"-",3,1,40,4,"my_test_mma2",9,0,0,1,"GTAG",NA,"ANCHOR_UNIQUE,CANONICAL,CIRCULAR,PERFECT_EXT,UNAMBIGUOUS_BP"
"103","14",111851459,111851926,"mma_circ_000120",29,"-",3,29,5,5,"my_test_mma2",29,0,0,1,"GTAG",NA,"ANCHOR_UNIQUE,CANONICAL,CIRCULAR,PERFECT_EXT,UNAMBIGUOUS_BP"
"104","3",132406294,132407899,"mma_circ_000122",34,"-",4,34,5,5,"my_test_mma2",34,0,0,1,"GTAG",NA,"ANCHOR_UNIQUE,CANONICAL,CIRCULAR,PERFECT_EXT,UNAMBIGUOUS_BP"
"105","20",29315652,29316414,"mma_circ_000123",44,"+",10,44,5,37,"my_test_mma2",44,0,0,1,"GTAG",NA,"ANCHOR_UNIQUE,CANONICAL,CIRCULAR,PERFECT_EXT,UNAMBIGUOUS_BP"
"106","12",97473966,97475083,"mma_circ_000124",31,"-",4,31,40,40,"my_test_mma2",31,0,0,1,"GTAG",NA,"ANCHOR_UNIQUE,CANONICAL,CIRCULAR,PERFECT_EXT,UNAMBIGUOUS_BP"
"107","17",92577969,92605280,"mma_circ_000125",2,"+",1,2,40,5,"my_test_mma2",2,0,0,1,"GTAG",NA,"ANCHOR_UNIQUE,CANONICAL,CIRCULAR,PERFECT_EXT,UNAMBIGUOUS_BP"
"108","9",78181317,78191645,"mma_circ_000126",46,"+",4,45,37,40,"my_test_mma2",46,0,0,1,"GTAG",NA,"ANCHOR_UNIQUE,CANONICAL,CIRCULAR,PERFECT_EXT,UNAMBIGUOUS_BP"
"109","9",43911238,43911419,"mma_circ_000127",15,"-",3,13,40,5,"my_test_mma2",15,2,0,1,"GTAG",NA,"ANCHOR_UNIQUE,CANONICAL,CIRCULAR,OK_EXT,UNAMBIGUOUS_BP"
"110","11",68787065,68787230,"mma_circ_000128",9,"-",2,9,40,5,"my_test_mma2",9,1,0,1,"GTAG",NA,"ANCHOR_UNIQUE,CANONICAL,CIRCULAR,GOOD_EXT,UNAMBIGUOUS_BP"
"111","16",7292185,7292395,"mma_circ_000129",20,"-",2,20,5,5,"my_test_mma2",20,0,0,1,"GTAG",NA,"ANCHOR_UNIQUE,CANONICAL,CIRCULAR,PERFECT_EXT,UNAMBIGUOUS_BP"
"112","6",124296731,124304093,"mma_circ_000130",18,"+",3,18,40,5,"my_test_mma2",18,0,0,1,"GTAG",NA,"ANCHOR_UNIQUE,CANONICAL,CIRCULAR,PERFECT_EXT,UNAMBIGUOUS_BP"
"113","10",20061822,20063932,"mma_circ_000131",18,"+",3,1,4,5,"my_test_mma2",18,0,0,1,"GTAG",NA,"ANCHOR_UNIQUE,CANONICAL,CIRCULAR,PERFECT_EXT,UNAMBIGUOUS_BP"
"114","5",40049563,40052578,"mma_circ_000132",56,"-",11,56,40,40,"my_test_mma2",56,0,0,1,"GTAG",NA,"ANCHOR_UNIQUE,CANONICAL,CIRCULAR,PERFECT_EXT,UNAMBIGUOUS_BP"
"115","3",73162343,73188067,"mma_circ_000133",12,"+",1,12,40,5,"my_test_mma2",12,0,0,1,"GTAG",NA,"ANCHOR_UNIQUE,CANONICAL,CIRCULAR,PERFECT_EXT,UNAMBIGUOUS_BP"
"116","3",20681806,20711355,"mma_circ_000134",30,"+",2,30,40,40,"my_test_mma2",30,0,0,1,"GTAG",NA,"ANCHOR_UNIQUE,CANONICAL,CIRCULAR,PERFECT_EXT,UNAMBIGUOUS_BP"
"117","7",18228997,18231171,"mma_circ_000135",39,"+",5,39,5,5,"my_test_mma2",39,0,0,1,"GTAG",NA,"ANCHOR_UNIQUE,CANONICAL,CIRCULAR,PERFECT_EXT,UNAMBIGUOUS_BP"
"118","6",17474158,17476617,"mma_circ_000136",50,"-",2,47,40,5,"my_test_mma2",50,2,0,1,"GTAG",NA,"ANCHOR_UNIQUE,CANONICAL,CIRCULAR,OK_EXT,UNAMBIGUOUS_BP"
"119","12",112282473,112283251,"mma_circ_000137",101,"-",12,101,40,40,"my_test_mma2",101,0,0,1,"GTAG",NA,"ANCHOR_UNIQUE,CANONICAL,CIRCULAR,PERFECT_EXT,UNAMBIGUOUS_BP"
"120","12",76885737,76899408,"mma_circ_000138",4,"+",1,4,40,40,"my_test_mma2",4,0,0,1,"GTAG",NA,"ANCHOR_UNIQUE,CANONICAL,CIRCULAR,PERFECT_EXT,UNAMBIGUOUS_BP"
"121","16",49219143,49235397,"mma_circ_000139",25,"-",2,25,5,40,"my_test_mma2",25,0,0,1,"GTAG",NA,"ANCHOR_UNIQUE,CANONICAL,CIRCULAR,PERFECT_EXT,UNAMBIGUOUS_BP"
"122","19",16596390,16597288,"mma_circ_000140",38,"+",5,38,40,40,"my_test_mma2",38,0,0,1,"GTAG",NA,"ANCHOR_UNIQUE,CANONICAL,CIRCULAR,PERFECT_EXT,UNAMBIGUOUS_BP"
"123","16",53472347,53475629,"mma_circ_000141",58,"-",12,57,40,40,"my_test_mma2",58,0,0,1,"GTAG",NA,"ANCHOR_UNIQUE,CANONICAL,CIRCULAR,PERFECT_EXT,UNAMBIGUOUS_BP"
"124","9",111522152,111522323,"mma_circ_000142",15,"-",9,14,37,5,"my_test_mma2",15,1,0,1,"GTAG",NA,"ANCHOR_UNIQUE,CANONICAL,CIRCULAR,GOOD_EXT,UNAMBIGUOUS_BP"
"125","9",125389453,125392352,"mma_circ_000143",92,"+",8,92,40,5,"my_test_mma2",92,1,0,1,"GTAG",NA,"ANCHOR_UNIQUE,CANONICAL,CIRCULAR,GOOD_EXT,UNAMBIGUOUS_BP"
"126","2",108821109,108848802,"mma_circ_000144",51,"-",8,51,40,40,"my_test_mma2",51,0,0,1,"GTAG",NA,"ANCHOR_UNIQUE,CANONICAL,CIRCULAR,PERFECT_EXT,UNAMBIGUOUS_BP"
"127","4",87695426,87722437,"mma_circ_000145",37,"+",6,37,5,5,"my_test_mma2",37,0,0,1,"GTAG",NA,"ANCHOR_UNIQUE,CANONICAL,CIRCULAR,PERFECT_EXT,UNAMBIGUOUS_BP"
"128","4",55325669,55334855,"mma_circ_000146",111,"+",16,111,40,40,"my_test_mma2",111,0,0,1,"GTAG",NA,"ANCHOR_UNIQUE,CANONICAL,CIRCULAR,PERFECT_EXT,UNAMBIGUOUS_BP"
"129","5",136929111,136929381,"mma_circ_000147",67,"+",12,67,5,40,"my_test_mma2",67,0,0,1,"GTAG",NA,"ANCHOR_UNIQUE,CANONICAL,CIRCULAR,PERFECT_EXT,UNAMBIGUOUS_BP"
"130","4",97306996,97307424,"mma_circ_000148",70,"-",9,69,40,40,"my_test_mma2",70,0,0,1,"GTAG",NA,"ANCHOR_UNIQUE,CANONICAL,CIRCULAR,PERFECT_EXT,UNAMBIGUOUS_BP"
"131","20",35334776,35358981,"mma_circ_000149",74,"+",3,74,40,40,"my_test_mma2",74,0,0,1,"GTAG",NA,"ANCHOR_UNIQUE,CANONICAL,CIRCULAR,PERFECT_EXT,UNAMBIGUOUS_BP"
"132","2",31971365,31977551,"mma_circ_000150",84,"+",12,84,37,40,"my_test_mma2",84,0,0,1,"GTAG",NA,"ANCHOR_UNIQUE,CANONICAL,CIRCULAR,PERFECT_EXT,UNAMBIGUOUS_BP"
"133","2",146592581,146592832,"mma_circ_000151",22,"+",4,22,5,40,"my_test_mma2",22,1,0,1,"GTAG",NA,"ANCHOR_UNIQUE,CANONICAL,CIRCULAR,GOOD_EXT,UNAMBIGUOUS_BP"
"134","15",50238031,50245838,"mma_circ_000152",27,"+",2,27,5,40,"my_test_mma2",27,0,0,1,"GTAG",NA,"ANCHOR_UNIQUE,CANONICAL,CIRCULAR,PERFECT_EXT,UNAMBIGUOUS_BP"
"135","19",53979273,54005704,"mma_circ_000153",19,"-",6,1,5,40,"my_test_mma2",19,2,0,1,"GTAG",NA,"ANCHOR_UNIQUE,CANONICAL,CIRCULAR,OK_EXT,UNAMBIGUOUS_BP"
"136","3",20271281,20281990,"mma_circ_000154",26,"-",5,26,39,5,"my_test_mma2",26,1,0,1,"GTAG",NA,"ANCHOR_UNIQUE,CANONICAL,CIRCULAR,GOOD_EXT,UNAMBIGUOUS_BP"
"137","6",122171243,122171499,"mma_circ_000156",88,"-",6,88,40,40,"my_test_mma2",88,0,0,1,"GTAG",NA,"ANCHOR_UNIQUE,CANONICAL,CIRCULAR,PERFECT_EXT,UNAMBIGUOUS_BP"
"138","4",165217578,165218245,"mma_circ_000157",34,"-",6,22,40,37,"my_test_mma2",34,0,0,1,"GTAG",NA,"ANCHOR_UNIQUE,CANONICAL,CIRCULAR,PERFECT_EXT,UNAMBIGUOUS_BP"
"139","3",31077542,31081045,"mma_circ_000160",10,"-",2,10,40,5,"my_test_mma2",10,0,0,1,"GTAG",NA,"ANCHOR_UNIQUE,CANONICAL,CIRCULAR,PERFECT_EXT,UNAMBIGUOUS_BP"
"140","16",19386350,19446744,"mma_circ_000161",12,"-",1,12,40,40,"my_test_mma2",12,1,0,1,"GTAG",NA,"ANCHOR_UNIQUE,CANONICAL,CIRCULAR,GOOD_EXT,UNAMBIGUOUS_BP"
"141","20",11440744,11440957,"mma_circ_000162",80,"+",14,80,39,37,"my_test_mma2",80,1,0,1,"GTAG",NA,"ANCHOR_UNIQUE,CANONICAL,CIRCULAR,GOOD_EXT,UNAMBIGUOUS_BP"
"142","8",61332675,61387437,"mma_circ_000163",15,"+",4,15,40,40,"my_test_mma2",15,1,0,1,"GTAG",NA,"ANCHOR_UNIQUE,CANONICAL,CIRCULAR,GOOD_EXT,UNAMBIGUOUS_BP"
"143","2",190269774,190315384,"mma_circ_000165",4,"+",2,4,40,40,"my_test_mma2",4,0,0,1,"GTAG",NA,"ANCHOR_UNIQUE,CANONICAL,CIRCULAR,PERFECT_EXT,UNAMBIGUOUS_BP"
"144","15",112904521,112909091,"mma_circ_000166",28,"-",2,28,40,35,"my_test_mma2",28,0,0,1,"GTAG",NA,"ANCHOR_UNIQUE,CANONICAL,CIRCULAR,PERFECT_EXT,UNAMBIGUOUS_BP"
"145","6",69883942,69903301,"mma_circ_000168",87,"+",9,87,40,40,"my_test_mma2",87,0,0,1,"GTAG",NA,"ANCHOR_UNIQUE,CANONICAL,CIRCULAR,PERFECT_EXT,UNAMBIGUOUS_BP"
"146","11",48545330,48547569,"mma_circ_000169",48,"-",3,48,40,5,"my_test_mma2",48,0,0,1,"GTAG",NA,"ANCHOR_UNIQUE,CANONICAL,CIRCULAR,PERFECT_EXT,UNAMBIGUOUS_BP"
"147","10",63537245,63538178,"mma_circ_000170",112,"-",14,111,40,40,"my_test_mma2",112,0,0,1,"GTAG",NA,"ANCHOR_UNIQUE,CANONICAL,CIRCULAR,PERFECT_EXT,UNAMBIGUOUS_BP"
"148","12",61044332,61045692,"mma_circ_000171",36,"-",8,35,40,40,"my_test_mma2",36,0,0,1,"GTAG",NA,"ANCHOR_UNIQUE,CANONICAL,CIRCULAR,PERFECT_EXT,UNAMBIGUOUS_BP"
"149","15",91921673,91924792,"mma_circ_000172",4,"+",1,4,40,5,"my_test_mma2",4,0,0,1,"GTAG",NA,"ANCHOR_UNIQUE,CANONICAL,CIRCULAR,PERFECT_EXT,UNAMBIGUOUS_BP"
"150","3",113514501,113516694,"mma_circ_000173",16,"+",4,16,40,40,"my_test_mma2",16,0,0,1,"GTAG",NA,"ANCHOR_UNIQUE,CANONICAL,CIRCULAR,PERFECT_EXT,UNAMBIGUOUS_BP"
"151","9",22928298,22973204,"mma_circ_000174",42,"-",4,42,5,40,"my_test_mma2",42,0,0,1,"GTAG",NA,"ANCHOR_UNIQUE,CANONICAL,CIRCULAR,PERFECT_EXT,UNAMBIGUOUS_BP"
"152","2",190280200,190343659,"mma_circ_000175",6,"+",1,6,40,5,"my_test_mma2",6,0,2,1,"GTAG",NA,"ANCHOR_UNIQUE,CANONICAL,CIRCULAR,OK_EXT,UNAMBIGUOUS_BP"
"153","11",50073562,50081638,"mma_circ_000176",19,"+",2,19,5,5,"my_test_mma2",19,0,0,1,"GTAG",NA,"ANCHOR_UNIQUE,CANONICAL,CIRCULAR,PERFECT_EXT,UNAMBIGUOUS_BP"
"154","13",71910813,71919333,"mma_circ_000177",37,"+",3,37,37,40,"my_test_mma2",37,1,0,1,"GTAG",NA,"ANCHOR_UNIQUE,CANONICAL,CIRCULAR,GOOD_EXT,UNAMBIGUOUS_BP"
"155","20",55343396,55344531,"mma_circ_000178",22,"+",4,22,40,40,"my_test_mma2",22,0,0,1,"GTAG",NA,"ANCHOR_UNIQUE,CANONICAL,CIRCULAR,PERFECT_EXT,UNAMBIGUOUS_BP"
"156","11",65773821,65797524,"mma_circ_000179",74,"+",10,74,40,40,"my_test_mma2",74,0,0,1,"GTAG",NA,"ANCHOR_UNIQUE,CANONICAL,CIRCULAR,PERFECT_EXT,UNAMBIGUOUS_BP"
"157","3",178209363,178240589,"mma_circ_000180",16,"-",2,16,40,40,"my_test_mma2",16,0,0,1,"GTAG",NA,"ANCHOR_UNIQUE,CANONICAL,CIRCULAR,PERFECT_EXT,UNAMBIGUOUS_BP"
"158","16",7292521,7292689,"mma_circ_000181",14,"-",8,14,40,40,"my_test_mma2",14,1,0,1,"GTAG",NA,"ANCHOR_UNIQUE,CANONICAL,CIRCULAR,GOOD_EXT,UNAMBIGUOUS_BP"
"159","14",122855217,122855805,"mma_circ_000182",135,"+",18,135,40,40,"my_test_mma2",135,0,0,1,"GTAG",NA,"ANCHOR_UNIQUE,CANONICAL,CIRCULAR,PERFECT_EXT,UNAMBIGUOUS_BP"
"160","15",48930978,48934155,"mma_circ_000183",22,"-",4,22,40,5,"my_test_mma2",22,0,0,1,"GTAG",NA,"ANCHOR_UNIQUE,CANONICAL,CIRCULAR,PERFECT_EXT,UNAMBIGUOUS_BP"
"161","16",57827150,57828494,"mma_circ_000184",29,"-",4,29,40,40,"my_test_mma2",29,0,0,1,"GTAG",NA,"ANCHOR_UNIQUE,CANONICAL,CIRCULAR,PERFECT_EXT,UNAMBIGUOUS_BP"
"162","2",102490275,102492458,"mma_circ_000185",32,"-",3,32,5,40,"my_test_mma2",32,2,0,1,"GTAG",NA,"ANCHOR_UNIQUE,CANONICAL,CIRCULAR,OK_EXT,UNAMBIGUOUS_BP"
"163","6",165883092,165901500,"mma_circ_000186",41,"+",6,41,40,40,"my_test_mma2",41,0,0,1,"GTAG",NA,"ANCHOR_UNIQUE,CANONICAL,CIRCULAR,PERFECT_EXT,UNAMBIGUOUS_BP"
"164","10",72463372,72482283,"mma_circ_000187",72,"+",9,72,37,40,"my_test_mma2",72,0,0,1,"GTAG",NA,"ANCHOR_UNIQUE,CANONICAL,CIRCULAR,PERFECT_EXT,UNAMBIGUOUS_BP"
"165","6",36873671,36880034,"mma_circ_000188",21,"+",3,21,40,40,"my_test_mma2",21,0,0,1,"GTAG",NA,"ANCHOR_UNIQUE,CANONICAL,CIRCULAR,PERFECT_EXT,UNAMBIGUOUS_BP"
"166","16",19719053,19720633,"mma_circ_000189",152,"+",23,152,40,40,"my_test_mma2",152,0,0,1,"GTAG",NA,"ANCHOR_UNIQUE,CANONICAL,CIRCULAR,PERFECT_EXT,UNAMBIGUOUS_BP"
"167","4",156354285,156366927,"mma_circ_000190",24,"+",6,24,40,40,"my_test_mma2",24,0,1,1,"GTAG",NA,"ANCHOR_UNIQUE,CANONICAL,CIRCULAR,GOOD_EXT,UNAMBIGUOUS_BP"
"168","1",196221716,196229684,"mma_circ_000191",46,"-",9,45,40,40,"my_test_mma2",46,0,0,1,"GTAG",NA,"ANCHOR_UNIQUE,CANONICAL,CIRCULAR,PERFECT_EXT,UNAMBIGUOUS_BP"
"169","9",28057455,28058595,"mma_circ_000192",20,"+",1,20,5,5,"my_test_mma2",20,2,0,1,"GTAG",NA,"ANCHOR_UNIQUE,CANONICAL,CIRCULAR,OK_EXT,UNAMBIGUOUS_BP"
"170","15",85674024,85688184,"mma_circ_000193",10,"+",1,10,5,40,"my_test_mma2",10,0,0,1,"GTAG",NA,"ANCHOR_UNIQUE,CANONICAL,CIRCULAR,PERFECT_EXT,UNAMBIGUOUS_BP"
"171","9",111528755,111588575,"mma_circ_000194",50,"+",4,49,5,37,"my_test_mma2",50,0,0,1,"GTAG",NA,"ANCHOR_UNIQUE,CANONICAL,CIRCULAR,PERFECT_EXT,UNAMBIGUOUS_BP"
"172","7",117458518,117460999,"mma_circ_000195",8,"+",1,8,5,40,"my_test_mma2",8,1,0,1,"GTAG",NA,"ANCHOR_UNIQUE,CANONICAL,CIRCULAR,GOOD_EXT,UNAMBIGUOUS_BP"
"173","4",90879337,90879940,"mma_circ_000196",101,"+",15,101,40,40,"my_test_mma2",101,0,0,1,"GTAG",NA,"ANCHOR_UNIQUE,CANONICAL,CIRCULAR,PERFECT_EXT,UNAMBIGUOUS_BP"
"174","7",80653820,80717957,"mma_circ_000197",10,"-",3,10,5,5,"my_test_mma2",10,0,0,1,"GTAG",NA,"ANCHOR_UNIQUE,CANONICAL,CIRCULAR,PERFECT_EXT,UNAMBIGUOUS_BP"
"175","13",15186423,15196795,"mma_circ_000198",60,"+",7,60,40,40,"my_test_mma2",60,1,0,1,"GTAG",NA,"ANCHOR_UNIQUE,CANONICAL,CIRCULAR,GOOD_EXT,UNAMBIGUOUS_BP"
"176","7",130914817,130914916,"mma_circ_000199",2,"+",2,2,40,5,"my_test_mma2",2,2,0,1,"GTAG",NA,"ANCHOR_UNIQUE,CANONICAL,CIRCULAR,OK_EXT,UNAMBIGUOUS_BP"
"177","4",121869248,121879995,"mma_circ_000201",10,"-",2,10,5,5,"my_test_mma2",10,0,0,1,"GTAG",NA,"ANCHOR_UNIQUE,CANONICAL,CIRCULAR,PERFECT_EXT,UNAMBIGUOUS_BP"
"178","9",96034958,96036187,"mma_circ_000202",54,"-",4,54,40,40,"my_test_mma2",54,0,0,1,"GTAG",NA,"ANCHOR_UNIQUE,CANONICAL,CIRCULAR,PERFECT_EXT,UNAMBIGUOUS_BP"
"179","15",9251217,9303353,"mma_circ_000203",46,"-",3,46,40,40,"my_test_mma2",46,0,0,1,"GTAG",NA,"ANCHOR_UNIQUE,CANONICAL,CIRCULAR,PERFECT_EXT,UNAMBIGUOUS_BP"
"180","6",177678269,177697895,"mma_circ_000207",22,"-",3,22,40,40,"my_test_mma2",22,0,0,1,"GTAG",NA,"ANCHOR_UNIQUE,CANONICAL,CIRCULAR,PERFECT_EXT,UNAMBIGUOUS_BP"
"181","16",1318401,1318521,"mma_circ_000208",7,"+",7,5,40,5,"my_test_mma2",7,0,0,1,"GTAG",NA,"ANCHOR_UNIQUE,CANONICAL,CIRCULAR,PERFECT_EXT,UNAMBIGUOUS_BP"
"182","13",5068719,5077975,"mma_circ_000210",51,"+",10,50,40,5,"my_test_mma2",51,0,0,1,"GTAG",NA,"ANCHOR_UNIQUE,CANONICAL,CIRCULAR,PERFECT_EXT,UNAMBIGUOUS_BP"
"183","6",165947868,165948047,"mma_circ_000211",25,"+",3,25,5,5,"my_test_mma2",25,0,0,1,"GTAG",NA,"ANCHOR_UNIQUE,CANONICAL,CIRCULAR,PERFECT_EXT,UNAMBIGUOUS_BP"
"184","9",111528755,111550060,"mma_circ_000212",34,"+",4,34,37,5,"my_test_mma2",34,0,0,1,"GTAG",NA,"ANCHOR_UNIQUE,CANONICAL,CIRCULAR,PERFECT_EXT,UNAMBIGUOUS_BP"
"185","3",67975754,67979872,"mma_circ_000213",40,"+",4,40,37,40,"my_test_mma2",40,0,0,1,"GTAG",NA,"ANCHOR_UNIQUE,CANONICAL,CIRCULAR,PERFECT_EXT,UNAMBIGUOUS_BP"
"186","9",96965691,97000133,"mma_circ_000214",75,"-",10,75,40,39,"my_test_mma2",75,0,0,1,"GTAG",NA,"ANCHOR_UNIQUE,CANONICAL,CIRCULAR,PERFECT_EXT,UNAMBIGUOUS_BP"
"187","3",53631665,53632611,"mma_circ_000215",48,"-",3,48,40,5,"my_test_mma2",48,0,0,1,"GTAG",NA,"ANCHOR_UNIQUE,CANONICAL,CIRCULAR,PERFECT_EXT,UNAMBIGUOUS_BP"
"188","14",49524414,49540685,"mma_circ_000216",58,"+",9,58,40,40,"my_test_mma2",58,0,0,1,"GTAG",NA,"ANCHOR_UNIQUE,CANONICAL,CIRCULAR,PERFECT_EXT,UNAMBIGUOUS_BP"
"189","6",137839921,137847474,"mma_circ_000217",61,"+",9,39,5,40,"my_test_mma2",61,0,0,1,"GTAG",NA,"ANCHOR_UNIQUE,CANONICAL,CIRCULAR,PERFECT_EXT,UNAMBIGUOUS_BP"
"190","10",46518613,46523860,"mma_circ_000218",35,"-",4,35,40,40,"my_test_mma2",35,0,0,1,"GTAG",NA,"ANCHOR_UNIQUE,CANONICAL,CIRCULAR,PERFECT_EXT,UNAMBIGUOUS_BP"
"191","5",63824151,63824427,"mma_circ_000220",26,"-",4,26,40,40,"my_test_mma2",26,1,0,1,"GTAG",NA,"ANCHOR_UNIQUE,CANONICAL,CIRCULAR,GOOD_EXT,UNAMBIGUOUS_BP"
"192","3",42672357,42673726,"mma_circ_000221",37,"+",19,37,40,37,"my_test_mma2",37,0,0,1,"GTAG",NA,"ANCHOR_UNIQUE,CANONICAL,CIRCULAR,PERFECT_EXT,UNAMBIGUOUS_BP"
"193","9",51559309,51580800,"mma_circ_000222",4,"+",1,4,40,40,"my_test_mma2",4,0,0,1,"GTAG",NA,"ANCHOR_UNIQUE,CANONICAL,CIRCULAR,PERFECT_EXT,UNAMBIGUOUS_BP"
"194","13",44220843,44222810,"mma_circ_000223",14,"-",3,14,40,40,"my_test_mma2",14,0,0,1,"GTAG",NA,"ANCHOR_UNIQUE,CANONICAL,CIRCULAR,PERFECT_EXT,UNAMBIGUOUS_BP"
"195","8",134787392,134799044,"mma_circ_000224",63,"-",4,63,5,40,"my_test_mma2",63,1,0,1,"GTAG",NA,"ANCHOR_UNIQUE,CANONICAL,CIRCULAR,GOOD_EXT,UNAMBIGUOUS_BP"
"196","3",165988167,165990079,"mma_circ_000225",21,"+",2,21,40,5,"my_test_mma2",21,1,1,1,"GTAG",NA,"ANCHOR_UNIQUE,CANONICAL,CIRCULAR,GOOD_EXT,UNAMBIGUOUS_BP"
"197","2",60404133,60475283,"mma_circ_000226",6,"+",3,6,40,5,"my_test_mma2",6,0,0,1,"GTAG",NA,"ANCHOR_UNIQUE,CANONICAL,CIRCULAR,PERFECT_EXT,UNAMBIGUOUS_BP"
"198","8",29420701,29427313,"mma_circ_000227",24,"-",5,16,5,40,"my_test_mma2",24,0,0,1,"GTAG",NA,"ANCHOR_UNIQUE,CANONICAL,CIRCULAR,PERFECT_EXT,UNAMBIGUOUS_BP"
"199","6",174675016,174697253,"mma_circ_000228",8,"+",2,8,5,5,"my_test_mma2",8,0,0,1,"GTAG",NA,"ANCHOR_UNIQUE,CANONICAL,CIRCULAR,PERFECT_EXT,UNAMBIGUOUS_BP"
"200","11",111889161,111891601,"mma_circ_000229",64,"-",4,64,40,40,"my_test_mma2",64,0,0,1,"GTAG",NA,"ANCHOR_UNIQUE,CANONICAL,CIRCULAR,PERFECT_EXT,UNAMBIGUOUS_BP"
"201","1",41972841,41979633,"mma_circ_000230",51,"-",5,51,37,5,"my_test_mma2",51,0,0,1,"GTAG",NA,"ANCHOR_UNIQUE,CANONICAL,CIRCULAR,PERFECT_EXT,UNAMBIGUOUS_BP"
"202","7",94164665,94168548,"mma_circ_000231",17,"+",2,12,5,40,"my_test_mma2",17,0,0,1,"GTAG",NA,"ANCHOR_UNIQUE,CANONICAL,CIRCULAR,PERFECT_EXT,UNAMBIGUOUS_BP"
"203","6",151430241,151438778,"mma_circ_000232",38,"-",3,38,5,40,"my_test_mma2",38,0,0,1,"GTAG",NA,"ANCHOR_UNIQUE,CANONICAL,CIRCULAR,PERFECT_EXT,UNAMBIGUOUS_BP"
"204","11",872916,901525,"mma_circ_000233",18,"+",2,18,5,40,"my_test_mma2",18,0,0,1,"GTAG",NA,"ANCHOR_UNIQUE,CANONICAL,CIRCULAR,PERFECT_EXT,UNAMBIGUOUS_BP"
"205","16",17675417,17675641,"mma_circ_000234",54,"+",3,54,40,40,"my_test_mma2",54,0,0,1,"GTAG",NA,"ANCHOR_UNIQUE,CANONICAL,CIRCULAR,PERFECT_EXT,UNAMBIGUOUS_BP"
"206","14",64689563,64689727,"mma_circ_000235",30,"+",6,30,40,5,"my_test_mma2",30,0,0,1,"GTAG",NA,"ANCHOR_UNIQUE,CANONICAL,CIRCULAR,PERFECT_EXT,UNAMBIGUOUS_BP"
"207","19",39461095,39469565,"mma_circ_000236",24,"-",4,24,40,40,"my_test_mma2",24,0,0,1,"GTAG",NA,"ANCHOR_UNIQUE,CANONICAL,CIRCULAR,PERFECT_EXT,UNAMBIGUOUS_BP"
"208","8",17879783,17892184,"mma_circ_000237",34,"-",5,34,35,5,"my_test_mma2",34,1,0,1,"GTAG",NA,"ANCHOR_UNIQUE,CANONICAL,CIRCULAR,GOOD_EXT,UNAMBIGUOUS_BP"
"209","12",126751957,126752198,"mma_circ_000238",118,"-",13,118,40,40,"my_test_mma2",118,0,0,1,"GTAG",NA,"ANCHOR_UNIQUE,CANONICAL,CIRCULAR,PERFECT_EXT,UNAMBIGUOUS_BP"
"210","2",305552,306358,"mma_circ_000239",14,"-",4,14,37,40,"my_test_mma2",14,0,0,1,"GTAG",NA,"ANCHOR_UNIQUE,CANONICAL,CIRCULAR,PERFECT_EXT,UNAMBIGUOUS_BP"
"211","13",1128008,1128626,"mma_circ_000241",41,"+",5,29,37,40,"my_test_mma2",41,0,0,1,"GTAG",NA,"ANCHOR_UNIQUE,CANONICAL,CIRCULAR,PERFECT_EXT,UNAMBIGUOUS_BP"
"212","16",50613522,50645233,"mma_circ_000242",20,"+",4,20,40,5,"my_test_mma2",20,0,0,1,"GTAG",NA,"ANCHOR_UNIQUE,CANONICAL,CIRCULAR,PERFECT_EXT,UNAMBIGUOUS_BP"
"213","13",35282743,35284608,"mma_circ_000243",2,"-",2,2,40,40,"my_test_mma2",2,0,0,1,"GTAG",NA,"ANCHOR_UNIQUE,CANONICAL,CIRCULAR,PERFECT_EXT,UNAMBIGUOUS_BP"
"214","6",121049900,121061910,"mma_circ_000245",44,"+",6,44,40,5,"my_test_mma2",44,0,0,1,"GTAG",NA,"ANCHOR_UNIQUE,CANONICAL,CIRCULAR,PERFECT_EXT,UNAMBIGUOUS_BP"
"215","9",111528755,111529692,"mma_circ_000247",29,"+",2,29,40,40,"my_test_mma2",29,0,0,1,"GTAG",NA,"ANCHOR_UNIQUE,CANONICAL,CIRCULAR,PERFECT_EXT,UNAMBIGUOUS_BP"
"216","14",65389552,65393116,"mma_circ_000248",18,"-",4,18,40,5,"my_test_mma2",18,0,0,1,"GTAG",NA,"ANCHOR_UNIQUE,CANONICAL,CIRCULAR,PERFECT_EXT,UNAMBIGUOUS_BP"
"217","15",12867672,12868208,"mma_circ_000249",34,"+",5,34,5,37,"my_test_mma2",34,0,0,1,"GTAG",NA,"ANCHOR_UNIQUE,CANONICAL,CIRCULAR,PERFECT_EXT,UNAMBIGUOUS_BP"
"218","1",95600982,95601162,"mma_circ_000250",61,"+",7,60,40,40,"my_test_mma2",61,0,0,1,"GTAG",NA,"ANCHOR_UNIQUE,CANONICAL,CIRCULAR,PERFECT_EXT,UNAMBIGUOUS_BP"
"219","13",71593016,71594000,"mma_circ_000251",36,"+",6,31,40,40,"my_test_mma2",36,0,0,1,"GTAG",NA,"ANCHOR_UNIQUE,CANONICAL,CIRCULAR,PERFECT_EXT,UNAMBIGUOUS_BP"
"220","15",50177349,50198372,"mma_circ_000252",36,"+",7,35,40,40,"my_test_mma2",36,0,0,1,"GTAG",NA,"ANCHOR_UNIQUE,CANONICAL,CIRCULAR,PERFECT_EXT,UNAMBIGUOUS_BP"
"221","4",136206805,136206980,"mma_circ_000254",5,"-",2,4,35,40,"my_test_mma2",5,2,0,1,"GTAG",NA,"ANCHOR_UNIQUE,CANONICAL,CIRCULAR,OK_EXT,UNAMBIGUOUS_BP"
"222","8",29235788,29290660,"mma_circ_000255",37,"+",10,37,40,40,"my_test_mma2",37,0,0,1,"GTAG",NA,"ANCHOR_UNIQUE,CANONICAL,CIRCULAR,PERFECT_EXT,UNAMBIGUOUS_BP"
"223","7",10613107,10620569,"mma_circ_000257",68,"-",13,67,40,40,"my_test_mma2",68,0,0,1,"GTAG",NA,"ANCHOR_UNIQUE,CANONICAL,CIRCULAR,PERFECT_EXT,UNAMBIGUOUS_BP"
"224","4",57091550,57094632,"mma_circ_000258",12,"+",2,12,40,40,"my_test_mma2",12,0,0,1,"GTAG",NA,"ANCHOR_UNIQUE,CANONICAL,CIRCULAR,PERFECT_EXT,UNAMBIGUOUS_BP"
"225","3",41447689,41453150,"mma_circ_000259",31,"+",4,30,5,5,"my_test_mma2",31,0,0,1,"GTAG",NA,"ANCHOR_UNIQUE,CANONICAL,CIRCULAR,PERFECT_EXT,UNAMBIGUOUS_BP"
"226","16",1498270,1498624,"mma_circ_000260",37,"-",2,37,40,40,"my_test_mma2",37,2,0,1,"GTAG",NA,"ANCHOR_UNIQUE,CANONICAL,CIRCULAR,OK_EXT,UNAMBIGUOUS_BP"
"227","19",51952754,51957721,"mma_circ_000262",46,"+",3,46,40,5,"my_test_mma2",46,2,0,1,"GTAG",NA,"ANCHOR_UNIQUE,CANONICAL,CIRCULAR,OK_EXT,UNAMBIGUOUS_BP"
"228","19",4977044,4978523,"mma_circ_000263",21,"+",3,21,40,40,"my_test_mma2",21,0,0,1,"GTAG",NA,"ANCHOR_UNIQUE,CANONICAL,CIRCULAR,PERFECT_EXT,UNAMBIGUOUS_BP"
"229","8",115863475,115900228,"mma_circ_000264",384,"-",40,384,40,40,"my_test_mma2",384,0,0,1,"GTAG",NA,"ANCHOR_UNIQUE,CANONICAL,CIRCULAR,PERFECT_EXT,UNAMBIGUOUS_BP"
"230","X",131823041,131829963,"mma_circ_000265",36,"+",4,36,5,5,"my_test_mma2",36,0,0,1,"GTAG",NA,"ANCHOR_UNIQUE,CANONICAL,CIRCULAR,PERFECT_EXT,UNAMBIGUOUS_BP"
"231","4",48518857,48597841,"mma_circ_000266",33,"+",3,33,40,40,"my_test_mma2",33,1,0,1,"GTAG",NA,"ANCHOR_UNIQUE,CANONICAL,CIRCULAR,GOOD_EXT,UNAMBIGUOUS_BP"
"232","9",950814,990705,"mma_circ_000267",32,"+",6,32,40,40,"my_test_mma2",32,0,0,1,"GTAG",NA,"ANCHOR_UNIQUE,CANONICAL,CIRCULAR,PERFECT_EXT,UNAMBIGUOUS_BP"
"233","3",131873877,131875822,"mma_circ_000269",15,"+",2,15,5,5,"my_test_mma2",15,0,0,1,"GTAG",NA,"ANCHOR_UNIQUE,CANONICAL,CIRCULAR,PERFECT_EXT,UNAMBIGUOUS_BP"
"234","13",34355340,34355459,"mma_circ_000270",68,"-",14,68,40,40,"my_test_mma2",68,1,0,1,"GTAG",NA,"ANCHOR_UNIQUE,CANONICAL,CIRCULAR,GOOD_EXT,UNAMBIGUOUS_BP"
"235","16",7292248,7292416,"mma_circ_000271",27,"-",12,26,40,5,"my_test_mma2",27,1,0,1,"GTAG",NA,"ANCHOR_UNIQUE,CANONICAL,CIRCULAR,GOOD_EXT,UNAMBIGUOUS_BP"
"236","11",117925247,118001723,"mma_circ_000273",20,"-",7,19,40,40,"my_test_mma2",20,0,0,1,"GTAG",NA,"ANCHOR_UNIQUE,CANONICAL,CIRCULAR,PERFECT_EXT,UNAMBIGUOUS_BP"
"237","4",112069700,112095877,"mma_circ_000274",29,"-",4,29,40,5,"my_test_mma2",29,0,0,1,"GTAG",NA,"ANCHOR_UNIQUE,CANONICAL,CIRCULAR,PERFECT_EXT,UNAMBIGUOUS_BP"
"238","3",166135022,166136106,"mma_circ_000275",25,"-",3,25,5,5,"my_test_mma2",25,0,0,1,"GTAG",NA,"ANCHOR_UNIQUE,CANONICAL,CIRCULAR,PERFECT_EXT,UNAMBIGUOUS_BP"
"239","18",17895769,17917127,"mma_circ_000276",2,"-",2,2,4,40,"my_test_mma2",2,0,0,1,"GTAG",NA,"ANCHOR_UNIQUE,CANONICAL,CIRCULAR,PERFECT_EXT,UNAMBIGUOUS_BP"
"240","10",69680132,69682118,"mma_circ_000277",36,"+",5,36,40,40,"my_test_mma2",36,0,0,1,"GTAG",NA,"ANCHOR_UNIQUE,CANONICAL,CIRCULAR,PERFECT_EXT,UNAMBIGUOUS_BP"
"241","15",2682072,2707356,"mma_circ_000279",105,"-",7,1,40,5,"my_test_mma2",105,1,0,1,"GTAG",NA,"ANCHOR_UNIQUE,CANONICAL,CIRCULAR,GOOD_EXT,UNAMBIGUOUS_BP"
"242","1",214756430,214756526,"mma_circ_000280",4,"-",2,4,40,40,"my_test_mma2",4,2,0,1,"GTAG",NA,"ANCHOR_UNIQUE,CANONICAL,CIRCULAR,OK_EXT,UNAMBIGUOUS_BP"
"243","6",1574729,1580596,"mma_circ_000281",15,"+",2,15,5,5,"my_test_mma2",15,0,0,1,"GTAG",NA,"ANCHOR_UNIQUE,CANONICAL,CIRCULAR,PERFECT_EXT,UNAMBIGUOUS_BP"
"244","4",65321834,65328379,"mma_circ_000282",62,"+",13,61,40,37,"my_test_mma2",62,0,0,1,"GTAG",NA,"ANCHOR_UNIQUE,CANONICAL,CIRCULAR,PERFECT_EXT,UNAMBIGUOUS_BP"
"245","1",203733632,203734534,"mma_circ_000284",14,"+",4,14,40,40,"my_test_mma2",14,0,0,1,"GTAG",NA,"ANCHOR_UNIQUE,CANONICAL,CIRCULAR,PERFECT_EXT,UNAMBIGUOUS_BP"
"246","7",137747885,137751839,"mma_circ_000285",52,"+",6,52,40,40,"my_test_mma2",52,0,0,1,"GTAG",NA,"ANCHOR_UNIQUE,CANONICAL,CIRCULAR,PERFECT_EXT,UNAMBIGUOUS_BP"
"247","20",61148505,61186432,"mma_circ_000286",98,"-",15,35,40,5,"my_test_mma2",98,0,0,1,"GTAG",NA,"ANCHOR_UNIQUE,CANONICAL,CIRCULAR,PERFECT_EXT,UNAMBIGUOUS_BP"
"248","2",129186109,129196817,"mma_circ_000287",41,"+",3,41,5,37,"my_test_mma2",41,0,0,1,"GTAG",NA,"ANCHOR_UNIQUE,CANONICAL,CIRCULAR,PERFECT_EXT,UNAMBIGUOUS_BP"
"249","16",57959460,57960838,"mma_circ_000288",36,"-",7,36,40,40,"my_test_mma2",36,0,0,1,"GTAG",NA,"ANCHOR_UNIQUE,CANONICAL,CIRCULAR,PERFECT_EXT,UNAMBIGUOUS_BP"
"250","6",177654663,177657501,"mma_circ_000289",41,"-",3,41,5,40,"my_test_mma2",41,0,0,1,"GTAG",NA,"ANCHOR_UNIQUE,CANONICAL,CIRCULAR,PERFECT_EXT,UNAMBIGUOUS_BP"
"251","7",53587210,53592737,"mma_circ_000290",33,"-",4,33,40,40,"my_test_mma2",33,0,0,1,"GTAG",NA,"ANCHOR_UNIQUE,CANONICAL,CIRCULAR,PERFECT_EXT,UNAMBIGUOUS_BP"
"252","3",184819381,184823969,"mma_circ_000291",42,"+",1,42,36,5,"my_test_mma2",42,2,0,1,"GTAG",NA,"ANCHOR_UNIQUE,CANONICAL,CIRCULAR,OK_EXT,UNAMBIGUOUS_BP"
"253","19",19247407,19247894,"mma_circ_000292",70,"-",14,70,37,39,"my_test_mma2",70,0,0,1,"GTAG",NA,"ANCHOR_UNIQUE,CANONICAL,CIRCULAR,PERFECT_EXT,UNAMBIGUOUS_BP"
"254","1",61624110,61625301,"mma_circ_000294",35,"+",8,34,5,40,"my_test_mma2",35,0,0,1,"GTAG",NA,"ANCHOR_UNIQUE,CANONICAL,CIRCULAR,PERFECT_EXT,UNAMBIGUOUS_BP"
"255","11",108693924,108696482,"mma_circ_000295",10,"+",1,10,40,5,"my_test_mma2",10,0,1,1,"GTAG",NA,"ANCHOR_UNIQUE,CANONICAL,CIRCULAR,GOOD_EXT,UNAMBIGUOUS_BP"
"256","10",9084405,9086709,"mma_circ_000296",97,"+",6,97,40,40,"my_test_mma2",97,1,0,1,"GTAG",NA,"ANCHOR_UNIQUE,CANONICAL,CIRCULAR,GOOD_EXT,UNAMBIGUOUS_BP"
"257","18",61536830,61544960,"mma_circ_000297",35,"+",4,35,40,5,"my_test_mma2",35,0,0,1,"GTAG",NA,"ANCHOR_UNIQUE,CANONICAL,CIRCULAR,PERFECT_EXT,UNAMBIGUOUS_BP"
"258","4",163701667,163701827,"mma_circ_000298",75,"+",6,75,40,40,"my_test_mma2",75,0,0,1,"GTAG",NA,"ANCHOR_UNIQUE,CANONICAL,CIRCULAR,PERFECT_EXT,UNAMBIGUOUS_BP"
"259","10",80220407,80261579,"mma_circ_000301",24,"+",2,24,40,40,"my_test_mma2",24,0,0,1,"GTAG",NA,"ANCHOR_UNIQUE,CANONICAL,CIRCULAR,PERFECT_EXT,UNAMBIGUOUS_BP"
"260","4",152260826,152305059,"mma_circ_000302",29,"+",5,29,40,40,"my_test_mma2",29,0,0,1,"GTAG",NA,"ANCHOR_UNIQUE,CANONICAL,CIRCULAR,PERFECT_EXT,UNAMBIGUOUS_BP"
"261","15",79541606,79548084,"mma_circ_000303",20,"+",3,19,5,5,"my_test_mma2",20,0,0,1,"GTAG",NA,"ANCHOR_UNIQUE,CANONICAL,CIRCULAR,PERFECT_EXT,UNAMBIGUOUS_BP"
"262","7",93392364,93399571,"mma_circ_000304",42,"-",5,42,5,36,"my_test_mma2",42,0,2,1,"GTAG",NA,"ANCHOR_UNIQUE,CANONICAL,CIRCULAR,OK_EXT,UNAMBIGUOUS_BP"
"263","16",78422987,78423101,"mma_circ_000306",6,"+",1,6,40,40,"my_test_mma2",6,0,0,1,"GTAG",NA,"ANCHOR_UNIQUE,CANONICAL,CIRCULAR,PERFECT_EXT,UNAMBIGUOUS_BP"
"264","13",84409615,84430306,"mma_circ_000307",57,"-",5,57,37,40,"my_test_mma2",57,0,0,1,"GTAG",NA,"ANCHOR_UNIQUE,CANONICAL,CIRCULAR,PERFECT_EXT,UNAMBIGUOUS_BP"
"265","9",114407266,114415169,"mma_circ_000308",38,"+",7,38,40,40,"my_test_mma2",38,0,0,1,"GTAG",NA,"ANCHOR_UNIQUE,CANONICAL,CIRCULAR,PERFECT_EXT,UNAMBIGUOUS_BP"
"266","13",77524716,77531773,"mma_circ_000309",2,"+",1,2,40,40,"my_test_mma2",2,0,0,1,"GTAG",NA,"ANCHOR_UNIQUE,CANONICAL,CIRCULAR,PERFECT_EXT,UNAMBIGUOUS_BP"
"267","2",148247823,148250474,"mma_circ_000310",51,"-",8,51,40,40,"my_test_mma2",51,0,0,1,"GTAG",NA,"ANCHOR_UNIQUE,CANONICAL,CIRCULAR,PERFECT_EXT,UNAMBIGUOUS_BP"
"268","11",131949357,131955748,"mma_circ_000311",106,"+",13,104,5,40,"my_test_mma2",106,0,0,1,"GTAG",NA,"ANCHOR_UNIQUE,CANONICAL,CIRCULAR,PERFECT_EXT,UNAMBIGUOUS_BP"
"269","15",108428241,108456912,"mma_circ_000312",47,"+",4,47,40,40,"my_test_mma2",47,1,0,1,"GTAG",NA,"ANCHOR_UNIQUE,CANONICAL,CIRCULAR,GOOD_EXT,UNAMBIGUOUS_BP"
"270","16",7292866,7293013,"mma_circ_000313",2,"-",2,2,40,40,"my_test_mma2",2,1,0,1,"GTAG",NA,"ANCHOR_UNIQUE,CANONICAL,CIRCULAR,GOOD_EXT,UNAMBIGUOUS_BP"
"271","11",41785400,41798812,"mma_circ_000314",6,"+",1,6,40,5,"my_test_mma2",6,0,0,1,"GTAG",NA,"ANCHOR_UNIQUE,CANONICAL,CIRCULAR,PERFECT_EXT,UNAMBIGUOUS_BP"
"272","11",108861986,108862391,"mma_circ_000315",68,"+",6,68,40,37,"my_test_mma2",68,0,0,1,"GTAG",NA,"ANCHOR_UNIQUE,CANONICAL,CIRCULAR,PERFECT_EXT,UNAMBIGUOUS_BP"
"273","1",193680713,193697049,"mma_circ_000316",6,"+",2,6,5,5,"my_test_mma2",6,0,0,1,"GTAG",NA,"ANCHOR_UNIQUE,CANONICAL,CIRCULAR,PERFECT_EXT,UNAMBIGUOUS_BP"
"274","19",37859553,37859981,"mma_circ_000317",40,"-",4,40,40,37,"my_test_mma2",40,0,0,1,"GTAG",NA,"ANCHOR_UNIQUE,CANONICAL,CIRCULAR,PERFECT_EXT,UNAMBIGUOUS_BP"
"275","2",103747533,103781404,"mma_circ_000318",51,"-",6,51,40,40,"my_test_mma2",51,0,0,1,"GTAG",NA,"ANCHOR_UNIQUE,CANONICAL,CIRCULAR,PERFECT_EXT,UNAMBIGUOUS_BP"
"276","16",31362754,31363305,"mma_circ_000319",57,"+",14,56,40,40,"my_test_mma2",57,0,0,1,"GTAG",NA,"ANCHOR_UNIQUE,CANONICAL,CIRCULAR,PERFECT_EXT,UNAMBIGUOUS_BP"
"277","20",29817962,29818038,"mma_circ_000320",29,"+",7,29,40,40,"my_test_mma2",29,0,0,1,"GTAG",NA,"ANCHOR_UNIQUE,CANONICAL,CIRCULAR,PERFECT_EXT,UNAMBIGUOUS_BP"
"278","17",9695256,9695896,"mma_circ_000321",32,"+",4,32,40,40,"my_test_mma2",32,0,0,1,"GTAG",NA,"ANCHOR_UNIQUE,CANONICAL,CIRCULAR,PERFECT_EXT,UNAMBIGUOUS_BP"
"279","20",4319128,4320043,"mma_circ_000322",26,"-",2,26,5,40,"my_test_mma2",26,0,0,1,"GTAG",NA,"ANCHOR_UNIQUE,CANONICAL,CIRCULAR,PERFECT_EXT,UNAMBIGUOUS_BP"
"280","3",175400683,175403841,"mma_circ_000323",44,"-",5,44,40,40,"my_test_mma2",44,0,0,1,"GTAG",NA,"ANCHOR_UNIQUE,CANONICAL,CIRCULAR,PERFECT_EXT,UNAMBIGUOUS_BP"
"281","9",127402234,127469450,"mma_circ_000324",28,"+",3,28,40,5,"my_test_mma2",28,0,0,1,"GTAG",NA,"ANCHOR_UNIQUE,CANONICAL,CIRCULAR,PERFECT_EXT,UNAMBIGUOUS_BP"
"282","13",6283130,6300371,"mma_circ_000326",47,"+",4,47,40,40,"my_test_mma2",47,0,0,1,"GTAG",NA,"ANCHOR_UNIQUE,CANONICAL,CIRCULAR,PERFECT_EXT,UNAMBIGUOUS_BP"
"283","7",85203360,85204617,"mma_circ_000327",64,"-",9,64,40,40,"my_test_mma2",64,0,0,1,"GTAG",NA,"ANCHOR_UNIQUE,CANONICAL,CIRCULAR,PERFECT_EXT,UNAMBIGUOUS_BP"
"284","2",75052024,75088409,"mma_circ_000328",32,"-",6,32,40,40,"my_test_mma2",32,1,0,1,"GTAG",NA,"ANCHOR_UNIQUE,CANONICAL,CIRCULAR,GOOD_EXT,UNAMBIGUOUS_BP"
"285","6",156611560,156621404,"mma_circ_000329",30,"-",5,30,40,5,"my_test_mma2",30,0,0,1,"GTAG",NA,"ANCHOR_UNIQUE,CANONICAL,CIRCULAR,PERFECT_EXT,UNAMBIGUOUS_BP"
"286","6",152268175,152270054,"mma_circ_000330",16,"+",2,16,5,40,"my_test_mma2",16,0,0,1,"GTAG",NA,"ANCHOR_UNIQUE,CANONICAL,CIRCULAR,PERFECT_EXT,UNAMBIGUOUS_BP"
"287","12",35062119,35065715,"mma_circ_000331",57,"+",6,57,40,40,"my_test_mma2",57,0,0,1,"GTAG",NA,"ANCHOR_UNIQUE,CANONICAL,CIRCULAR,PERFECT_EXT,UNAMBIGUOUS_BP"
"288","16",23736554,23785290,"mma_circ_000332",40,"+",7,40,40,40,"my_test_mma2",40,0,0,1,"GTAG",NA,"ANCHOR_UNIQUE,CANONICAL,CIRCULAR,PERFECT_EXT,UNAMBIGUOUS_BP"
"289","7",153916670,153916836,"mma_circ_000333",36,"+",12,35,40,5,"my_test_mma2",36,1,0,1,"GTAG",NA,"ANCHOR_UNIQUE,CANONICAL,CIRCULAR,GOOD_EXT,UNAMBIGUOUS_BP"
"290","14",32838508,32845473,"mma_circ_000334",30,"-",3,30,5,40,"my_test_mma2",30,0,0,1,"GTAG",NA,"ANCHOR_UNIQUE,CANONICAL,CIRCULAR,PERFECT_EXT,UNAMBIGUOUS_BP"
"291","5",38204357,38214727,"mma_circ_000335",6,"+",1,6,40,5,"my_test_mma2",6,0,0,1,"GTAG",NA,"ANCHOR_UNIQUE,CANONICAL,CIRCULAR,PERFECT_EXT,UNAMBIGUOUS_BP"
"292","3",31824664,31853350,"mma_circ_000336",54,"+",5,28,40,40,"my_test_mma2",54,0,0,1,"GTAG",NA,"ANCHOR_UNIQUE,CANONICAL,CIRCULAR,PERFECT_EXT,UNAMBIGUOUS_BP"
"293","19",49780937,49784245,"mma_circ_000337",4,"+",2,4,40,40,"my_test_mma2",4,2,0,1,"GTAG",NA,"ANCHOR_UNIQUE,CANONICAL,CIRCULAR,OK_EXT,UNAMBIGUOUS_BP"
"294","2",63506422,63513286,"mma_circ_000338",30,"+",5,30,40,35,"my_test_mma2",30,0,0,1,"GTAG",NA,"ANCHOR_UNIQUE,CANONICAL,CIRCULAR,PERFECT_EXT,UNAMBIGUOUS_BP"
"295","8",48136686,48143207,"mma_circ_000339",18,"+",2,18,5,5,"my_test_mma2",18,0,0,1,"GTAG",NA,"ANCHOR_UNIQUE,CANONICAL,CIRCULAR,PERFECT_EXT,UNAMBIGUOUS_BP"
"296","2",14120794,14177127,"mma_circ_000340",28,"+",3,28,40,40,"my_test_mma2",28,0,0,1,"GTAG",NA,"ANCHOR_UNIQUE,CANONICAL,CIRCULAR,PERFECT_EXT,UNAMBIGUOUS_BP"
"297","5",63824305,63824513,"mma_circ_000341",20,"+",2,13,40,40,"my_test_mma2",20,2,0,1,"GTAG",NA,"ANCHOR_UNIQUE,CANONICAL,CIRCULAR,OK_EXT,UNAMBIGUOUS_BP"
"298","14",30478537,30493493,"mma_circ_000342",28,"-",2,28,40,40,"my_test_mma2",28,0,0,1,"GTAG",NA,"ANCHOR_UNIQUE,CANONICAL,CIRCULAR,PERFECT_EXT,UNAMBIGUOUS_BP"
"299","15",108428241,108433441,"mma_circ_000344",87,"+",5,87,40,40,"my_test_mma2",87,0,0,1,"GTAG",NA,"ANCHOR_UNIQUE,CANONICAL,CIRCULAR,PERFECT_EXT,UNAMBIGUOUS_BP"
"300","1",198549359,198556103,"mma_circ_000345",24,"-",3,24,40,40,"my_test_mma2",24,0,0,1,"GTAG",NA,"ANCHOR_UNIQUE,CANONICAL,CIRCULAR,PERFECT_EXT,UNAMBIGUOUS_BP"
"301","11",76361685,76386449,"mma_circ_000346",8,"+",1,8,5,40,"my_test_mma2",8,0,0,1,"GTAG",NA,"ANCHOR_UNIQUE,CANONICAL,CIRCULAR,PERFECT_EXT,UNAMBIGUOUS_BP"
"302","8",141490838,141491478,"mma_circ_000347",22,"-",3,22,40,5,"my_test_mma2",22,0,0,1,"GTAG",NA,"ANCHOR_UNIQUE,CANONICAL,CIRCULAR,PERFECT_EXT,UNAMBIGUOUS_BP"
"303","1",63138293,63146661,"mma_circ_000348",45,"-",7,45,5,40,"my_test_mma2",45,0,0,1,"GTAG",NA,"ANCHOR_UNIQUE,CANONICAL,CIRCULAR,PERFECT_EXT,UNAMBIGUOUS_BP"
"304","7",21143830,21171008,"mma_circ_000349",30,"-",3,30,5,35,"my_test_mma2",30,0,0,1,"GTAG",NA,"ANCHOR_UNIQUE,CANONICAL,CIRCULAR,PERFECT_EXT,UNAMBIGUOUS_BP"
"305","1",40129405,40130796,"mma_circ_000350",30,"+",5,30,40,40,"my_test_mma2",30,0,0,1,"GTAG",NA,"ANCHOR_UNIQUE,CANONICAL,CIRCULAR,PERFECT_EXT,UNAMBIGUOUS_BP"
"306","20",8928753,8934714,"mma_circ_000351",2,"-",1,2,5,40,"my_test_mma2",2,0,0,1,"GTAG",NA,"ANCHOR_UNIQUE,CANONICAL,CIRCULAR,PERFECT_EXT,UNAMBIGUOUS_BP"
"307","7",69291023,69299825,"mma_circ_000352",22,"+",2,22,40,40,"my_test_mma2",22,0,0,1,"GTAG",NA,"ANCHOR_UNIQUE,CANONICAL,CIRCULAR,PERFECT_EXT,UNAMBIGUOUS_BP"
"308","1",183840700,183857002,"mma_circ_000353",11,"-",3,11,40,5,"my_test_mma2",11,0,0,1,"GTAG",NA,"ANCHOR_UNIQUE,CANONICAL,CIRCULAR,PERFECT_EXT,UNAMBIGUOUS_BP"
"309","1",169548834,169549788,"mma_circ_000354",48,"+",4,48,40,40,"my_test_mma2",48,0,0,1,"GTAG",NA,"ANCHOR_UNIQUE,CANONICAL,CIRCULAR,PERFECT_EXT,UNAMBIGUOUS_BP"
"310","13",54746153,54747624,"mma_circ_000355",37,"+",6,37,5,40,"my_test_mma2",37,0,0,1,"GTAG",NA,"ANCHOR_UNIQUE,CANONICAL,CIRCULAR,PERFECT_EXT,UNAMBIGUOUS_BP"
"311","1",42458665,42477583,"mma_circ_000356",33,"+",1,33,5,40,"my_test_mma2",33,0,0,1,"GTAG",NA,"ANCHOR_UNIQUE,CANONICAL,CIRCULAR,PERFECT_EXT,UNAMBIGUOUS_BP"
"312","7",78525455,78529057,"mma_circ_000358",3,"+",3,3,35,40,"my_test_mma2",3,1,0,1,"GTAG",NA,"ANCHOR_UNIQUE,CANONICAL,CIRCULAR,GOOD_EXT,UNAMBIGUOUS_BP"
"313","8",125037879,125038003,"mma_circ_000359",2,"-",2,2,4,40,"my_test_mma2",2,1,0,1,"GTAG",NA,"ANCHOR_UNIQUE,CANONICAL,CIRCULAR,GOOD_EXT,UNAMBIGUOUS_BP"
"314","10",65182312,65183613,"mma_circ_000360",73,"+",8,72,40,5,"my_test_mma2",73,0,0,1,"GTAG",NA,"ANCHOR_UNIQUE,CANONICAL,CIRCULAR,PERFECT_EXT,UNAMBIGUOUS_BP"
"315","10",22422719,22426774,"mma_circ_000361",60,"-",6,60,40,40,"my_test_mma2",60,0,0,1,"GTAG",NA,"ANCHOR_UNIQUE,CANONICAL,CIRCULAR,PERFECT_EXT,UNAMBIGUOUS_BP"
"316","11",120355572,120355973,"mma_circ_000362",24,"+",1,24,40,40,"my_test_mma2",24,0,0,1,"GTAG",NA,"ANCHOR_UNIQUE,CANONICAL,CIRCULAR,PERFECT_EXT,UNAMBIGUOUS_BP"
"317","16",2038432,2054783,"mma_circ_000363",74,"-",9,74,40,40,"my_test_mma2",74,0,0,1,"GTAG",NA,"ANCHOR_UNIQUE,CANONICAL,CIRCULAR,PERFECT_EXT,UNAMBIGUOUS_BP"
"318","3",39799496,39803203,"mma_circ_000364",33,"-",3,33,40,40,"my_test_mma2",33,0,0,1,"GTAG",NA,"ANCHOR_UNIQUE,CANONICAL,CIRCULAR,PERFECT_EXT,UNAMBIGUOUS_BP"
"319","18",33282378,33345098,"mma_circ_000365",20,"+",2,20,5,40,"my_test_mma2",20,1,0,1,"GTAG",NA,"ANCHOR_UNIQUE,CANONICAL,CIRCULAR,GOOD_EXT,UNAMBIGUOUS_BP"
"320","5",166822391,166848312,"mma_circ_000366",37,"-",5,37,40,5,"my_test_mma2",37,0,0,1,"GTAG",NA,"ANCHOR_UNIQUE,CANONICAL,CIRCULAR,PERFECT_EXT,UNAMBIGUOUS_BP"
"321","11",92606734,92637874,"mma_circ_000367",36,"-",6,36,40,5,"my_test_mma2",36,0,0,1,"GTAG",NA,"ANCHOR_UNIQUE,CANONICAL,CIRCULAR,PERFECT_EXT,UNAMBIGUOUS_BP"
"322","3",165658872,165659044,"mma_circ_000368",18,"-",9,18,5,5,"my_test_mma2",18,0,0,1,"GTAG",NA,"ANCHOR_UNIQUE,CANONICAL,CIRCULAR,PERFECT_EXT,UNAMBIGUOUS_BP"
"323","19",12514635,12515141,"mma_circ_000369",68,"-",7,68,40,40,"my_test_mma2",68,1,0,1,"GTAG",NA,"ANCHOR_UNIQUE,CANONICAL,CIRCULAR,GOOD_EXT,UNAMBIGUOUS_BP"
"324","1",5709773,5720573,"mma_circ_000370",34,"-",6,34,37,40,"my_test_mma2",34,0,0,1,"GTAG",NA,"ANCHOR_UNIQUE,CANONICAL,CIRCULAR,PERFECT_EXT,UNAMBIGUOUS_BP"
"325","15",83139087,83141748,"mma_circ_000371",14,"-",1,14,5,40,"my_test_mma2",14,0,0,1,"GTAG",NA,"ANCHOR_UNIQUE,CANONICAL,CIRCULAR,PERFECT_EXT,UNAMBIGUOUS_BP"
"326","10",31730122,31730588,"mma_circ_000372",126,"+",23,125,40,40,"my_test_mma2",126,0,0,1,"GTAG",NA,"ANCHOR_UNIQUE,CANONICAL,CIRCULAR,PERFECT_EXT,UNAMBIGUOUS_BP"
"327","12",77628437,77630028,"mma_circ_000373",36,"+",3,36,5,5,"my_test_mma2",36,1,0,1,"GTAG",NA,"ANCHOR_UNIQUE,CANONICAL,CIRCULAR,GOOD_EXT,UNAMBIGUOUS_BP"
"328","7",166087590,166105577,"mma_circ_000374",16,"-",1,16,5,5,"my_test_mma2",16,1,0,1,"GTAG",NA,"ANCHOR_UNIQUE,CANONICAL,CIRCULAR,GOOD_EXT,UNAMBIGUOUS_BP"
"329","19",48625921,48626133,"mma_circ_000375",14,"-",2,14,40,40,"my_test_mma2",14,0,0,1,"GTAG",NA,"ANCHOR_UNIQUE,CANONICAL,CIRCULAR,PERFECT_EXT,UNAMBIGUOUS_BP"
"330","11",100038847,100041707,"mma_circ_000377",38,"+",4,38,5,40,"my_test_mma2",38,0,0,1,"GTAG",NA,"ANCHOR_UNIQUE,CANONICAL,CIRCULAR,PERFECT_EXT,UNAMBIGUOUS_BP"
"331","1",2085707,2091882,"mma_circ_000380",26,"+",4,26,40,40,"my_test_mma2",26,0,0,1,"GTAG",NA,"ANCHOR_UNIQUE,CANONICAL,CIRCULAR,PERFECT_EXT,UNAMBIGUOUS_BP"
"332","3",20777358,20777500,"mma_circ_000381",2,"-",2,2,40,5,"my_test_mma2",2,2,0,1,"GTAG",NA,"ANCHOR_UNIQUE,CANONICAL,CIRCULAR,OK_EXT,UNAMBIGUOUS_BP"
"333","1",215862152,215862621,"mma_circ_000382",2,"+",2,2,5,40,"my_test_mma2",2,0,0,1,"GTAG",NA,"ANCHOR_UNIQUE,CANONICAL,CIRCULAR,PERFECT_EXT,UNAMBIGUOUS_BP"
"334","16",926272,937332,"mma_circ_000383",54,"-",8,54,40,40,"my_test_mma2",54,0,0,1,"GTAG",NA,"ANCHOR_UNIQUE,CANONICAL,CIRCULAR,PERFECT_EXT,UNAMBIGUOUS_BP"
"335","5",63824423,63824603,"mma_circ_000384",34,"+",4,34,5,40,"my_test_mma2",34,2,0,1,"GTAG",NA,"ANCHOR_UNIQUE,CANONICAL,CIRCULAR,OK_EXT,UNAMBIGUOUS_BP"
"336","1",23382803,23383926,"mma_circ_000385",56,"+",2,56,40,5,"my_test_mma2",56,0,0,1,"GTAG",NA,"ANCHOR_UNIQUE,CANONICAL,CIRCULAR,PERFECT_EXT,UNAMBIGUOUS_BP"
"337","8",144462254,144463343,"mma_circ_000386",19,"+",1,19,40,5,"my_test_mma2",19,1,0,1,"GTAG",NA,"ANCHOR_UNIQUE,CANONICAL,CIRCULAR,GOOD_EXT,UNAMBIGUOUS_BP"
"338","1",96442458,96442651,"mma_circ_000387",66,"+",7,66,5,40,"my_test_mma2",66,0,0,1,"GTAG",NA,"ANCHOR_UNIQUE,CANONICAL,CIRCULAR,PERFECT_EXT,UNAMBIGUOUS_BP"
"339","1",197109725,197109971,"mma_circ_000388",28,"+",16,27,40,40,"my_test_mma2",28,0,0,1,"GTAG",NA,"ANCHOR_UNIQUE,CANONICAL,CIRCULAR,PERFECT_EXT,UNAMBIGUOUS_BP"
"340","12",90116173,90120378,"mma_circ_000389",91,"+",15,91,40,40,"my_test_mma2",91,0,0,1,"GTAG",NA,"ANCHOR_UNIQUE,CANONICAL,CIRCULAR,PERFECT_EXT,UNAMBIGUOUS_BP"
"341","18",789245,830274,"mma_circ_000390",45,"-",6,45,40,40,"my_test_mma2",45,0,0,1,"GTAG",NA,"ANCHOR_UNIQUE,CANONICAL,CIRCULAR,PERFECT_EXT,UNAMBIGUOUS_BP"
"342","5",92959056,92959229,"mma_circ_000391",12,"+",1,12,40,40,"my_test_mma2",12,0,0,1,"GTAG",NA,"ANCHOR_UNIQUE,CANONICAL,CIRCULAR,PERFECT_EXT,UNAMBIGUOUS_BP"
"343","14",9395724,9399005,"mma_circ_000392",56,"-",4,55,5,37,"my_test_mma2",56,2,0,1,"GTAG",NA,"ANCHOR_UNIQUE,CANONICAL,CIRCULAR,OK_EXT,UNAMBIGUOUS_BP"
"344","14",79235670,79246132,"mma_circ_000395",25,"-",3,25,5,40,"my_test_mma2",25,0,0,1,"GTAG",NA,"ANCHOR_UNIQUE,CANONICAL,CIRCULAR,PERFECT_EXT,UNAMBIGUOUS_BP"
"345","12",47348069,47415332,"mma_circ_000396",5,"-",5,4,5,40,"my_test_mma2",5,0,0,1,"GTAG",NA,"ANCHOR_UNIQUE,CANONICAL,CIRCULAR,PERFECT_EXT,UNAMBIGUOUS_BP"
"346","4",153641122,153643151,"mma_circ_000397",167,"+",21,167,40,40,"my_test_mma2",167,0,0,1,"GTAG",NA,"ANCHOR_UNIQUE,CANONICAL,CIRCULAR,PERFECT_EXT,UNAMBIGUOUS_BP"
"347","7",64445747,64457253,"mma_circ_000398",46,"+",7,46,40,5,"my_test_mma2",46,0,0,1,"GTAG",NA,"ANCHOR_UNIQUE,CANONICAL,CIRCULAR,PERFECT_EXT,UNAMBIGUOUS_BP"
"348","2",80203268,80203770,"mma_circ_000399",41,"+",7,41,40,40,"my_test_mma2",41,0,0,1,"GTAG",NA,"ANCHOR_UNIQUE,CANONICAL,CIRCULAR,PERFECT_EXT,UNAMBIGUOUS_BP"
"349","1",95557817,95601162,"mma_circ_000400",41,"+",4,41,40,40,"my_test_mma2",41,0,0,1,"GTAG",NA,"ANCHOR_UNIQUE,CANONICAL,CIRCULAR,PERFECT_EXT,UNAMBIGUOUS_BP"
"350","11",28302494,28303353,"mma_circ_000403",49,"-",6,49,40,40,"my_test_mma2",49,0,0,1,"GTAG",NA,"ANCHOR_UNIQUE,CANONICAL,CIRCULAR,PERFECT_EXT,UNAMBIGUOUS_BP"
"351","20",45808652,45809211,"mma_circ_000404",38,"-",8,38,5,40,"my_test_mma2",38,0,0,1,"GTAG",NA,"ANCHOR_UNIQUE,CANONICAL,CIRCULAR,PERFECT_EXT,UNAMBIGUOUS_BP"
"352","4",139207690,139207813,"mma_circ_000405",7,"+",7,6,5,40,"my_test_mma2",7,0,0,1,"GTAG",NA,"ANCHOR_UNIQUE,CANONICAL,CIRCULAR,PERFECT_EXT,UNAMBIGUOUS_BP"
"353","20",75059890,75060043,"mma_circ_000406",4,"+",3,4,40,40,"my_test_mma2",4,0,0,1,"GTAG",NA,"ANCHOR_UNIQUE,CANONICAL,CIRCULAR,PERFECT_EXT,UNAMBIGUOUS_BP"
"354","8",141036797,141055563,"mma_circ_000407",36,"-",5,36,40,40,"my_test_mma2",36,0,0,1,"GTAG",NA,"ANCHOR_UNIQUE,CANONICAL,CIRCULAR,PERFECT_EXT,UNAMBIGUOUS_BP"
"355","12",95684863,95691370,"mma_circ_000408",26,"+",4,26,40,40,"my_test_mma2",26,0,0,1,"GTAG",NA,"ANCHOR_UNIQUE,CANONICAL,CIRCULAR,PERFECT_EXT,UNAMBIGUOUS_BP"
"356","13",39366003,39371799,"mma_circ_000409",6,"+",2,6,5,35,"my_test_mma2",6,0,0,1,"GTAG",NA,"ANCHOR_UNIQUE,CANONICAL,CIRCULAR,PERFECT_EXT,UNAMBIGUOUS_BP"
"357","18",21239963,21259906,"mma_circ_000410",173,"-",25,37,40,37,"my_test_mma2",173,0,0,1,"GTAG",NA,"ANCHOR_UNIQUE,CANONICAL,CIRCULAR,PERFECT_EXT,UNAMBIGUOUS_BP"
"358","11",48661670,48661832,"mma_circ_000412",46,"+",7,45,5,5,"my_test_mma2",46,0,0,1,"GTAG",NA,"ANCHOR_UNIQUE,CANONICAL,CIRCULAR,PERFECT_EXT,UNAMBIGUOUS_BP"
"359","16",27395748,27423265,"mma_circ_000413",26,"+",4,26,40,40,"my_test_mma2",26,0,0,1,"GTAG",NA,"ANCHOR_UNIQUE,CANONICAL,CIRCULAR,PERFECT_EXT,UNAMBIGUOUS_BP"
"360","2",88941203,88942184,"mma_circ_000414",53,"+",9,53,40,40,"my_test_mma2",53,0,0,1,"GTAG",NA,"ANCHOR_UNIQUE,CANONICAL,CIRCULAR,PERFECT_EXT,UNAMBIGUOUS_BP"
"361","1",198033058,198036180,"mma_circ_000415",30,"-",2,30,5,40,"my_test_mma2",30,0,0,1,"GTAG",NA,"ANCHOR_UNIQUE,CANONICAL,CIRCULAR,PERFECT_EXT,UNAMBIGUOUS_BP"
"362","13",23154150,23154360,"mma_circ_000416",49,"+",8,40,5,40,"my_test_mma2",49,1,0,1,"GTAG",NA,"ANCHOR_UNIQUE,CANONICAL,CIRCULAR,GOOD_EXT,UNAMBIGUOUS_BP"
"363","15",108592773,108599338,"mma_circ_000417",15,"+",1,15,40,40,"my_test_mma2",15,0,0,1,"GTAG",NA,"ANCHOR_UNIQUE,CANONICAL,CIRCULAR,PERFECT_EXT,UNAMBIGUOUS_BP"
"364","10",5922958,5925258,"mma_circ_000420",26,"-",3,26,40,40,"my_test_mma2",26,0,0,1,"GTAG",NA,"ANCHOR_UNIQUE,CANONICAL,CIRCULAR,PERFECT_EXT,UNAMBIGUOUS_BP"
"365","9",36458481,36486075,"mma_circ_000421",75,"+",4,75,37,40,"my_test_mma2",75,0,0,1,"GTAG",NA,"ANCHOR_UNIQUE,CANONICAL,CIRCULAR,PERFECT_EXT,UNAMBIGUOUS_BP"
"366","1",109799272,109799473,"mma_circ_000422",34,"+",4,34,40,40,"my_test_mma2",34,0,0,1,"GTAG",NA,"ANCHOR_UNIQUE,CANONICAL,CIRCULAR,PERFECT_EXT,UNAMBIGUOUS_BP"
"367","14",122155045,122161242,"mma_circ_000423",57,"+",7,57,40,5,"my_test_mma2",57,0,0,1,"GTAG",NA,"ANCHOR_UNIQUE,CANONICAL,CIRCULAR,PERFECT_EXT,UNAMBIGUOUS_BP"
"368","16",1318339,1318521,"mma_circ_000424",77,"+",42,40,40,40,"my_test_mma2",77,0,0,1,"GTAG",NA,"ANCHOR_UNIQUE,CANONICAL,CIRCULAR,PERFECT_EXT,UNAMBIGUOUS_BP"
"369","1",222616482,222643738,"mma_circ_000425",52,"+",7,52,5,40,"my_test_mma2",52,0,0,1,"GTAG",NA,"ANCHOR_UNIQUE,CANONICAL,CIRCULAR,PERFECT_EXT,UNAMBIGUOUS_BP"
"370","19",9890719,9893473,"mma_circ_000426",44,"-",3,44,40,40,"my_test_mma2",44,0,0,1,"GTAG",NA,"ANCHOR_UNIQUE,CANONICAL,CIRCULAR,PERFECT_EXT,UNAMBIGUOUS_BP"
"371","1",201727466,201756911,"mma_circ_000427",71,"-",15,70,40,37,"my_test_mma2",71,0,0,1,"GTAG",NA,"ANCHOR_UNIQUE,CANONICAL,CIRCULAR,PERFECT_EXT,UNAMBIGUOUS_BP"
"372","3",165682846,165699235,"mma_circ_000428",36,"+",4,36,5,5,"my_test_mma2",36,0,0,1,"GTAG",NA,"ANCHOR_UNIQUE,CANONICAL,CIRCULAR,PERFECT_EXT,UNAMBIGUOUS_BP"
"373","5",145244058,145244848,"mma_circ_000429",52,"+",5,52,5,40,"my_test_mma2",52,0,0,1,"GTAG",NA,"ANCHOR_UNIQUE,CANONICAL,CIRCULAR,PERFECT_EXT,UNAMBIGUOUS_BP"
"374","10",15827109,15842799,"mma_circ_000430",38,"-",3,23,5,40,"my_test_mma2",38,0,0,1,"GTAG",NA,"ANCHOR_UNIQUE,CANONICAL,CIRCULAR,PERFECT_EXT,UNAMBIGUOUS_BP"
"375","15",66861129,66871744,"mma_circ_000431",22,"+",2,22,40,40,"my_test_mma2",22,0,0,1,"GTAG",NA,"ANCHOR_UNIQUE,CANONICAL,CIRCULAR,PERFECT_EXT,UNAMBIGUOUS_BP"
"376","14",112343675,112357580,"mma_circ_000432",47,"+",4,47,40,40,"my_test_mma2",47,0,0,1,"GTAG",NA,"ANCHOR_UNIQUE,CANONICAL,CIRCULAR,PERFECT_EXT,UNAMBIGUOUS_BP"
"377","2",38647560,38657463,"mma_circ_000433",46,"-",5,46,40,40,"my_test_mma2",46,0,0,1,"GTAG",NA,"ANCHOR_UNIQUE,CANONICAL,CIRCULAR,PERFECT_EXT,UNAMBIGUOUS_BP"
"378","11",106773579,106773782,"mma_circ_000434",38,"+",4,38,40,5,"my_test_mma2",38,1,0,1,"GTAG",NA,"ANCHOR_UNIQUE,CANONICAL,CIRCULAR,GOOD_EXT,UNAMBIGUOUS_BP"
"379","15",77335841,77348558,"mma_circ_000435",14,"-",3,14,40,40,"my_test_mma2",14,0,0,1,"GTAG",NA,"ANCHOR_UNIQUE,CANONICAL,CIRCULAR,PERFECT_EXT,UNAMBIGUOUS_BP"
"380","18",532435,540445,"mma_circ_000436",11,"-",3,11,40,40,"my_test_mma2",11,0,0,1,"GTAG",NA,"ANCHOR_UNIQUE,CANONICAL,CIRCULAR,PERFECT_EXT,UNAMBIGUOUS_BP"
"381","7",83403832,83404541,"mma_circ_000437",195,"-",23,195,40,40,"my_test_mma2",195,0,0,1,"GTAG",NA,"ANCHOR_UNIQUE,CANONICAL,CIRCULAR,PERFECT_EXT,UNAMBIGUOUS_BP"
"382","8",95245270,95253159,"mma_circ_000438",20,"-",3,5,5,40,"my_test_mma2",20,2,0,1,"GTAG",NA,"ANCHOR_UNIQUE,CANONICAL,CIRCULAR,OK_EXT,UNAMBIGUOUS_BP"
"383","4",102352593,102380140,"mma_circ_000440",18,"-",5,18,5,40,"my_test_mma2",18,0,1,1,"GTAG",NA,"ANCHOR_UNIQUE,CANONICAL,CIRCULAR,GOOD_EXT,UNAMBIGUOUS_BP"
"384","1",104362413,104362560,"mma_circ_000441",3,"-",2,3,40,4,"my_test_mma2",3,0,0,1,"GTAG",NA,"ANCHOR_UNIQUE,CANONICAL,CIRCULAR,PERFECT_EXT,UNAMBIGUOUS_BP"
"385","15",38120622,38138610,"mma_circ_000442",10,"-",2,1,5,40,"my_test_mma2",10,1,2,1,"GTAG",NA,"ANCHOR_UNIQUE,CANONICAL,CIRCULAR,OK_EXT,UNAMBIGUOUS_BP"
"386","4",61082640,61089519,"mma_circ_000443",50,"+",5,50,40,40,"my_test_mma2",50,0,0,1,"GTAG",NA,"ANCHOR_UNIQUE,CANONICAL,CIRCULAR,PERFECT_EXT,UNAMBIGUOUS_BP"
"387","7",107299046,107301009,"mma_circ_000444",22,"+",2,22,37,5,"my_test_mma2",22,0,0,1,"GTAG",NA,"ANCHOR_UNIQUE,CANONICAL,CIRCULAR,PERFECT_EXT,UNAMBIGUOUS_BP"
"388","16",497752,506626,"mma_circ_000445",28,"-",2,28,5,40,"my_test_mma2",28,0,0,1,"GTAG",NA,"ANCHOR_UNIQUE,CANONICAL,CIRCULAR,PERFECT_EXT,UNAMBIGUOUS_BP"
"389","1",84577097,84590881,"mma_circ_000446",19,"-",3,19,5,40,"my_test_mma2",19,0,0,1,"GTAG",NA,"ANCHOR_UNIQUE,CANONICAL,CIRCULAR,PERFECT_EXT,UNAMBIGUOUS_BP"
"390","4",64622415,64624632,"mma_circ_000447",23,"+",3,23,40,5,"my_test_mma2",23,0,0,1,"GTAG",NA,"ANCHOR_UNIQUE,CANONICAL,CIRCULAR,PERFECT_EXT,UNAMBIGUOUS_BP"
"391","8",25758779,25779706,"mma_circ_000448",38,"+",3,38,5,5,"my_test_mma2",38,1,0,1,"GTAG",NA,"ANCHOR_UNIQUE,CANONICAL,CIRCULAR,GOOD_EXT,UNAMBIGUOUS_BP"
"392","7",43096192,43096438,"mma_circ_000449",32,"-",6,23,35,35,"my_test_mma2",32,2,0,1,"GTAG",NA,"ANCHOR_UNIQUE,CANONICAL,CIRCULAR,OK_EXT,UNAMBIGUOUS_BP"
"393","10",19028765,19029060,"mma_circ_000451",57,"-",4,57,40,5,"my_test_mma2",57,0,0,1,"GTAG",NA,"ANCHOR_UNIQUE,CANONICAL,CIRCULAR,PERFECT_EXT,UNAMBIGUOUS_BP"
"394","15",50265247,50266337,"mma_circ_000452",36,"+",4,36,40,5,"my_test_mma2",36,0,0,1,"GTAG",NA,"ANCHOR_UNIQUE,CANONICAL,CIRCULAR,PERFECT_EXT,UNAMBIGUOUS_BP"
"395","1",106849970,106868467,"mma_circ_000453",70,"-",11,70,40,40,"my_test_mma2",70,0,0,1,"GTAG",NA,"ANCHOR_UNIQUE,CANONICAL,CIRCULAR,PERFECT_EXT,UNAMBIGUOUS_BP"
"396","15",15305533,15311005,"mma_circ_000454",77,"-",5,77,40,40,"my_test_mma2",77,0,0,1,"GTAG",NA,"ANCHOR_UNIQUE,CANONICAL,CIRCULAR,PERFECT_EXT,UNAMBIGUOUS_BP"
"397","10",67963089,67963341,"mma_circ_000455",24,"-",6,24,5,40,"my_test_mma2",24,1,0,1,"GTAG",NA,"ANCHOR_UNIQUE,CANONICAL,CIRCULAR,GOOD_EXT,UNAMBIGUOUS_BP"
"398","20",5128449,5139487,"mma_circ_000456",22,"-",2,22,5,40,"my_test_mma2",22,1,0,1,"GTAG",NA,"ANCHOR_UNIQUE,CANONICAL,CIRCULAR,GOOD_EXT,UNAMBIGUOUS_BP"
"399","11",109989086,109990893,"mma_circ_000457",30,"+",7,30,5,40,"my_test_mma2",30,0,0,1,"GTAG",NA,"ANCHOR_UNIQUE,CANONICAL,CIRCULAR,PERFECT_EXT,UNAMBIGUOUS_BP"
"400","16",78420849,78423029,"mma_circ_000458",45,"+",5,44,5,40,"my_test_mma2",45,1,0,1,"GTAG",NA,"ANCHOR_UNIQUE,CANONICAL,CIRCULAR,GOOD_EXT,UNAMBIGUOUS_BP"
"401","15",47774124,47778826,"mma_circ_000459",19,"+",2,19,40,37,"my_test_mma2",19,0,0,1,"GTAG",NA,"ANCHOR_UNIQUE,CANONICAL,CIRCULAR,PERFECT_EXT,UNAMBIGUOUS_BP"
"402","2",77157291,77175176,"mma_circ_000460",40,"+",6,40,40,40,"my_test_mma2",40,0,0,1,"GTAG",NA,"ANCHOR_UNIQUE,CANONICAL,CIRCULAR,PERFECT_EXT,UNAMBIGUOUS_BP"
"403","14",11680676,11681114,"mma_circ_000461",38,"+",3,38,5,40,"my_test_mma2",38,0,0,1,"GTAG",NA,"ANCHOR_UNIQUE,CANONICAL,CIRCULAR,PERFECT_EXT,UNAMBIGUOUS_BP"
"404","6",122113026,122171499,"mma_circ_000462",73,"-",4,73,5,40,"my_test_mma2",73,0,0,1,"GTAG",NA,"ANCHOR_UNIQUE,CANONICAL,CIRCULAR,PERFECT_EXT,UNAMBIGUOUS_BP"
"405","4",102297004,102315488,"mma_circ_000463",2,"-",1,2,40,40,"my_test_mma2",2,1,0,1,"GTAG",NA,"ANCHOR_UNIQUE,CANONICAL,CIRCULAR,GOOD_EXT,UNAMBIGUOUS_BP"
"406","5",104139605,104157545,"mma_circ_000464",10,"+",1,10,40,5,"my_test_mma2",10,0,0,1,"GTAG",NA,"ANCHOR_UNIQUE,CANONICAL,CIRCULAR,PERFECT_EXT,UNAMBIGUOUS_BP"
"407","1",99786708,99787645,"mma_circ_000465",208,"+",27,185,40,40,"my_test_mma2",208,0,0,1,"GTAG",NA,"ANCHOR_UNIQUE,CANONICAL,CIRCULAR,PERFECT_EXT,UNAMBIGUOUS_BP"
"408","10",41157591,41185919,"mma_circ_000466",43,"-",8,43,40,40,"my_test_mma2",43,0,0,1,"GTAG",NA,"ANCHOR_UNIQUE,CANONICAL,CIRCULAR,PERFECT_EXT,UNAMBIGUOUS_BP"
"409","12",117806142,117820555,"mma_circ_000467",27,"+",4,27,40,40,"my_test_mma2",27,0,0,1,"GTAG",NA,"ANCHOR_UNIQUE,CANONICAL,CIRCULAR,PERFECT_EXT,UNAMBIGUOUS_BP"
"410","3",87302905,87314242,"mma_circ_000468",37,"-",14,37,37,40,"my_test_mma2",37,0,0,1,"GTAG",NA,"ANCHOR_UNIQUE,CANONICAL,CIRCULAR,PERFECT_EXT,UNAMBIGUOUS_BP"
"411","17",61233587,61234228,"mma_circ_000469",39,"+",5,39,40,40,"my_test_mma2",39,0,0,1,"GTAG",NA,"ANCHOR_UNIQUE,CANONICAL,CIRCULAR,PERFECT_EXT,UNAMBIGUOUS_BP"
"412","19",31941815,31942440,"mma_circ_000471",39,"+",4,39,40,40,"my_test_mma2",39,0,0,1,"GTAG",NA,"ANCHOR_UNIQUE,CANONICAL,CIRCULAR,PERFECT_EXT,UNAMBIGUOUS_BP"
"413","1",3324505,3326013,"mma_circ_000472",60,"+",6,60,5,40,"my_test_mma2",60,1,0,1,"GTAG",NA,"ANCHOR_UNIQUE,CANONICAL,CIRCULAR,GOOD_EXT,UNAMBIGUOUS_BP"
"414","15",83566625,83583979,"mma_circ_000473",4,"-",1,4,40,40,"my_test_mma2",4,0,0,1,"GTAG",NA,"ANCHOR_UNIQUE,CANONICAL,CIRCULAR,PERFECT_EXT,UNAMBIGUOUS_BP"
"415","5",63835178,63836756,"mma_circ_000474",22,"+",3,22,40,40,"my_test_mma2",22,2,0,1,"GTAG",NA,"ANCHOR_UNIQUE,CANONICAL,CIRCULAR,OK_EXT,UNAMBIGUOUS_BP"
"416","5",97311440,97311704,"mma_circ_000475",34,"+",5,33,40,40,"my_test_mma2",34,1,0,1,"GTAG",NA,"ANCHOR_UNIQUE,CANONICAL,CIRCULAR,GOOD_EXT,UNAMBIGUOUS_BP"
"417","16",34550104,34563306,"mma_circ_000476",51,"-",7,51,5,40,"my_test_mma2",51,0,0,1,"GTAG",NA,"ANCHOR_UNIQUE,CANONICAL,CIRCULAR,PERFECT_EXT,UNAMBIGUOUS_BP"
"418","12",120219258,120228358,"mma_circ_000477",65,"+",3,65,40,40,"my_test_mma2",65,2,0,1,"GTAG",NA,"ANCHOR_UNIQUE,CANONICAL,CIRCULAR,OK_EXT,UNAMBIGUOUS_BP"
"419","12",103573434,103582789,"mma_circ_000478",2,"+",2,2,36,5,"my_test_mma2",2,0,0,1,"GTAG",NA,"ANCHOR_UNIQUE,CANONICAL,CIRCULAR,PERFECT_EXT,UNAMBIGUOUS_BP"
"420","2",15223473,15234761,"mma_circ_000479",40,"+",10,2,40,37,"my_test_mma2",40,0,0,1,"GTAG",NA,"ANCHOR_UNIQUE,CANONICAL,CIRCULAR,PERFECT_EXT,UNAMBIGUOUS_BP"
"421","8",106912864,106932686,"mma_circ_000481",16,"+",2,16,40,5,"my_test_mma2",16,0,0,1,"GTAG",NA,"ANCHOR_UNIQUE,CANONICAL,CIRCULAR,PERFECT_EXT,UNAMBIGUOUS_BP"
"422","4",137480474,137514149,"mma_circ_000482",12,"-",3,10,37,5,"my_test_mma2",12,1,0,1,"GTAG",NA,"ANCHOR_UNIQUE,CANONICAL,CIRCULAR,GOOD_EXT,UNAMBIGUOUS_BP"
"423","1",185014138,185015411,"mma_circ_000483",28,"-",3,28,40,40,"my_test_mma2",28,1,0,1,"GTAG",NA,"ANCHOR_UNIQUE,CANONICAL,CIRCULAR,GOOD_EXT,UNAMBIGUOUS_BP"
"424","1",126319424,126319724,"mma_circ_000484",6,"+",1,6,40,5,"my_test_mma2",6,0,0,1,"GTAG",NA,"ANCHOR_UNIQUE,CANONICAL,CIRCULAR,PERFECT_EXT,UNAMBIGUOUS_BP"
"425","12",20752006,20755152,"mma_circ_000485",32,"+",5,32,40,5,"my_test_mma2",32,0,0,1,"GTAG",NA,"ANCHOR_UNIQUE,CANONICAL,CIRCULAR,PERFECT_EXT,UNAMBIGUOUS_BP"
"426","15",66140142,66149415,"mma_circ_000486",23,"-",3,23,40,40,"my_test_mma2",23,1,0,1,"GTAG",NA,"ANCHOR_UNIQUE,CANONICAL,CIRCULAR,GOOD_EXT,UNAMBIGUOUS_BP"
"427","16",2256628,2258375,"mma_circ_000487",55,"-",5,55,40,5,"my_test_mma2",55,1,0,1,"GTAG",NA,"ANCHOR_UNIQUE,CANONICAL,CIRCULAR,GOOD_EXT,UNAMBIGUOUS_BP"
"428","1",222616482,222628995,"mma_circ_000488",38,"+",5,38,5,5,"my_test_mma2",38,0,0,1,"GTAG",NA,"ANCHOR_UNIQUE,CANONICAL,CIRCULAR,PERFECT_EXT,UNAMBIGUOUS_BP"
"429","17",57057781,57143641,"mma_circ_000490",28,"-",1,28,5,35,"my_test_mma2",28,0,0,1,"GTAG",NA,"ANCHOR_UNIQUE,CANONICAL,CIRCULAR,PERFECT_EXT,UNAMBIGUOUS_BP"
"430","6",96238501,96242533,"mma_circ_000491",66,"-",7,66,40,40,"my_test_mma2",66,0,0,1,"GTAG",NA,"ANCHOR_UNIQUE,CANONICAL,CIRCULAR,PERFECT_EXT,UNAMBIGUOUS_BP"
"431","14",64727376,64727564,"mma_circ_000493",50,"+",8,50,5,40,"my_test_mma2",50,0,0,1,"GTAG",NA,"ANCHOR_UNIQUE,CANONICAL,CIRCULAR,PERFECT_EXT,UNAMBIGUOUS_BP"
"432","8",26629780,26633518,"mma_circ_000494",15,"+",2,15,40,5,"my_test_mma2",15,0,0,1,"GTAG",NA,"ANCHOR_UNIQUE,CANONICAL,CIRCULAR,PERFECT_EXT,UNAMBIGUOUS_BP"
"433","17",7636438,7677100,"mma_circ_000495",51,"-",6,51,40,40,"my_test_mma2",51,0,0,1,"GTAG",NA,"ANCHOR_UNIQUE,CANONICAL,CIRCULAR,PERFECT_EXT,UNAMBIGUOUS_BP"
"434","5",136996016,137017834,"mma_circ_000496",17,"-",3,17,5,40,"my_test_mma2",17,0,0,1,"GTAG",NA,"ANCHOR_UNIQUE,CANONICAL,CIRCULAR,PERFECT_EXT,UNAMBIGUOUS_BP"
"435","20",22376459,22379853,"mma_circ_000497",51,"+",6,51,40,40,"my_test_mma2",51,0,0,1,"GTAG",NA,"ANCHOR_UNIQUE,CANONICAL,CIRCULAR,PERFECT_EXT,UNAMBIGUOUS_BP"
"436","16",7292836,7292941,"mma_circ_000498",4,"-",4,4,40,40,"my_test_mma2",4,0,0,1,"GTAG",NA,"ANCHOR_UNIQUE,CANONICAL,CIRCULAR,PERFECT_EXT,UNAMBIGUOUS_BP"
"437","1",37096948,37098268,"mma_circ_000500",49,"+",7,49,40,40,"my_test_mma2",49,0,0,1,"GTAG",NA,"ANCHOR_UNIQUE,CANONICAL,CIRCULAR,PERFECT_EXT,UNAMBIGUOUS_BP"
"438","2",609415,609691,"mma_circ_000502",7,"+",2,1,5,40,"my_test_mma2",7,1,0,1,"GTAG",NA,"ANCHOR_UNIQUE,CANONICAL,CIRCULAR,GOOD_EXT,UNAMBIGUOUS_BP"
"439","9",28059925,28068331,"mma_circ_000503",13,"+",2,13,40,5,"my_test_mma2",13,0,0,1,"GTAG",NA,"ANCHOR_UNIQUE,CANONICAL,CIRCULAR,PERFECT_EXT,UNAMBIGUOUS_BP"
"440","7",41269536,41272747,"mma_circ_000504",37,"-",5,37,40,5,"my_test_mma2",37,0,0,1,"GTAG",NA,"ANCHOR_UNIQUE,CANONICAL,CIRCULAR,PERFECT_EXT,UNAMBIGUOUS_BP"
"441","6",160833304,160839198,"mma_circ_000505",16,"+",1,16,5,5,"my_test_mma2",16,0,0,1,"GTAG",NA,"ANCHOR_UNIQUE,CANONICAL,CIRCULAR,PERFECT_EXT,UNAMBIGUOUS_BP"
"442","8",106897996,106902905,"mma_circ_000506",40,"+",4,40,5,40,"my_test_mma2",40,0,0,1,"GTAG",NA,"ANCHOR_UNIQUE,CANONICAL,CIRCULAR,PERFECT_EXT,UNAMBIGUOUS_BP"
"443","10",82881303,82887947,"mma_circ_000507",30,"-",1,30,35,5,"my_test_mma2",30,0,0,1,"GTAG",NA,"ANCHOR_UNIQUE,CANONICAL,CIRCULAR,PERFECT_EXT,UNAMBIGUOUS_BP"
"444","16",78426694,78427343,"mma_circ_000508",74,"-",6,74,40,40,"my_test_mma2",74,0,0,1,"GTAG",NA,"ANCHOR_UNIQUE,CANONICAL,CIRCULAR,PERFECT_EXT,UNAMBIGUOUS_BP"
"445","16",497752,525305,"mma_circ_000509",18,"-",3,18,5,5,"my_test_mma2",18,0,0,1,"GTAG",NA,"ANCHOR_UNIQUE,CANONICAL,CIRCULAR,PERFECT_EXT,UNAMBIGUOUS_BP"
"446","1",30695788,30712105,"mma_circ_000510",24,"-",3,24,40,40,"my_test_mma2",24,0,0,1,"GTAG",NA,"ANCHOR_UNIQUE,CANONICAL,CIRCULAR,PERFECT_EXT,UNAMBIGUOUS_BP"
"447","20",29817962,29818019,"mma_circ_000511",76,"+",16,76,40,40,"my_test_mma2",76,0,0,1,"GTAG",NA,"ANCHOR_UNIQUE,CANONICAL,CIRCULAR,PERFECT_EXT,UNAMBIGUOUS_BP"
"448","4",130579177,130613611,"mma_circ_000512",62,"-",13,62,40,40,"my_test_mma2",62,0,0,1,"GTAG",NA,"ANCHOR_UNIQUE,CANONICAL,CIRCULAR,PERFECT_EXT,UNAMBIGUOUS_BP"
"449","16",7292416,7292584,"mma_circ_000513",22,"-",3,22,40,40,"my_test_mma2",22,0,0,1,"GTAG",NA,"ANCHOR_UNIQUE,CANONICAL,CIRCULAR,PERFECT_EXT,UNAMBIGUOUS_BP"
"450","16",11847447,11905246,"mma_circ_000515",70,"+",9,54,35,5,"my_test_mma2",70,0,0,1,"GTAG",NA,"ANCHOR_UNIQUE,CANONICAL,CIRCULAR,PERFECT_EXT,UNAMBIGUOUS_BP"
"451","3",165682846,165717835,"mma_circ_000516",17,"+",3,17,37,40,"my_test_mma2",17,0,0,1,"GTAG",NA,"ANCHOR_UNIQUE,CANONICAL,CIRCULAR,PERFECT_EXT,UNAMBIGUOUS_BP"
"452","20",2356315,2363324,"mma_circ_000518",30,"-",3,30,40,5,"my_test_mma2",30,0,0,1,"GTAG",NA,"ANCHOR_UNIQUE,CANONICAL,CIRCULAR,PERFECT_EXT,UNAMBIGUOUS_BP"
"453","12",39518711,39518949,"mma_circ_000519",32,"+",4,32,37,5,"my_test_mma2",32,1,0,1,"GTAG",NA,"ANCHOR_UNIQUE,CANONICAL,CIRCULAR,GOOD_EXT,UNAMBIGUOUS_BP"
"454","10",10363488,10364003,"mma_circ_000521",31,"-",4,31,37,40,"my_test_mma2",31,0,0,1,"GTAG",NA,"ANCHOR_UNIQUE,CANONICAL,CIRCULAR,PERFECT_EXT,UNAMBIGUOUS_BP"
"455","2",75075317,75088409,"mma_circ_000522",6,"-",2,6,40,40,"my_test_mma2",6,0,0,1,"GTAG",NA,"ANCHOR_UNIQUE,CANONICAL,CIRCULAR,PERFECT_EXT,UNAMBIGUOUS_BP"
"456","2",77161053,77221138,"mma_circ_000523",17,"+",1,17,40,5,"my_test_mma2",17,0,0,1,"GTAG",NA,"ANCHOR_UNIQUE,CANONICAL,CIRCULAR,PERFECT_EXT,UNAMBIGUOUS_BP"
"457","6",177968065,177971624,"mma_circ_000524",46,"+",4,46,40,40,"my_test_mma2",46,0,0,1,"GTAG",NA,"ANCHOR_UNIQUE,CANONICAL,CIRCULAR,PERFECT_EXT,UNAMBIGUOUS_BP"
"458","9",16156753,16209042,"mma_circ_000525",521,"+",75,6,37,37,"my_test_mma2",521,0,0,1,"GTAG",NA,"ANCHOR_UNIQUE,CANONICAL,CIRCULAR,PERFECT_EXT,UNAMBIGUOUS_BP"
"459","7",153955493,153957155,"mma_circ_000526",4,"-",2,2,5,5,"my_test_mma2",4,0,0,1,"GTAG",NA,"ANCHOR_UNIQUE,CANONICAL,CIRCULAR,PERFECT_EXT,UNAMBIGUOUS_BP"
"460","10",84287142,84289953,"mma_circ_000528",69,"+",6,69,40,40,"my_test_mma2",69,0,0,1,"GTAG",NA,"ANCHOR_UNIQUE,CANONICAL,CIRCULAR,PERFECT_EXT,UNAMBIGUOUS_BP"
"461","3",44380217,44380520,"mma_circ_000529",132,"+",12,132,40,40,"my_test_mma2",132,0,0,1,"GTAG",NA,"ANCHOR_UNIQUE,CANONICAL,CIRCULAR,PERFECT_EXT,UNAMBIGUOUS_BP"
"462","3",81669370,81711342,"mma_circ_000530",40,"-",2,40,5,40,"my_test_mma2",40,1,0,1,"GTAG",NA,"ANCHOR_UNIQUE,CANONICAL,CIRCULAR,GOOD_EXT,UNAMBIGUOUS_BP"
"463","4",12014422,12059934,"mma_circ_000532",19,"+",2,16,5,40,"my_test_mma2",19,0,0,1,"GTAG",NA,"ANCHOR_UNIQUE,CANONICAL,CIRCULAR,PERFECT_EXT,UNAMBIGUOUS_BP"
"464","15",48930978,48948929,"mma_circ_000534",129,"-",13,129,40,40,"my_test_mma2",129,0,0,1,"GTAG",NA,"ANCHOR_UNIQUE,CANONICAL,CIRCULAR,PERFECT_EXT,UNAMBIGUOUS_BP"
"465","7",154851464,154853569,"mma_circ_000535",52,"+",5,36,5,40,"my_test_mma2",52,0,0,1,"GTAG",NA,"ANCHOR_UNIQUE,CANONICAL,CIRCULAR,PERFECT_EXT,UNAMBIGUOUS_BP"
"466","10",64558293,64558422,"mma_circ_000536",10,"-",2,10,37,40,"my_test_mma2",10,2,0,1,"GTAG",NA,"ANCHOR_UNIQUE,CANONICAL,CIRCULAR,OK_EXT,UNAMBIGUOUS_BP"
"467","20",29810150,29811061,"mma_circ_000537",25,"+",1,25,5,40,"my_test_mma2",25,0,0,1,"GTAG",NA,"ANCHOR_UNIQUE,CANONICAL,CIRCULAR,PERFECT_EXT,UNAMBIGUOUS_BP"
"468","2",1132503,1144701,"mma_circ_000538",41,"-",4,40,40,5,"my_test_mma2",41,0,0,1,"GTAG",NA,"ANCHOR_UNIQUE,CANONICAL,CIRCULAR,PERFECT_EXT,UNAMBIGUOUS_BP"
"469","14",3017634,3035043,"mma_circ_000539",30,"-",4,30,40,5,"my_test_mma2",30,0,0,1,"GTAG",NA,"ANCHOR_UNIQUE,CANONICAL,CIRCULAR,PERFECT_EXT,UNAMBIGUOUS_BP"
"470","11",1192242,1201727,"mma_circ_000540",55,"+",5,55,40,5,"my_test_mma2",55,0,0,1,"GTAG",NA,"ANCHOR_UNIQUE,CANONICAL,CIRCULAR,PERFECT_EXT,UNAMBIGUOUS_BP"
"471","16",7292416,7292698,"mma_circ_000541",48,"-",6,48,5,40,"my_test_mma2",48,1,0,1,"GTAG",NA,"ANCHOR_UNIQUE,CANONICAL,CIRCULAR,GOOD_EXT,UNAMBIGUOUS_BP"
"472","3",12723329,12757272,"mma_circ_000542",44,"-",5,44,5,40,"my_test_mma2",44,0,0,1,"GTAG",NA,"ANCHOR_UNIQUE,CANONICAL,CIRCULAR,PERFECT_EXT,UNAMBIGUOUS_BP"
"473","17",59527762,59562744,"mma_circ_000543",17,"+",1,17,40,40,"my_test_mma2",17,0,0,1,"GTAG",NA,"ANCHOR_UNIQUE,CANONICAL,CIRCULAR,PERFECT_EXT,UNAMBIGUOUS_BP"
"474","20",29817685,29817784,"mma_circ_000544",2,"+",1,2,5,36,"my_test_mma2",2,0,1,1,"GTAG",NA,"ANCHOR_UNIQUE,CANONICAL,CIRCULAR,GOOD_EXT,UNAMBIGUOUS_BP"
"475","5",183982746,183986029,"mma_circ_000545",61,"-",9,56,40,37,"my_test_mma2",61,0,0,1,"GTAG",NA,"ANCHOR_UNIQUE,CANONICAL,CIRCULAR,PERFECT_EXT,UNAMBIGUOUS_BP"
"476","3",75250061,75264310,"mma_circ_000546",55,"-",5,54,5,40,"my_test_mma2",55,0,0,1,"GTAG",NA,"ANCHOR_UNIQUE,CANONICAL,CIRCULAR,PERFECT_EXT,UNAMBIGUOUS_BP"
"477","16",7292731,7292941,"mma_circ_000547",14,"-",9,14,37,40,"my_test_mma2",14,0,1,1,"GTAG",NA,"ANCHOR_UNIQUE,CANONICAL,CIRCULAR,GOOD_EXT,UNAMBIGUOUS_BP"
"478","2",106225756,106227445,"mma_circ_000548",77,"+",9,76,40,40,"my_test_mma2",77,0,0,1,"GTAG",NA,"ANCHOR_UNIQUE,CANONICAL,CIRCULAR,PERFECT_EXT,UNAMBIGUOUS_BP"
"479","7",16412964,16452011,"mma_circ_000550",56,"+",8,56,5,5,"my_test_mma2",56,0,0,1,"GTAG",NA,"ANCHOR_UNIQUE,CANONICAL,CIRCULAR,PERFECT_EXT,UNAMBIGUOUS_BP"
"480","2",105103446,105104272,"mma_circ_000552",10,"-",5,10,40,5,"my_test_mma2",10,0,0,1,"GTAG",NA,"ANCHOR_UNIQUE,CANONICAL,CIRCULAR,PERFECT_EXT,UNAMBIGUOUS_BP"
"481","17",29376419,29422249,"mma_circ_000553",41,"+",3,41,5,40,"my_test_mma2",41,1,0,1,"GTAG",NA,"ANCHOR_UNIQUE,CANONICAL,CIRCULAR,GOOD_EXT,UNAMBIGUOUS_BP"
"482","4",33595718,33644369,"mma_circ_000554",32,"+",5,32,40,40,"my_test_mma2",32,0,0,1,"GTAG",NA,"ANCHOR_UNIQUE,CANONICAL,CIRCULAR,PERFECT_EXT,UNAMBIGUOUS_BP"
"483","1",1847474,1852256,"mma_circ_000555",32,"+",6,28,40,5,"my_test_mma2",32,0,0,1,"GTAG",NA,"ANCHOR_UNIQUE,CANONICAL,CIRCULAR,PERFECT_EXT,UNAMBIGUOUS_BP"
"484","8",67899388,67908430,"mma_circ_000556",104,"-",10,104,40,40,"my_test_mma2",104,0,0,1,"GTAG",NA,"ANCHOR_UNIQUE,CANONICAL,CIRCULAR,PERFECT_EXT,UNAMBIGUOUS_BP"
"485","7",69291023,69293052,"mma_circ_000557",52,"+",2,52,5,40,"my_test_mma2",52,0,0,1,"GTAG",NA,"ANCHOR_UNIQUE,CANONICAL,CIRCULAR,PERFECT_EXT,UNAMBIGUOUS_BP"
"486","20",29810425,29810967,"mma_circ_000558",34,"-",5,34,5,40,"my_test_mma2",34,1,0,1,"GTAG",NA,"ANCHOR_UNIQUE,CANONICAL,CIRCULAR,GOOD_EXT,UNAMBIGUOUS_BP"
"487","20",29816431,29818038,"mma_circ_000559",4,"+",1,4,5,5,"my_test_mma2",4,0,0,1,"GTAG",NA,"ANCHOR_UNIQUE,CANONICAL,CIRCULAR,PERFECT_EXT,UNAMBIGUOUS_BP"
"488","1",16564590,16584716,"mma_circ_000561",52,"+",6,51,40,40,"my_test_mma2",52,0,0,1,"GTAG",NA,"ANCHOR_UNIQUE,CANONICAL,CIRCULAR,PERFECT_EXT,UNAMBIGUOUS_BP"
"489","6",132133433,132147133,"mma_circ_000562",18,"+",3,18,40,40,"my_test_mma2",18,1,0,1,"GTAG",NA,"ANCHOR_UNIQUE,CANONICAL,CIRCULAR,GOOD_EXT,UNAMBIGUOUS_BP"
"490","1",211138421,211148153,"mma_circ_000564",42,"-",7,42,40,40,"my_test_mma2",42,0,0,1,"GTAG",NA,"ANCHOR_UNIQUE,CANONICAL,CIRCULAR,PERFECT_EXT,UNAMBIGUOUS_BP"
"491","14",10345846,10346202,"mma_circ_000565",40,"-",5,40,5,40,"my_test_mma2",40,0,0,1,"GTAG",NA,"ANCHOR_UNIQUE,CANONICAL,CIRCULAR,PERFECT_EXT,UNAMBIGUOUS_BP"
"492","1",214164199,214170349,"mma_circ_000566",16,"-",3,16,40,5,"my_test_mma2",16,0,0,1,"GTAG",NA,"ANCHOR_UNIQUE,CANONICAL,CIRCULAR,PERFECT_EXT,UNAMBIGUOUS_BP"
"493","4",47542993,47543531,"mma_circ_000567",36,"+",7,36,40,40,"my_test_mma2",36,0,0,1,"GTAG",NA,"ANCHOR_UNIQUE,CANONICAL,CIRCULAR,PERFECT_EXT,UNAMBIGUOUS_BP"
"494","5",101042496,101071947,"mma_circ_000568",22,"-",8,16,40,5,"my_test_mma2",22,0,0,1,"GTAG",NA,"ANCHOR_UNIQUE,CANONICAL,CIRCULAR,PERFECT_EXT,UNAMBIGUOUS_BP"
"495","20",15578558,15588811,"mma_circ_000569",29,"+",3,29,36,40,"my_test_mma2",29,0,0,1,"GTAG",NA,"ANCHOR_UNIQUE,CANONICAL,CIRCULAR,PERFECT_EXT,UNAMBIGUOUS_BP"
"496","16",25342583,25360516,"mma_circ_000570",71,"-",6,71,40,37,"my_test_mma2",71,0,0,1,"GTAG",NA,"ANCHOR_UNIQUE,CANONICAL,CIRCULAR,PERFECT_EXT,UNAMBIGUOUS_BP"
"497","4",61068560,61089519,"mma_circ_000571",84,"+",4,84,40,40,"my_test_mma2",84,0,0,1,"GTAG",NA,"ANCHOR_UNIQUE,CANONICAL,CIRCULAR,PERFECT_EXT,UNAMBIGUOUS_BP"
"498","10",69926282,69946555,"mma_circ_000572",4,"-",4,4,37,40,"my_test_mma2",4,0,1,1,"GTAG",NA,"ANCHOR_UNIQUE,CANONICAL,CIRCULAR,GOOD_EXT,UNAMBIGUOUS_BP"
"499","6",72255534,72261254,"mma_circ_000573",72,"-",7,71,40,40,"my_test_mma2",72,0,0,1,"GTAG",NA,"ANCHOR_UNIQUE,CANONICAL,CIRCULAR,PERFECT_EXT,UNAMBIGUOUS_BP"
"500","8",81107015,81114276,"mma_circ_000574",58,"-",7,58,5,40,"my_test_mma2",58,0,0,1,"GTAG",NA,"ANCHOR_UNIQUE,CANONICAL,CIRCULAR,PERFECT_EXT,UNAMBIGUOUS_BP"
"501","19",53977533,54012046,"mma_circ_000575",2,"-",2,2,5,5,"my_test_mma2",2,1,0,1,"GTAG",NA,"ANCHOR_UNIQUE,CANONICAL,CIRCULAR,GOOD_EXT,UNAMBIGUOUS_BP"
"502","7",35449353,35450249,"mma_circ_000576",12,"+",4,12,40,37,"my_test_mma2",12,0,0,1,"GTAG",NA,"ANCHOR_UNIQUE,CANONICAL,CIRCULAR,PERFECT_EXT,UNAMBIGUOUS_BP"
"503","6",125042608,125042827,"mma_circ_000577",49,"+",1,49,5,5,"my_test_mma2",49,2,0,1,"GTAG",NA,"ANCHOR_UNIQUE,CANONICAL,CIRCULAR,OK_EXT,UNAMBIGUOUS_BP"
"504","11",101830418,101836645,"mma_circ_000578",25,"-",3,25,35,40,"my_test_mma2",25,0,0,1,"GTAG",NA,"ANCHOR_UNIQUE,CANONICAL,CIRCULAR,PERFECT_EXT,UNAMBIGUOUS_BP"
"505","5",47785893,47799491,"mma_circ_000579",51,"+",5,51,40,40,"my_test_mma2",51,0,0,1,"GTAG",NA,"ANCHOR_UNIQUE,CANONICAL,CIRCULAR,PERFECT_EXT,UNAMBIGUOUS_BP"
"506","14",70762529,70770869,"mma_circ_000580",17,"-",2,17,40,40,"my_test_mma2",17,0,0,1,"GTAG",NA,"ANCHOR_UNIQUE,CANONICAL,CIRCULAR,PERFECT_EXT,UNAMBIGUOUS_BP"
"507","3",13190442,13190738,"mma_circ_000581",41,"+",1,41,5,5,"my_test_mma2",41,1,0,1,"GTAG",NA,"ANCHOR_UNIQUE,CANONICAL,CIRCULAR,GOOD_EXT,UNAMBIGUOUS_BP"
"508","6",92359871,92360923,"mma_circ_000582",28,"-",3,28,40,40,"my_test_mma2",28,1,0,1,"GTAG",NA,"ANCHOR_UNIQUE,CANONICAL,CIRCULAR,GOOD_EXT,UNAMBIGUOUS_BP"
"509","10",66774206,66774778,"mma_circ_000583",42,"+",5,42,5,5,"my_test_mma2",42,0,0,1,"GTAG",NA,"ANCHOR_UNIQUE,CANONICAL,CIRCULAR,PERFECT_EXT,UNAMBIGUOUS_BP"
"510","14",28823869,28860042,"mma_circ_000584",40,"-",6,40,40,37,"my_test_mma2",40,0,0,1,"GTAG",NA,"ANCHOR_UNIQUE,CANONICAL,CIRCULAR,PERFECT_EXT,UNAMBIGUOUS_BP"
"511","7",84952015,84952684,"mma_circ_000585",48,"-",2,48,36,5,"my_test_mma2",48,0,0,1,"GTAG",NA,"ANCHOR_UNIQUE,CANONICAL,CIRCULAR,PERFECT_EXT,UNAMBIGUOUS_BP"
"512","7",112847337,112851637,"mma_circ_000586",74,"-",7,74,40,40,"my_test_mma2",74,0,0,1,"GTAG",NA,"ANCHOR_UNIQUE,CANONICAL,CIRCULAR,PERFECT_EXT,UNAMBIGUOUS_BP"
"513","7",153027603,153043311,"mma_circ_000589",19,"-",3,19,5,40,"my_test_mma2",19,0,0,1,"GTAG",NA,"ANCHOR_UNIQUE,CANONICAL,CIRCULAR,PERFECT_EXT,UNAMBIGUOUS_BP"
"514","9",28053013,28058595,"mma_circ_000590",32,"+",2,32,40,40,"my_test_mma2",32,0,0,1,"GTAG",NA,"ANCHOR_UNIQUE,CANONICAL,CIRCULAR,PERFECT_EXT,UNAMBIGUOUS_BP"
"515","20",40998866,41060436,"mma_circ_000591",29,"+",3,29,35,40,"my_test_mma2",29,0,0,1,"GTAG",NA,"ANCHOR_UNIQUE,CANONICAL,CIRCULAR,PERFECT_EXT,UNAMBIGUOUS_BP"
"516","4",156309145,156341620,"mma_circ_000592",34,"+",4,34,40,40,"my_test_mma2",34,0,0,1,"GTAG",NA,"ANCHOR_UNIQUE,CANONICAL,CIRCULAR,PERFECT_EXT,UNAMBIGUOUS_BP"
"517","6",93857131,93867911,"mma_circ_000593",30,"+",2,30,40,40,"my_test_mma2",30,0,0,1,"GTAG",NA,"ANCHOR_UNIQUE,CANONICAL,CIRCULAR,PERFECT_EXT,UNAMBIGUOUS_BP"
"518","17",27647767,27649463,"mma_circ_000594",73,"+",6,73,40,40,"my_test_mma2",73,1,0,1,"GTAG",NA,"ANCHOR_UNIQUE,CANONICAL,CIRCULAR,GOOD_EXT,UNAMBIGUOUS_BP"
"519","6",120452084,120465604,"mma_circ_000595",27,"+",5,25,40,5,"my_test_mma2",27,0,0,1,"GTAG",NA,"ANCHOR_UNIQUE,CANONICAL,CIRCULAR,PERFECT_EXT,UNAMBIGUOUS_BP"
"520","11",117783740,117784108,"mma_circ_000596",27,"-",1,27,5,5,"my_test_mma2",27,2,0,1,"GTAG",NA,"ANCHOR_UNIQUE,CANONICAL,CIRCULAR,OK_EXT,UNAMBIGUOUS_BP"
"521","20",35351723,35358981,"mma_circ_000597",76,"+",7,76,5,40,"my_test_mma2",76,0,0,1,"GTAG",NA,"ANCHOR_UNIQUE,CANONICAL,CIRCULAR,PERFECT_EXT,UNAMBIGUOUS_BP"
"522","14",14381919,14400794,"mma_circ_000599",54,"+",8,54,40,40,"my_test_mma2",54,0,0,1,"GTAG",NA,"ANCHOR_UNIQUE,CANONICAL,CIRCULAR,PERFECT_EXT,UNAMBIGUOUS_BP"
"523","15",3837496,3837637,"mma_circ_000600",5,"-",5,5,40,40,"my_test_mma2",5,0,0,1,"GTAG",NA,"ANCHOR_UNIQUE,CANONICAL,CIRCULAR,PERFECT_EXT,UNAMBIGUOUS_BP"
"524","10",31151070,31173032,"mma_circ_000601",35,"+",6,35,5,40,"my_test_mma2",35,0,0,1,"GTAG",NA,"ANCHOR_UNIQUE,CANONICAL,CIRCULAR,PERFECT_EXT,UNAMBIGUOUS_BP"
"525","16",45796558,45805025,"mma_circ_000602",37,"+",5,37,40,5,"my_test_mma2",37,0,0,1,"GTAG",NA,"ANCHOR_UNIQUE,CANONICAL,CIRCULAR,PERFECT_EXT,UNAMBIGUOUS_BP"
"526","12",95401825,95402761,"mma_circ_000603",32,"-",5,32,40,40,"my_test_mma2",32,0,0,1,"GTAG",NA,"ANCHOR_UNIQUE,CANONICAL,CIRCULAR,PERFECT_EXT,UNAMBIGUOUS_BP"
