"gene_id","circ_mpi1","circ_mpi2","circ_mpi3","mpi1","mpi2","mpi3"
"ENSMPIG00001000700244",24,25,29,0,0,0
"ENSMPIG00001001300244",3,28,4,4447,5652,4874
"ENSMPIG00001014100244",123,105,81,0,0,0
"ENSMPIG00001020620243",8,4,5,223,156,150
"ENSMPIG00001022900244",17,21,29,0,0,0
"ENSMPIG00001023000244",17,21,29,0,0,0
"ENSMPIG00001023600244",2,16,7,0,0,0
"ENSMPIG00001025100244",54,50,48,0,0,0
"ENSMPIG00001025302243",54,50,48,0,0,0
"ENSMPIG00001028424241",29,55,18,589,718,646
"ENSMPIG00001029124241",1,3,2,1240,1050,1412
"ENSMPIG00001034724241",86,72,74,206,311,330
"ENSMPIG00001042100244",1,9,1,0,0,0
"ENSMPIG00001043000244",67,91,69,0,0,0
"ENSMPIG00001046823233",7,10,4,562,847,854
"ENSMPIG00001048900234",8,35,23,0,0,0
"ENSMPIG00001054300244",8,8,1,0,0,0
"ENSMPIG00001066321243",15,22,23,2130,1975,1499
"ENSMPIG00001070924241",40,23,52,13123,11863,6913
"ENSMPIG00001073223243",196,286,225,1321,1447,1141
"ENSMPIG00001088300244",5,13,11,0,0,0
"ENSMPIG00001088500244",5,13,11,0,0,0
"ENSMPIG00001096400244",79,113,64,0,0,0
"ENSMPIG00001102500244",2,13,2,375,499,409
"ENSMPIG00001103002243",158,191,136,0,0,0
"ENSMPIG00001103200244",158,191,136,0,0,0
"ENSMPIG00001121522243",7,16,1,19625,15758,9796
"ENSMPIG00002002822223",3,4,13,1522,1644,2218
"ENSMPIG00002004524241",52,44,62,696,652,643
"ENSMPIG00002007324241",6,6,9,2881,3193,2036
"ENSMPIG00002008400244",56,96,46,0,0,0
"ENSMPIG00002011024243",277,351,326,5281,5449,4294
"ENSMPIG00002011724241",159,228,172,4568,4389,4033
"ENSMPIG00002014222243",25,73,64,2035,1383,1277
"ENSMPIG00002024400244",5,3,3,0,0,0
"ENSMPIG00002027124241",7,10,13,264,312,507
"ENSMPIG00002030424241",33,60,77,2850,1949,3609
"ENSMPIG00002035405243",23,27,27,10733,13255,8004
"ENSMPIG00002041423243",11,15,14,184,268,199
"ENSMPIG00002041522223",43,29,12,326,377,263
"ENSMPIG00002048321243",12,43,35,6833,6867,8900
"ENSMPIG00002052923233",13,16,23,602,570,743
"ENSMPIG00002057024241",21,32,39,1119,1701,1611
"ENSMPIG00002061600244",12,4,5,0,0,0
"ENSMPIG00002068000244",24,53,45,0,0,0
"ENSMPIG00002069900244",12,24,20,0,0,0
"ENSMPIG00002070100244",12,24,20,0,0,0
"ENSMPIG00002079023243",62,80,13,1385,1614,821
"ENSMPIG00003007620233",20,41,17,34459,39238,25123
"ENSMPIG00003020024241",6,11,7,771,961,906
"ENSMPIG00003020500244",51,20,10,0,0,0
"ENSMPIG00003021524243",8,12,4,904,1196,1049
"ENSMPIG00003032500234",4,7,3,0,0,0
"ENSMPIG00003032623233",4,7,3,0,0,0
"ENSMPIG00003039622243",14,5,12,3367,3676,2473
"ENSMPIG00003044124241",10,15,11,2122,2476,1733
"ENSMPIG00003051600244",1,8,1,0,0,0
"ENSMPIG00003051709243",1,8,1,13,4,11
"ENSMPIG00003057201243",30,32,37,0,0,0
"ENSMPIG00003057300244",30,32,37,0,0,0
"ENSMPIG00003059624241",16,28,15,593,824,896
"ENSMPIG00003062800244",40,41,35,0,0,0
"ENSMPIG00003066524241",6,3,1,803,676,438
"ENSMPIG00003083423233",48,28,55,6330,6098,4055
"ENSMPIG00003097400244",225,334,284,0,0,0
"ENSMPIG00003097500244",225,334,284,173,217,248
"ENSMPIG00003097923233",31,31,17,846,882,667
"ENSMPIG00003101621243",12,14,6,135,151,119
"ENSMPIG00004001100244",82,109,99,0,0,0
"ENSMPIG00004001400244",8,14,8,0,0,0
"ENSMPIG00004003824241",23,25,12,662,830,825
"ENSMPIG00004010024243",15,13,23,485,494,558
"ENSMPIG00004012021233",3,8,7,0,0,0
"ENSMPIG00004012100234",3,8,7,0,0,0
"ENSMPIG00004024923243",11,8,10,5318,5200,5325
"ENSMPIG00004039520203",6,4,3,55,64,36
"ENSMPIG00004042022223",2,4,6,306,357,277
"ENSMPIG00004042623233",17,38,24,5167,5315,5665
"ENSMPIG00004049224241",16,44,27,1608,2260,2147
"ENSMPIG00004049414153",9,15,9,28,38,29
"ENSMPIG00004051124241",418,590,559,250,270,326
"ENSMPIG00004054900244",15,7,16,0,0,0
"ENSMPIG00004055222233",4,24,9,1216,1582,1002
"ENSMPIG00004059524243",14,24,22,625,538,985
"ENSMPIG00004067323243",3,4,2,1354,1679,1807
"ENSMPIG00004067424241",30,31,30,922,1166,835
"ENSMPIG00004070623233",4,10,7,380,420,280
"ENSMPIG00004072324243",3,1,3,1931,2242,2303
"ENSMPIG00004079500244",4,4,3,0,0,0
"ENSMPIG00004079600244",4,4,3,0,0,0
"ENSMPIG00004084723233",31,16,18,1798,1185,997
"ENSMPIG00004090201233",24,22,26,0,0,0
"ENSMPIG00004091024241",10,47,22,479,527,454
"ENSMPIG00005001824243",17,19,14,4041,4021,3892
"ENSMPIG00005003000234",28,26,9,0,0,0
"ENSMPIG00005003100234",28,26,9,0,0,0
"ENSMPIG00005003521243",23,2,13,285,323,162
"ENSMPIG00005006724241",656,97,667,1969,1704,1341
"ENSMPIG00005011000244",23,33,19,0,0,0
"ENSMPIG00005011100244",23,33,19,0,0,0
"ENSMPIG00005016523243",3,4,1,575,365,188
"ENSMPIG00005019624241",34,27,54,1214,1409,889
"ENSMPIG00005025400244",7,16,10,0,0,0
"ENSMPIG00005032923243",9,10,9,131,142,84
"ENSMPIG00005055622223",138,201,155,179,258,243
"ENSMPIG00005057117183",33,41,25,141,155,166
"ENSMPIG00005076222243",29,40,3,8004,8335,6901
"ENSMPIG00005077722243",2,1,15,7106,6342,6104
"ENSMPIG00005079520243",19,31,26,10375,10255,9282
"ENSMPIG00005082108243",40,38,52,194,181,208
"ENSMPIG00005085316243",10,3,9,9305,9045,7406
"ENSMPIG00005087222223",18,23,9,3320,2606,2617
"ENSMPIG00005098822243",2,1,1,1793,1463,1326
"ENSMPIG00005100422223",13,22,8,654,601,691
"ENSMPIG00005109224241",9,7,3,2445,2129,1630
"ENSMPIG00005110922243",63,68,44,734,712,575
"ENSMPIG00005127024243",98,100,68,2009,2547,1863
"ENSMPIG00005136722243",56,56,72,2429,2256,1865
"ENSMPIG00005137500244",22,14,5,0,0,0
"ENSMPIG00005137621243",22,14,5,0,0,0
"ENSMPIG00005137700244",22,14,5,0,0,0
"ENSMPIG00006017522223",2,5,6,1375,1799,2087
"ENSMPIG00006023100244",14,29,37,0,0,0
"ENSMPIG00006025324241",12,10,10,740,961,824
"ENSMPIG00006026223233",74,94,57,1802,1555,1178
"ENSMPIG00006027923243",75,75,41,978,998,1495
"ENSMPIG00006031703243",10,7,9,15,32,12
"ENSMPIG00006035022243",22,26,12,5553,4639,5595
"ENSMPIG00006040024241",4,9,11,1205,1185,1089
"ENSMPIG00006041201243",9,13,4,0,0,0
"ENSMPIG00006041400244",9,13,4,0,0,0
"ENSMPIG00006048921243",59,87,34,316,294,272
"ENSMPIG00006050900244",28,36,29,0,0,0
"ENSMPIG00006055100244",5,4,4,0,0,0
"ENSMPIG00006056621243",2,3,14,4635,4352,2830
"ENSMPIG00006061609243",17,14,18,0,0,0
"ENSMPIG00006061700244",17,14,18,0,0,0
"ENSMPIG00007012923243",5,6,9,21482,16953,17572
"ENSMPIG00007015122243",140,149,78,3082,2362,1915
"ENSMPIG00007019023233",83,95,76,4321,3980,3077
"ENSMPIG00007031022243",17,22,14,735,1245,427
"ENSMPIG00007032823233",33,71,40,252,403,363
"ENSMPIG00007038500244",52,20,25,0,0,0
"ENSMPIG00007048924241",15,13,14,357,403,353
"ENSMPIG00007052424241",13,8,5,259,306,232
"ENSMPIG00007057524241",14,7,2,945,1040,1104
"ENSMPIG00007062000244",76,96,68,0,0,0
"ENSMPIG00007069424241",6,7,16,1512,1913,1760
"ENSMPIG00007074124241",5,10,6,941,1356,1101
"ENSMPIG00007079423243",40,60,35,2532,2538,2592
"ENSMPIG00007080300234",16,13,24,0,0,0
"ENSMPIG00007082100244",476,1502,1205,21,10,9
"ENSMPIG00007085000244",7,23,6,171,124,154
"ENSMPIG00007085200244",7,23,6,0,0,0
"ENSMPIG00007087624241",54,44,71,2805,2561,2303
"ENSMPIG00008013124241",107,179,126,2926,3023,2799
"ENSMPIG00008018300244",12,28,6,0,0,0
"ENSMPIG00008019522223",13,6,11,678,618,431
"ENSMPIG00008021124241",229,82,285,3887,4138,2999
"ENSMPIG00008026023233",15,44,29,912,871,883
"ENSMPIG00008031306243",17,7,20,7284,6824,4886
"ENSMPIG00008032524241",34,50,27,6249,5393,4264
"ENSMPIG00008033923243",13,5,4,315,262,272
"ENSMPIG00008037922243",2,11,32,4959,4727,5001
"ENSMPIG00008039123243",7,18,12,10242,8924,6761
"ENSMPIG00008044400244",13,29,16,0,0,0
"ENSMPIG00008045224241",2,9,9,297,327,299
"ENSMPIG00008053924241",31,37,11,1605,1908,2110
"ENSMPIG00008059023233",118,126,470,2097,1822,1813
"ENSMPIG00008063021243",31,84,37,5271,4951,4017
"ENSMPIG00008074500244",157,178,172,0,0,0
"ENSMPIG00008074600244",157,178,172,0,0,0
"ENSMPIG00008077200244",4,12,21,0,0,0
"ENSMPIG00008083524241",29,31,30,2344,1872,1714
"ENSMPIG00009008500244",12,23,12,0,0,0
"ENSMPIG00009008600244",12,23,12,0,0,0
"ENSMPIG00009009902241",5,8,2,77,67,21
"ENSMPIG00009010000244",5,8,2,0,0,0
"ENSMPIG00009010100244",5,8,2,0,0,0
"ENSMPIG00009010200244",18,18,22,0,0,0
"ENSMPIG00009010400244",18,18,22,0,0,0
"ENSMPIG00009011900244",25,70,38,0,0,0
"ENSMPIG00009012000244",25,70,38,0,0,0
"ENSMPIG00009017423233",4435,5860,6054,2919,2556,3494
"ENSMPIG00009019800244",12,15,9,0,0,0
"ENSMPIG00009019900244",12,15,9,0,0,0
"ENSMPIG00009020000244",32,26,38,0,0,0
"ENSMPIG00009021523243",9,3,12,77,59,96
"ENSMPIG00009021619243",10,8,6,1537,1370,2255
"ENSMPIG00009037923243",14,19,16,1637,1504,1299
"ENSMPIG00010002600244",7,39,16,2,1,2
"ENSMPIG00010002701243",7,39,16,0,0,0
"ENSMPIG00010007808243",55,91,129,0,0,0
"ENSMPIG00010007900244",55,91,129,0,0,1
"ENSMPIG00010008001243",10,20,6,2,2,0
"ENSMPIG00010009200244",24,41,19,438,511,453
"ENSMPIG00010011024241",214,333,642,634,748,696
"ENSMPIG00010019124241",39,68,43,2180,3587,2944
"ENSMPIG00010029124241",106,142,61,655,884,742
"ENSMPIG00010033523243",11,11,8,661,693,750
"ENSMPIG00010035723243",7,8,13,1279,1169,1122
"ENSMPIG00010043924241",11,8,1,20960,16932,6065
"ENSMPIG00010053223243",22,23,20,5775,6979,6424
"ENSMPIG00010064520243",13,14,9,2399,2073,2180
"ENSMPIG00010065324241",4,9,1,3171,4182,3122
"ENSMPIG00010071024241",4,13,35,2366,2561,2372
"ENSMPIG00010082015243",154,77,53,1846,1834,884
"ENSMPIG00010083600244",244,343,197,0,0,0
"ENSMPIG00010084500244",47,55,51,0,0,0
"ENSMPIG00010084700244",47,55,51,0,4,2
"ENSMPIG00010086123243",7,6,28,423,386,341
"ENSMPIG00011004500244",15,4,6,1376,115,738
"ENSMPIG00011004619243",23,9,5,5743,6792,2787
"ENSMPIG00011005024241",24,34,38,8044,8463,4073
"ENSMPIG00011005921243",61,72,60,0,0,0
"ENSMPIG00011006000244",61,72,60,12,12,8
"ENSMPIG00011007500244",13,6,7,1,0,2
"ENSMPIG00011007600244",13,6,7,0,0,0
"ENSMPIG00011009900224",4,3,8,0,7,0
"ENSMPIG00011010100224",4,3,8,0,0,0
"ENSMPIG00011012224241",50,79,71,4625,5266,3871
"ENSMPIG00011015516233",6,2,2,3906,3919,2917
"ENSMPIG00011026123243",28,62,34,2128,2430,1768
"ENSMPIG00011037023243",18,14,2,3021,2373,1603
"ENSMPIG00011045724241",29,8,63,1636,1507,907
"ENSMPIG00011050010243",23,17,8,266,348,281
"ENSMPIG00011059200244",16,18,18,0,0,0
"ENSMPIG00011059300244",16,18,18,0,0,0
"ENSMPIG00011061100244",11,14,7,0,0,0
"ENSMPIG00011061200244",11,14,7,0,0,0
"ENSMPIG00011066123243",37,14,17,2568,1930,2040
"ENSMPIG00011067124241",37,54,37,3331,3233,2885
"ENSMPIG00011067424241",17,79,17,3373,4083,3910
"ENSMPIG00011068102243",44,33,30,0,0,0
"ENSMPIG00011068200244",44,33,30,0,0,0
"ENSMPIG00012000823243",82,99,30,245,321,145
"ENSMPIG00012002221233",19,16,66,579,564,360
"ENSMPIG00012004000244",9,8,8,0,0,0
"ENSMPIG00012005024243",85,203,77,994,1279,1248
"ENSMPIG00012010824241",75,106,65,268,310,369
"ENSMPIG00012011000244",21,18,12,0,0,0
"ENSMPIG00012011100244",21,18,12,0,0,0
"ENSMPIG00012014422243",3,18,8,13,24,50
"ENSMPIG00012016224241",2,22,32,1783,2683,2054
"ENSMPIG00012016623243",17,3,10,0,0,0
"ENSMPIG00012016700244",17,3,10,0,0,0
"ENSMPIG00012018623243",53,79,75,603,729,600
"ENSMPIG00012026201243",30,55,27,5372,6287,7029
"ENSMPIG00012028000244",36,40,26,0,0,0
"ENSMPIG00012028200244",36,40,26,0,0,0
"ENSMPIG00012031524241",15,26,19,936,817,653
"ENSMPIG00012033400244",437,502,197,0,0,0
"ENSMPIG00012035821243",6,12,19,876,1027,849
"ENSMPIG00012037724241",86,124,60,2509,2718,2704
"ENSMPIG00012039624241",2,18,4,903,801,957
"ENSMPIG00012042418243",582,483,330,661,827,756
"ENSMPIG00012044919243",22,27,25,224,260,321
"ENSMPIG00012045324241",5,33,21,2657,2462,2447
"ENSMPIG00012047300244",101,185,133,1020,1270,984
"ENSMPIG00012051100244",7,8,4,9,30,7
"ENSMPIG00012053600244",26,24,9,0,8,0
"ENSMPIG00012056500244",14,43,30,0,0,0
"ENSMPIG00012056700244",14,43,30,3,17,8
"ENSMPIG00012058000244",11,12,3,0,0,0
"ENSMPIG00012058623233",292,405,191,3080,3355,2909
"ENSMPIG00013012100244",5,7,3,811,982,492
"ENSMPIG00013017724243",9,6,6,1956,1749,1303
"ENSMPIG00013020700244",32,10,4,0,0,0
"ENSMPIG00013020900244",32,10,4,0,0,0
"ENSMPIG00013024323243",36,19,19,1261,1203,1009
"ENSMPIG00013030224241",7,8,19,1799,1566,1940
"ENSMPIG00013031024241",7,36,3,1760,1812,1347
"ENSMPIG00013037817243",4,10,5,32,48,48
"ENSMPIG00013042000244",11,3,23,0,0,0
"ENSMPIG00013044521243",27,21,25,127,105,137
"ENSMPIG00013052800244",81,133,105,0,0,0
"ENSMPIG00013053000244",81,133,105,0,0,0
"ENSMPIG00013057924241",62,71,67,2725,2613,1801
"ENSMPIG00013061700244",245,304,379,3180,3002,2464
"ENSMPIG00014005320243",171,187,93,2799,2693,2292
"ENSMPIG00014009324241",8,2,6,7080,6200,4004
"ENSMPIG00014011724241",27,37,31,235,237,178
"ENSMPIG00014023823233",18,20,30,346,354,445
"ENSMPIG00014025724243",19,20,12,1588,1719,1625
"ENSMPIG00014041001243",78,171,40,603,763,663
"ENSMPIG00014051816243",183,44,226,250,325,369
"ENSMPIG00014053623233",63,76,71,6621,6625,6486
"ENSMPIG00015008124243",117,159,125,6274,7160,5708
"ENSMPIG00015018319233",7,8,3,424,510,403
"ENSMPIG00015020108243",12,15,8,147,189,223
"ENSMPIG00015024823243",32,21,21,3010,3858,3706
"ENSMPIG00015030124241",2,28,25,14014,17125,13238
"ENSMPIG00015034000244",53,79,62,0,0,0
"ENSMPIG00015034200244",53,79,62,0,0,0
"ENSMPIG00015036619243",71,85,12,692,638,423
"ENSMPIG00015042022233",14,10,22,1314,1212,1128
"ENSMPIG00015045823243",4,6,13,728,427,485
"ENSMPIG00015046723243",65,68,30,987,1080,806
"ENSMPIG00015051015243",20,21,16,2105,2264,2198
"ENSMPIG00015054123233",4,5,7,1486,1828,1456
"ENSMPIG00016002424241",5,2,4,2199,2208,2067
"ENSMPIG00016018300244",67,48,32,0,0,0
"ENSMPIG00016018400244",67,48,32,0,0,0
"ENSMPIG00016023300234",63,106,52,0,0,0
"ENSMPIG00016028124241",23,49,38,3556,2988,2695
"ENSMPIG00016030724241",6,9,8,234,259,283
"ENSMPIG00016032200244",49,45,35,0,0,0
"ENSMPIG00016032300244",49,45,35,0,0,0
"ENSMPIG00016032500244",12,11,12,1,2,0
"ENSMPIG00016039900244",4,14,2,0,0,0
"ENSMPIG00016040422243",10,6,1,1400,1559,1089
"ENSMPIG00016042200244",15,25,17,6791,10313,10398
"ENSMPIG00016045421243",13,38,17,243,198,153
"ENSMPIG00017009422243",15,10,16,2909,3021,3314
"ENSMPIG00017048524243",11,3,5,2050,2760,3605
"ENSMPIG00017051224241",25,46,61,1147,1622,1093
"ENSMPIG00017054514223",26,41,22,1759,1101,1517
"ENSMPIG00017068923233",6,22,13,2018,2811,2695
"ENSMPIG00017072623243",24,15,17,267,279,269
"ENSMPIG00017079217243",43,38,32,4536,5274,4871
"ENSMPIG00017083923243",265,383,376,15583,14105,15798
"ENSMPIG00018001423243",9,12,3,1125,951,828
"ENSMPIG00018009222233",25,64,27,428,547,597
"ENSMPIG00018010200244",122,738,255,0,0,0
"ENSMPIG00018010724241",154,191,66,2687,3768,1845
"ENSMPIG00018014500244",6,4,2,4750,5110,3819
"ENSMPIG00018015124241",7,15,14,111,128,150
"ENSMPIG00018023300244",119,83,68,0,0,0
"ENSMPIG00018023400244",119,83,68,0,0,0
"ENSMPIG00018023900244",3,1,21,0,0,0
"ENSMPIG00018024324243",51,42,18,973,1235,908
"ENSMPIG00018026500244",74,117,74,0,0,0
"ENSMPIG00018029124243",19,35,12,1462,2526,2548
"ENSMPIG00018032323243",16,225,244,6932,6537,7322
"ENSMPIG00019000321243",5,2,5,11576,11631,14593
"ENSMPIG00019013816243",15,3,6,2109,2447,2701
"ENSMPIG00019022924241",1,4,4,623,684,828
"ENSMPIG00019024622243",9,10,28,291,229,247
"ENSMPIG00019029100244",9,1,6,0,0,0
"ENSMPIG00019032800104",23,8,10,20,11,16
"ENSMPIG00019033224241",5,7,3,46,44,52
"ENSMPIG00019034700244",74,75,27,0,0,0
"ENSMPIG00019034802243",74,75,27,0,0,0
"ENSMPIG00019052023243",7,12,2,1800,1499,858
"ENSMPIG00019060524241",42,14,35,353,275,341
"ENSMPIG00019064023243",20,29,20,1469,1764,1553
"ENSMPIG00019069318243",5,6,1,1775,1567,1680
"ENSMPIG00019070724241",6,15,7,351,339,314
"ENSMPIG00019072924241",7,15,34,1670,1529,1189
"ENSMPIG00019073323233",39,34,55,443,390,405
"ENSMPIG00019075315243",138,119,33,4,0,6
"ENSMPIG00020002824241",43,25,45,2130,2166,1821
"ENSMPIG00020003122243",9,4,2,1101,1409,838
"ENSMPIG00020004723233",130,152,107,373,473,432
"ENSMPIG00020009224241",19,8,4,2308,2971,1761
"ENSMPIG00020022601243",12,12,5,2191,3262,2659
"ENSMPIG00020027000244",14,16,23,0,0,0
"ENSMPIG00020027100244",14,16,23,0,0,0
"ENSMPIG00021010220233",41,13,34,995,698,737
"ENSMPIG00021010623243",9,13,26,1887,1446,1828
"ENSMPIG00021013924241",12,3,14,6701,6645,6823
"ENSMPIG00021019118243",29,25,12,3602,5332,3089
"ENSMPIG00021033124241",7,5,7,7655,6236,3969
"ENSMPIG00021049423233",8,33,22,2359,1524,2030
"ENSMPIG00021052500244",11,22,18,0,0,0
"ENSMPIG00021052700244",11,22,18,0,0,0
"ENSMPIG00021053224241",3,3,7,1416,1744,1471
"ENSMPIG00021055724241",2,6,10,6664,6197,5901
"ENSMPIG00021059421243",7,8,5,1107,1460,1269
"ENSMPIG00021066523233",34,59,92,944,996,849
"ENSMPIG00021069923243",38,13,31,1383,1167,957
"ENSMPIG00021073324241",11,6,1,2318,2120,1516
"ENSMPIG00021076424241",19,6,16,1283,1806,1494
"ENSMPIG00021076924241",36,48,57,1599,1847,1694
"ENSMPIG00022000924241",11,33,19,1631,1542,1157
"ENSMPIG00022006417243",113,122,123,205,194,250
"ENSMPIG00022007322243",12,18,6,1043,1111,930
"ENSMPIG00022013800244",288,421,373,0,0,0
"ENSMPIG00022013900244",288,421,373,0,0,0
"ENSMPIG00022021316243",33,59,54,607,813,724
"ENSMPIG00022024124241",46,53,48,1551,1087,913
"ENSMPIG00022036022243",2,1,14,2549,2254,1297
"ENSMPIG00022038124241",31,21,46,24914,25735,26515
"ENSMPIG00022043124243",17,13,26,204,295,254
"ENSMPIG00023009319233",1,2,8,207,160,324
"ENSMPIG00023012821213",4,4,9,1749,1745,1833
"ENSMPIG00023013518243",11,13,9,1163,1176,1230
"ENSMPIG00023017311243",5,8,8,525,589,275
"ENSMPIG00023025823243",28,3,13,2731,1847,2301
"ENSMPIG00023032323243",3,7,12,607,445,420
"ENSMPIG00023035400244",35,28,21,0,0,0
"ENSMPIG00023048320213",15,21,10,2662,2971,2043
"ENSMPIG00024000100244",20,20,20,0,0,0
"ENSMPIG00024000200244",20,20,20,0,0,0
"ENSMPIG00024001023243",17,15,28,1364,1798,1285
"ENSMPIG00024006821243",16,17,20,2655,3006,2565
"ENSMPIG00024010124241",3,5,4,444,581,371
"ENSMPIG00024010423233",33,53,30,5718,5797,3981
"ENSMPIG00024019900244",14,9,2,0,0,0
"ENSMPIG00024020422243",7,2,8,526,692,605
"ENSMPIG00024021823243",69,42,68,366,329,317
"ENSMPIG00025011323243",9,29,26,992,1242,1208
"ENSMPIG00025012320243",13,19,14,138,153,118
"ENSMPIG00025016824241",73,80,83,1322,1197,1935
"ENSMPIG00025019024241",20,20,19,1852,1712,1038
"ENSMPIG00027001822243",16,10,37,3556,3480,3559
"ENSMPIG00027002722243",15,15,129,11448,11541,6156
"ENSMPIG00027010223243",8,34,25,1359,1660,1861
"ENSMPIG00027010324241",6,25,12,251,356,323
"ENSMPIG00027011522243",10,19,14,1634,1332,1156
"ENSMPIG00027015323233",37,34,17,461,472,342
"ENSMPIG00027016124241",41,62,60,7327,6951,6074
"ENSMPIG00027016224241",9,9,3,935,1164,815
"ENSMPIG00027020200244",146,104,141,0,0,0
"ENSMPIG00027020300244",146,104,141,0,0,0
"ENSMPIG00027021124241",16,25,26,3187,3383,3000
"ENSMPIG00028006800244",417,635,407,0,0,0
"ENSMPIG00028007224241",12,13,5,10509,9155,8674
"ENSMPIG00029003218243",7,20,27,209,148,134
"ENSMPIG00029003321243",7,20,27,298,476,361
"ENSMPIG00029006124241",37,74,103,1039,980,992
"ENSMPIG00029008124241",15,4,26,4848,3839,2951
"ENSMPIG00029016423243",6,4,5,2093,1983,1704
"ENSMPIG00029020923243",146,167,190,3574,3008,2862
"ENSMPIG00029029907243",16,14,36,601,686,719
"ENSMPIG00029038722243",42,45,52,6874,5447,5149
"ENSMPIG00029039822243",97,93,33,729,523,402
"ENSMPIG00029047801243",121,146,92,1953,1585,1666
"ENSMPIG00030005524241",10,10,7,1378,1372,918
"ENSMPIG00030017024241",82,66,104,6143,4813,4444
"ENSMPIG00030018819243",13,12,24,5522,5328,6390
"ENSMPIG00030021624241",18,12,16,766,637,559
"ENSMPIG00031004623233",125,251,184,888,761,1100
"ENSMPIG00031008319243",3,1,2,1129,1101,1073
"ENSMPIG00031008922243",3,11,32,1304,959,880
"ENSMPIG00031009123243",8,1,9,152,185,185
"ENSMPIG00031010820243",289,187,201,11737,10184,5694
"ENSMPIG00031011722243",2,1,2,1700,2503,2099
"ENSMPIG00032002820243",48,56,57,15946,15223,17442
"ENSMPIG00032012624241",3,1,1,94,147,187
"ENSMPIG00032013616163",89,28,65,4234,2451,1460
"ENSMPIG00032014323243",16,11,7,715,924,1003
"ENSMPIG00033001422243",30,47,58,1296,1208,1485
"ENSMPIG00035007619243",63,61,95,4107,3923,3496
"ENSMPIG00035008324241",16,20,27,2591,2762,2035
"ENSMPIG00039001500244",51,40,44,24,14,11
"ENSMPIG00040001024241",95,130,119,9131,8143,10007
"ENSMPIG00041003700244",20,28,23,0,0,0
"ENSMPIG00044001400244",270,447,210,264,369,326
"ENSMPIG00046002422243",47,27,44,15303,14285,12122
"ENSMPIG00048000300244",80,101,64,0,0,0
"ENSMPIG00048000400244",80,101,64,0,0,0
"ENSMPIG00052002007243",11,12,5,113904,91090,74414
"ENSMPIG00052002411113",4,4,5,698,260,221
"ENSMPIG00053000814143",418,587,587,1262,1060,1005
