"circ_id","gene_name","gene_id","mpi1","mpi2","mpi3"
"scaffold0001:100759284|100759686","novel_gene_2402_627a1eab","ENSMPIG00001054300244","8.000","8.000","1.000"
"scaffold0001:117824746|117825092","MBD6","ENSMPIG00001066321243","15.000","22.000","23.000"
"scaffold0001:118960435|118962496","CS","ENSMPIG00001070924241","15.000","11.000","8.000"
"scaffold0001:119366169|119366602","AC023055.1","ENSMPIG00001073223243","196.000","286.000","225.000"
"scaffold0001:124169788|124180275","novel_gene_2420_627a1eab","ENSMPIG00001088300244","5.000","13.000","11.000"
"scaffold0001:124169788|124180275","evm.TU.scaffold0001.967","ENSMPIG00001088500244","5.000","13.000","11.000"
"scaffold0001:127975613|127977748","novel_gene_530_62831269","ENSMPIG00001096400244","73.000","106.000","55.000"
"scaffold0001:138563207|138563990","evm.TU.scaffold0001.1115","ENSMPIG00001102500244","2.000","13.000","2.000"
"scaffold0001:1388250|1395817","evm.TU.scaffold0001.9","ENSMPIG00001001300244","3.000","28.000","4.000"
"scaffold0001:138974187|138974965","evm.TU.scaffold0001.1121","ENSMPIG00001103200244","14.000","8.000","19.000"
"scaffold0001:138974187|138974965","novel_gene_2345_627a1eab","ENSMPIG00001103002243","14.000","8.000","19.000"
"scaffold0001:153610351|153611733","VWF","ENSMPIG00001121522243","7.000","16.000","1.000"
"scaffold0001:42124302|42130785","novel_gene_2384_627a1eab","ENSMPIG00001014100244","3.000","4.000","7.000"
"scaffold0001:51271571|51276794","SLC25A15","ENSMPIG00001020620243","8.000","4.000","5.000"
"scaffold0001:55609859|55629274","novel_gene_493_62831269","ENSMPIG00001023000244","6.000","3.000","2.000"
"scaffold0001:55609859|55629274","novel_gene_2280_627a1eab","ENSMPIG00001022900244","6.000","3.000","2.000"
"scaffold0001:56826478|56832903","evm.TU.scaffold0001.273","ENSMPIG00001023600244","2.000","16.000","7.000"
"scaffold0001:59465041|59469120","evm.TU.scaffold0001.293","ENSMPIG00001025302243","29.000","21.000","14.000"
"scaffold0001:59465041|59469120","novel_gene_2283_627a1eab","ENSMPIG00001025100244","29.000","21.000","14.000"
"scaffold0001:64958020|64960231","PROSER1","ENSMPIG00001028424241","29.000","55.000","18.000"
"scaffold0001:65321431|65321678","CCNA1","ENSMPIG00001029124241","1.000","3.000","2.000"
"scaffold0001:697840|704141","novel_gene_2246_627a1eab","ENSMPIG00001000700244","24.000","25.000","29.000"
"scaffold0001:71167426|71172125","CENPJ","ENSMPIG00001034724241","86.000","72.000","74.000"
"scaffold0001:79236537|79238450","novel_gene_499_62831269","ENSMPIG00001042100244","1.000","9.000","1.000"
"scaffold0001:80749424|80771039","novel_gene_2398_627a1eab","ENSMPIG00001043000244","1.000","9.000","4.000"
"scaffold0001:84288167|84296665","C12orf4","ENSMPIG00001046823233","7.000","10.000","4.000"
"scaffold0001:86890012|86895971","evm.TU.scaffold0001.553","ENSMPIG00001048900234","8.000","35.000","23.000"
"scaffold0002:101743909|101762385","evm.TU.scaffold0002.824","ENSMPIG00002070100244","12.000","24.000","20.000"
"scaffold0002:101743909|101762385","novel_gene_134_62831269","ENSMPIG00002069900244","12.000","24.000","20.000"
"scaffold0002:116347201|116359600","SEPT10","ENSMPIG00002079023243","62.000","80.000","13.000"
"scaffold0002:1272028|1273910","MIS18A","ENSMPIG00002002822223","3.000","4.000","13.000"
"scaffold0002:1916877|1918661","CRYZL1","ENSMPIG00002004524241","34.000","26.000","19.000"
"scaffold0002:30272099|30272437","novel_gene_60_62831269","ENSMPIG00002024400244","5.000","3.000","3.000"
"scaffold0002:32984178|32985895","ECT2","ENSMPIG00002027124241","7.000","10.000","13.000"
"scaffold0002:41882389|41882839","KLHL6","ENSMPIG00002030424241","33.000","60.000","77.000"
"scaffold0002:45010400|45010763","evm.TU.scaffold0002.441","ENSMPIG00002035405243","8.000","8.000","8.000"
"scaffold0002:4715051|4729699","ERG","ENSMPIG00002007324241","5.000","5.000","7.000"
"scaffold0002:53443615|53443972","FBXO45","ENSMPIG00002041423243","11.000","15.000","14.000"
"scaffold0002:53472120|53472614","WDR53","ENSMPIG00002041522223","43.000","29.000","12.000"
"scaffold0002:5786571|5800822","novel_gene_26_62831269","ENSMPIG00002008400244","15.000","11.000","5.000"
"scaffold0002:58562350|58564141","HCLS1","ENSMPIG00002048321243","12.000","43.000","35.000"
"scaffold0002:66151773|66152502","NEPRO","ENSMPIG00002052923233","13.000","16.000","23.000"
"scaffold0002:71418753|71427452","BBX","ENSMPIG00002057024241","21.000","32.000","39.000"
"scaffold0002:7550372|7550683","U2AF1L5","ENSMPIG00002011024243","277.000","351.000","326.000"
"scaffold0002:7898352|7899470","RRP1B","ENSMPIG00002011724241","159.000","228.000","172.000"
"scaffold0002:79648674|79652293","novel_gene_310_627a1eab","ENSMPIG00002061600244","12.000","4.000","5.000"
"scaffold0002:8965398|8967325","POFUT2","ENSMPIG00002014222243","25.000","73.000","64.000"
"scaffold0002:95736788|95737115","novel_gene_476_62831269","ENSMPIG00002068000244","8.000","11.000","8.000"
"scaffold0003:103170145|103170443","AC004754.1","ENSMPIG00003083423233","48.000","28.000","55.000"
"scaffold0003:108684559|108692448","novel_gene_916_627a1eab","ENSMPIG00003097400244","21.000","4.000","24.000"
"scaffold0003:108684559|108692448","evm.TU.scaffold0003.1169","ENSMPIG00003097500244","21.000","4.000","24.000"
"scaffold0003:109097941|109106356","DCTN5","ENSMPIG00003097923233","31.000","31.000","17.000"
"scaffold0003:111768605|111769953","ACSM3","ENSMPIG00003101621243","12.000","14.000","6.000"
"scaffold0003:34139258|34147467","TRAPPC13","ENSMPIG00003020024241","6.000","11.000","7.000"
"scaffold0003:34918482|34944456","novel_gene_140_627a1eab","ENSMPIG00003020500244","51.000","20.000","10.000"
"scaffold0003:36844065|36855987","CCDC125","ENSMPIG00003021524243","8.000","12.000","4.000"
"scaffold0003:53153388|53155613","evm.TU.scaffold0003.416","ENSMPIG00003032500234","4.000","7.000","3.000"
"scaffold0003:53153388|53155613","KIAA0825","ENSMPIG00003032623233","4.000","7.000","3.000"
"scaffold0003:68561330|68566010","SEMA6A","ENSMPIG00003039622243","14.000","5.000","12.000"
"scaffold0003:78362507|78364650","ISOC1","ENSMPIG00003044124241","10.000","15.000","11.000"
"scaffold0003:80977768|80979618","CUTL1","ENSMPIG00003051709243","1.000","8.000","1.000"
"scaffold0003:80977768|80979618","evm.TU.scaffold0003.642","ENSMPIG00003051600244","1.000","8.000","1.000"
"scaffold0003:84836920|84837133","novel_gene_339_627a1eab","ENSMPIG00003057300244","30.000","32.000","37.000"
"scaffold0003:84836920|84837133","novel_gene_135_62831269","ENSMPIG00003057201243","30.000","32.000","37.000"
"scaffold0003:8544278|8553716","C7","ENSMPIG00003007620233","20.000","41.000","17.000"
"scaffold0003:87645990|87648481","CCP110","ENSMPIG00003059624241","16.000","28.000","15.000"
"scaffold0003:92333815|92376444","novel_gene_263_62831269","ENSMPIG00003062800244","7.000","8.000","1.000"
"scaffold0003:98278535|98278846","ALG1","ENSMPIG00003066524241","6.000","3.000","1.000"
"scaffold0004:17344596|17345241","AL121594.1","ENSMPIG00004010024243","15.000","13.000","23.000"
"scaffold0004:19987647|19988005","AKAP6","ENSMPIG00004012202233","3.000","8.000","7.000"
"scaffold0004:19987647|19988005","novel_gene_70_627a1eab","ENSMPIG00004012100234","3.000","8.000","7.000"
"scaffold0004:2117777|2139336","novel_gene_570_627a1eab","ENSMPIG00004001100244","74.000","95.000","91.000"
"scaffold0004:2950168|2975521","evm.TU.scaffold0004.14","ENSMPIG00004001400244","1.000","2.000","2.000"
"scaffold0004:30206929|30207918","CHD8","ENSMPIG00004024923243","11.000","8.000","10.000"
"scaffold0004:40026082|40059437","EXD1","ENSMPIG00004039520203","6.000","4.000","3.000"
"scaffold0004:41278616|41281382","HAUS2","ENSMPIG00004042022223","2.000","4.000","6.000"
"scaffold0004:41805445|41806647","CCNDBP1","ENSMPIG00004042623233","17.000","38.000","24.000"
"scaffold0004:46790017|46792079","COPS2","ENSMPIG00004049224241","16.000","44.000","27.000"
"scaffold0004:47162471|47164205","FAM227B","ENSMPIG00004049414153","9.000","15.000","9.000"
"scaffold0004:48853608|48853940","LYSMD2","ENSMPIG00004051124241","418.000","590.000","559.000"
"scaffold0004:53306607|53316386","novel_gene_708_627a1eab","ENSMPIG00004054900244","2.000","3.000","8.000"
"scaffold0004:53640179|53645088","MYZAP","ENSMPIG00004055222233","4.000","24.000","9.000"
"scaffold0004:59633768|59633931","AC087632.1","ENSMPIG00004059524243","14.000","24.000","22.000"
"scaffold0004:65167146|65171113","TMX1","ENSMPIG00004067323243","3.000","4.000","2.000"
"scaffold0004:65577405|65581843","FRMD6","ENSMPIG00004067424241","30.000","31.000","30.000"
"scaffold0004:68575116|68578318","ATG14","ENSMPIG00004070623233","4.000","10.000","7.000"
"scaffold0004:70731644|70733780","PSMA3","ENSMPIG00004072324243","3.000","1.000","3.000"
"scaffold0004:78230475|78236500","novel_gene_268_62831269","ENSMPIG00004079500244","4.000","4.000","3.000"
"scaffold0004:78230475|78236500","novel_gene_802_627a1eab","ENSMPIG00004079600244","4.000","4.000","3.000"
"scaffold0004:83174845|83175248","ABCD4","ENSMPIG00004084723233","31.000","16.000","18.000"
"scaffold0004:8622452|8624604","MTPAP","ENSMPIG00004003824241","23.000","25.000","12.000"
"scaffold0004:88529005|88538971","evm.TU.scaffold0004.968","ENSMPIG00004090201233","15.000","21.000","17.000"
"scaffold0004:93830747|93832619","GALC","ENSMPIG00004091024241","10.000","47.000","22.000"
"scaffold0005:16517819|16565286","SGCD","ENSMPIG00005016523243","3.000","4.000","1.000"
"scaffold0005:1725841|1738186","novel_gene_8_62831269","ENSMPIG00005003100234","10.000","15.000","5.000"
"scaffold0005:1725841|1738186","novel_gene_23_627a1eab","ENSMPIG00005003000234","10.000","15.000","5.000"
"scaffold0005:20518057|20520706","DCTN4","ENSMPIG00005019624241","34.000","27.000","54.000"
"scaffold0005:2162697|2163289","RADIL","ENSMPIG00005003521243","23.000","2.000","13.000"
"scaffold0005:26751813|26770370","novel_gene_234_62831269","ENSMPIG00005025400244","2.000","7.000","4.000"
"scaffold0005:29211970|29219117","NRG2","ENSMPIG00005032923243","9.000","10.000","9.000"
"scaffold0005:3251985|3253986","TECPR1","ENSMPIG00005006724241","656.000","97.000","667.000"
"scaffold0005:53516696|53519499","PRMT9","ENSMPIG00005055622223","5.000","12.000","9.000"
"scaffold0005:57326240|57326656","TMEM154","ENSMPIG00005057117183","33.000","41.000","25.000"
"scaffold0005:7066327|7074576","novel_gene_645_627a1eab","ENSMPIG00005011000244","4.000","1.000","6.000"
"scaffold0005:7066327|7074576","evm.TU.scaffold0005.133","ENSMPIG00005011100244","4.000","1.000","6.000"
"scaffold0005:77036985|77037943","CNN2","ENSMPIG00005076222243","25.000","29.000","1.000"
"scaffold0005:77331524|77332400","STK11","ENSMPIG00005077722243","2.000","1.000","15.000"
"scaffold0005:77800524|77800959","CSNK1G2","ENSMPIG00005079520243","19.000","31.000","26.000"
"scaffold0005:78496697|78497432","ZNF555","ENSMPIG00005082108243","40.000","38.000","52.000"
"scaffold0005:79365686|79371818","AC011005.1","ENSMPIG00005085316243","10.000","3.000","9.000"
"scaffold0005:79776067|79777407","MYDGF","ENSMPIG00005087222223","18.000","23.000","9.000"
"scaffold0005:83504325|83504667","ATG4D","ENSMPIG00005098822243","2.000","1.000","1.000"
"scaffold0005:84025372|84025676","SPC24","ENSMPIG00005100422223","13.000","22.000","8.000"
"scaffold0005:853631|861007","MRM2","ENSMPIG00005001824243","4.000","4.000","4.000"
"scaffold0005:87452032|87452337","TRMT1","ENSMPIG00005109224241","9.000","7.000","3.000"
"scaffold0005:87734023|87734330","HOOK2","ENSMPIG00005110922243","63.000","68.000","44.000"
"scaffold0005:91577526|91579073","SLC25A42","ENSMPIG00005127024243","98.000","100.000","68.000"
"scaffold0005:99268367|99268748","LRRC8E","ENSMPIG00005136722243","56.000","56.000","72.000"
"scaffold0005:99748511|99751242","ADAMTS2","ENSMPIG00005137621243","22.000","14.000","5.000"
"scaffold0005:99748511|99751242","novel_gene_1042_627a1eab","ENSMPIG00005137500244","22.000","14.000","5.000"
"scaffold0005:99748511|99751242","evm.TU.scaffold0005.1419","ENSMPIG00005137700244","22.000","14.000","5.000"
"scaffold0006:24403042|24406320","UGDH","ENSMPIG00006017522223","2.000","5.000","6.000"
"scaffold0006:31805530|31805780","evm.TU.scaffold0006.272","ENSMPIG00006023100244","14.000","29.000","37.000"
"scaffold0006:34346570|34348938","AASDH","ENSMPIG00006025324241","12.000","10.000","10.000"
"scaffold0006:34809949|34814900","NOA1","ENSMPIG00006026223233","73.000","78.000","54.000"
"scaffold0006:42537809|42539849","STAP1","ENSMPIG00006027923243","75.000","75.000","41.000"
"scaffold0006:45114486|45134624","evm.TU.scaffold0006.372","ENSMPIG00006031703243","10.000","7.000","9.000"
"scaffold0006:48651210|48656259","PPEF2","ENSMPIG00006035022243","22.000","26.000","12.000"
"scaffold0006:54552019|54555191","COQ2","ENSMPIG00006040024241","4.000","9.000","11.000"
"scaffold0006:56825500|56830353","novel_gene_351_62831269","ENSMPIG00006041400244","9.000","13.000","4.000"
"scaffold0006:56825500|56830353","evm.TU.scaffold0006.472","ENSMPIG00006041201243","9.000","13.000","4.000"
"scaffold0006:68410968|68412819","DNAJB14","ENSMPIG00006048921243","59.000","87.000","34.000"
"scaffold0006:71520086|71534120","novel_gene_402_62831269","ENSMPIG00006050900244","19.000","12.000","21.000"
"scaffold0006:81083213|81090175","novel_gene_1658_627a1eab","ENSMPIG00006055100244","5.000","4.000","4.000"
"scaffold0006:83565788|83567047","PLA2G12A","ENSMPIG00006056621243","2.000","3.000","14.000"
"scaffold0006:91848853|91864176","ETL4","ENSMPIG00006061609243","13.000","8.000","11.000"
"scaffold0006:91848853|91864176","novel_gene_1889_627a1eab","ENSMPIG00006061700244","13.000","8.000","11.000"
"scaffold0007:15005455|15011166","CLIC5","ENSMPIG00007031022243","1.000","6.000","3.000"
"scaffold0007:16496078|16496412","CENPQ","ENSMPIG00007032823233","33.000","71.000","40.000"
"scaffold0007:23745748|23750095","evm.TU.scaffold0007.437","ENSMPIG00007038500244","52.000","20.000","25.000"
"scaffold0007:3491428|3491705","RGL2","ENSMPIG00007012923243","5.000","6.000","9.000"
"scaffold0007:43632021|43635296","RARS2","ENSMPIG00007048924241","15.000","13.000","14.000"
"scaffold0007:4523775|4552654","NUDT3","ENSMPIG00007015122243","140.000","149.000","78.000"
"scaffold0007:52510298|52521456","FAXC","ENSMPIG00007052424241","13.000","8.000","5.000"
"scaffold0007:59835938|59837886","ZBTB24","ENSMPIG00007057524241","14.000","7.000","2.000"
"scaffold0007:67077453|67094561","novel_gene_457_62831269","ENSMPIG00007062000244","9.000","11.000","8.000"
"scaffold0007:6785116|6785965","C6orf89","ENSMPIG00007019023233","83.000","95.000","76.000"
"scaffold0007:76313342|76320333","MED23","ENSMPIG00007069424241","6.000","7.000","16.000"
"scaffold0007:82626651|82640806","HSF2","ENSMPIG00007074124241","5.000","10.000","6.000"
"scaffold0007:87806937|87807443","PLEKHG1","ENSMPIG00007079423243","25.000","39.000","16.000"
"scaffold0007:88817667|88819956","novel_gene_465_62831269","ENSMPIG00007080300234","7.000","3.000","6.000"
"scaffold0007:91656590|91656785","novel_gene_158_62831269","ENSMPIG00007082100244","106.000","1056.000","855.000"
"scaffold0007:93962223|93965241","evm.TU.scaffold0007.967","ENSMPIG00007085000244","7.000","23.000","6.000"
"scaffold0007:93962223|93965241","novel_gene_468_62831269","ENSMPIG00007085200244","7.000","23.000","6.000"
"scaffold0007:96742641|96746210","PHF10","ENSMPIG00007087624241","4.000","8.000","23.000"
"scaffold0008:14456160|14471315","novel_gene_453_62831269","ENSMPIG00008018300244","4.000","17.000","1.000"
"scaffold0008:16144466|16167776","AL121900.2","ENSMPIG00008019522223","13.000","6.000","11.000"
"scaffold0008:16856813|16857121","DSTN","ENSMPIG00008021124241","229.000","82.000","285.000"
"scaffold0008:27149701|27151569","TMEM230","ENSMPIG00008026023233","15.000","44.000","29.000"
"scaffold0008:30020038|30023683","FKBP1A","ENSMPIG00008031306243","17.000","7.000","20.000"
"scaffold0008:30735622|30739658","TBC1D20","ENSMPIG00008032524241","34.000","50.000","27.000"
"scaffold0008:31348723|31349807","COX4I2","ENSMPIG00008033923243","13.000","5.000","4.000"
"scaffold0008:33449129|33450720","AHCY","ENSMPIG00008037922243","2.000","11.000","32.000"
"scaffold0008:34210959|34212730","EDEM2","ENSMPIG00008039123243","7.000","18.000","12.000"
"scaffold0008:37589277|37603673","novel_gene_433_62831269","ENSMPIG00008044400244","13.000","29.000","16.000"
"scaffold0008:39477530|39477733","ATP8B1","ENSMPIG00008045224241","2.000","9.000","9.000"
"scaffold0008:53365941|53367943","SNRPD1","ENSMPIG00008053924241","31.000","37.000","11.000"
"scaffold0008:61326493|61328303","MPPE1","ENSMPIG00008059023233","118.000","126.000","470.000"
"scaffold0008:64309273|64311511","RAB7A","ENSMPIG00008063021243","31.000","84.000","37.000"
"scaffold0008:78465786|78466437","novel_gene_489_62831269","ENSMPIG00008074500244","157.000","178.000","172.000"
"scaffold0008:78465786|78466437","evm.TU.scaffold0008.855","ENSMPIG00008074600244","157.000","178.000","172.000"
"scaffold0008:81658946|81661084","novel_gene_444_62831269","ENSMPIG00008077200244","4.000","12.000","21.000"
"scaffold0008:91524224|91525239","RMC1","ENSMPIG00008083524241","29.000","31.000","30.000"
"scaffold0008:9987442|9994396","PTPN1","ENSMPIG00008013124241","35.000","8.000","20.000"
"scaffold0009:10495939|10498773","evm.TU.scaffold0009.108","ENSMPIG00009010100244","5.000","8.000","2.000"
"scaffold0009:10495939|10498773","novel_gene_904_627a1eab","ENSMPIG00009009902241","5.000","8.000","2.000"
"scaffold0009:10495939|10498773","novel_gene_271_62831269","ENSMPIG00009010000244","5.000","8.000","2.000"
"scaffold0009:11214201|11219124","evm.TU.scaffold0009.109","ENSMPIG00009010400244","18.000","18.000","22.000"
"scaffold0009:11214201|11219124","novel_gene_272_62831269","ENSMPIG00009010200244","18.000","18.000","22.000"
"scaffold0009:13524897|13543474","novel_gene_228_62831269","ENSMPIG00009011900244","21.000","50.000","30.000"
"scaffold0009:13524897|13543474","novel_gene_805_627a1eab","ENSMPIG00009012000244","21.000","50.000","30.000"
"scaffold0009:22152575|22153103","AL590764.2","ENSMPIG00009017423233","4435.000","5860.000","6054.000"
"scaffold0009:23754161|23757454","evm.TU.scaffold0009.204","ENSMPIG00009019900244","8.000","7.000","2.000"
"scaffold0009:23754161|23757454","novel_gene_931_627a1eab","ENSMPIG00009019800244","8.000","7.000","2.000"
"scaffold0009:24175062|24176252","evm.TU.scaffold0009.205","ENSMPIG00009020000244","11.000","14.000","14.000"
"scaffold0009:25671721|25671984","XK","ENSMPIG00009021523243","9.000","3.000","12.000"
"scaffold0009:25849891|25860897","CYBB","ENSMPIG00009021619243","10.000","8.000","6.000"
"scaffold0009:51545057|51546783","CHRDL1","ENSMPIG00009037923243","7.000","2.000","1.000"
"scaffold0009:9180531|9191294","novel_gene_226_62831269","ENSMPIG00009008500244","12.000","23.000","12.000"
"scaffold0009:9180531|9191294","novel_gene_795_627a1eab","ENSMPIG00009008600244","12.000","23.000","12.000"
"scaffold0010:12530032|12535944","evm.TU.scaffold0010.95","ENSMPIG00010008001243","10.000","20.000","6.000"
"scaffold0010:12530032|12535944","novel_gene_63_627a1eab","ENSMPIG00010007900244","10.000","20.000","6.000"
"scaffold0010:12530032|12535944","GBP4","ENSMPIG00010007808243","10.000","20.000","6.000"
"scaffold0010:13697707|13698008","evm.TU.scaffold0010.108","ENSMPIG00010009200244","24.000","41.000","19.000"
"scaffold0010:16921946|16922235","BCL10","ENSMPIG00010011024241","214.000","333.000","642.000"
"scaffold0010:32223419|32235155","MIER1","ENSMPIG00010019124241","39.000","68.000","43.000"
"scaffold0010:3982498|3983852","novel_gene_3_62831269","ENSMPIG00010002701243","3.000","27.000","11.000"
"scaffold0010:3982498|3983852","novel_gene_13_627a1eab","ENSMPIG00010002600244","3.000","27.000","11.000"
"scaffold0010:44528441|44528643","BTF3L4","ENSMPIG00010029124241","106.000","142.000","61.000"
"scaffold0010:48766810|48767350","EXO5","ENSMPIG00010033523243","11.000","11.000","8.000"
"scaffold0010:50542020|50545004","P3H1","ENSMPIG00010035723243","7.000","8.000","13.000"
"scaffold0010:53700702|53701114","MFSD2A","ENSMPIG00010043924241","11.000","8.000","1.000"
"scaffold0010:59432993|59440989","RBBP4","ENSMPIG00010053223243","22.000","23.000","20.000"
"scaffold0010:64289909|64298080","MAN1C1","ENSMPIG00010064520243","13.000","14.000","9.000"
"scaffold0010:64959548|64966035","CLIC4","ENSMPIG00010065324241","4.000","9.000","1.000"
"scaffold0010:68040308|68040900","MUL1","ENSMPIG00010071024241","4.000","13.000","35.000"
"scaffold0010:74692680|74693077","RBP7","ENSMPIG00010082015243","154.000","77.000","53.000"
"scaffold0010:75588047|75588516","evm.TU.scaffold0010.931","ENSMPIG00010083600244","11.000","15.000","23.000"
"scaffold0010:76197195|76198500","evm.TU.scaffold0010.942","ENSMPIG00010084700244","26.000","6.000","25.000"
"scaffold0010:76197195|76198500","novel_gene_279_62831269","ENSMPIG00010084500244","26.000","6.000","25.000"
"scaffold0010:77211624|77212977","ICMT","ENSMPIG00010086123243","7.000","6.000","28.000"
"scaffold0011:11624187|11624935","DLD","ENSMPIG00011012224241","50.000","79.000","71.000"
"scaffold0011:14990546|14995333","PMPCB","ENSMPIG00011015516233","6.000","2.000","2.000"
"scaffold0011:28254374|28259614","ANKMY2","ENSMPIG00011026123243","28.000","62.000","34.000"
"scaffold0011:2877170|2878203","evm.TU.scaffold0011.63","ENSMPIG00011004500244","15.000","4.000","6.000"
"scaffold0011:3022187|3023838","EGFR","ENSMPIG00011004619243","23.000","9.000","5.000"
"scaffold0011:3165652|3167606","IFRD1","ENSMPIG00011005024241","24.000","34.000","38.000"
"scaffold0011:46372412|46376660","ZNF777","ENSMPIG00011037023243","18.000","14.000","2.000"
"scaffold0011:5059168|5081106","ELMO1","ENSMPIG00011005921243","34.000","32.000","19.000"
"scaffold0011:5059168|5081106","novel_gene_20_62831269","ENSMPIG00011006000244","34.000","32.000","19.000"
"scaffold0011:52308558|52309782","ADCK2","ENSMPIG00011045724241","29.000","8.000","63.000"
"scaffold0011:56695392|56696035","AGBL3","ENSMPIG00011050010243","8.000","9.000","5.000"
"scaffold0011:67603031|67607736","evm.TU.scaffold0011.659","ENSMPIG00011059300244","10.000","8.000","8.000"
"scaffold0011:67603031|67607736","novel_gene_429_62831269","ENSMPIG00011059200244","10.000","8.000","8.000"
"scaffold0011:7042179|7053035","novel_gene_387_62831269","ENSMPIG00011007600244","13.000","6.000","7.000"
"scaffold0011:7042179|7053035","novel_gene_1844_627a1eab","ENSMPIG00011007500244","13.000","6.000","7.000"
"scaffold0011:71012912|71015364","novel_gene_1976_627a1eab","ENSMPIG00011061100244","11.000","14.000","7.000"
"scaffold0011:71012912|71015364","novel_gene_431_62831269","ENSMPIG00011061200244","11.000","14.000","7.000"
"scaffold0011:76363729|76364761","ABCB8","ENSMPIG00011066123243","37.000","14.000","17.000"
"scaffold0011:76542518|76544100","ABCF2","ENSMPIG00011067124241","37.000","54.000","37.000"
"scaffold0011:76637499|76644032","NUB1","ENSMPIG00011067424241","2.000","63.000","4.000"
"scaffold0011:77286333|77296704","novel_gene_1984_627a1eab","ENSMPIG00011068102243","7.000","2.000","10.000"
"scaffold0011:77286333|77296704","novel_gene_432_62831269","ENSMPIG00011068200244","7.000","2.000","10.000"
"scaffold0011:9688940|9733625","novel_gene_391_62831269","ENSMPIG00011010100224","4.000","3.000","8.000"
"scaffold0011:9688940|9733625","evm.TU.scaffold0011.127","ENSMPIG00011009900224","4.000","3.000","8.000"
"scaffold0012:11518144|11518474","ICOS","ENSMPIG00012010824241","57.000","87.000","59.000"
"scaffold0012:12635430|12636577","evm.TU.scaffold0012.129","ENSMPIG00012011100244","21.000","18.000","12.000"
"scaffold0012:12635430|12636577","novel_gene_41_62831269","ENSMPIG00012011000244","21.000","18.000","12.000"
"scaffold0012:16802727|16812312","ERBB4","ENSMPIG00012014422243","3.000","18.000","8.000"
"scaffold0012:1923136|1934518","GULP1","ENSMPIG00012000823243","8.000","27.000","2.000"
"scaffold0012:20438591|20439699","IGFBP2","ENSMPIG00012016224241","2.000","22.000","32.000"
"scaffold0012:21376673|21390713","TNS1","ENSMPIG00012016623243","17.000","3.000","10.000"
"scaffold0012:21376673|21390713","novel_gene_379_62831269","ENSMPIG00012016700244","17.000","3.000","10.000"
"scaffold0012:21943099|21943413","ZNF142","ENSMPIG00012018623243","53.000","79.000","75.000"
"scaffold0012:30046576|30057223","evm.TU.scaffold0012.301_evm.TU.scaffold0012.300","ENSMPIG00012026201243","30.000","55.000","27.000"
"scaffold0012:3031309|3037380","NEMP2","ENSMPIG00012002221233","19.000","16.000","66.000"
"scaffold0012:31160888|31161955","novel_gene_228_627a1eab","ENSMPIG00012028000244","5.000","13.000","10.000"
"scaffold0012:31160888|31161955","evm.TU.scaffold0012.324","ENSMPIG00012028200244","5.000","13.000","10.000"
"scaffold0012:34142402|34143414","COPS8","ENSMPIG00012031524241","15.000","26.000","19.000"
"scaffold0012:35400163|35400390","evm.TU.scaffold0012.390","ENSMPIG00012033400244","437.000","502.000","197.000"
"scaffold0012:36400582|36406048","FARP2","ENSMPIG00012035821243","6.000","12.000","19.000"
"scaffold0012:37095605|37100986","DNAJC10","ENSMPIG00012037724241","86.000","124.000","60.000"
"scaffold0012:40652721|40653940","RBM45","ENSMPIG00012039624241","2.000","18.000","4.000"
"scaffold0012:43199955|43209627","CHN1","ENSMPIG00012042418243","582.000","483.000","330.000"
"scaffold0012:45815302|45817563","METTL8","ENSMPIG00012044919243","22.000","27.000","25.000"
"scaffold0012:46164964|46165655","GORASP2","ENSMPIG00012045324241","5.000","33.000","21.000"
"scaffold0012:48228056|48230787","evm.TU.scaffold0012.538","ENSMPIG00012047300244","101.000","185.000","133.000"
"scaffold0012:56088642|56142109","novel_gene_1873_627a1eab","ENSMPIG00012051100244","7.000","8.000","4.000"
"scaffold0012:60626921|60632811","novel_gene_1883_627a1eab","ENSMPIG00012053600244","26.000","24.000","9.000"
"scaffold0012:6683579|6687058","novel_gene_371_62831269","ENSMPIG00012004000244","9.000","8.000","8.000"
"scaffold0012:68672490|68674278","evm.TU.scaffold0012.649","ENSMPIG00012056700244","11.000","27.000","25.000"
"scaffold0012:68672490|68674278","novel_gene_1893_627a1eab","ENSMPIG00012056500244","11.000","27.000","25.000"
"scaffold0012:6949671|6956848","HSPE1-MOB4","ENSMPIG00012005024243","65.000","164.000","57.000"
"scaffold0012:74063313|74067279","novel_gene_1898_627a1eab","ENSMPIG00012058000244","11.000","12.000","3.000"
"scaffold0012:75275651|75280901","DARS","ENSMPIG00012058623233","22.000","53.000","28.000"
"scaffold0013:18567853|18576642","novel_gene_455_627a1eab","ENSMPIG00013012100244","5.000","7.000","3.000"
"scaffold0013:30831156|30832168","AL358113.1","ENSMPIG00013017724243","9.000","6.000","6.000"
"scaffold0013:35648323|35652123","evm.TU.scaffold0013.243","ENSMPIG00013020900244","32.000","10.000","4.000"
"scaffold0013:35648323|35652123","novel_gene_181_62831269","ENSMPIG00013020700244","32.000","10.000","4.000"
"scaffold0013:42475153|42481252","GOLM1","ENSMPIG00013024323243","36.000","19.000","19.000"
"scaffold0013:45354092|45356801","CD72","ENSMPIG00013030224241","7.000","8.000","19.000"
"scaffold0013:45457722|45457941","GBA2","ENSMPIG00013031024241","7.000","36.000","3.000"
"scaffold0013:49549767|49564989","MSANTD3-TMEFF1","ENSMPIG00013037817243","4.000","10.000","5.000"
"scaffold0013:55485194|55485890","novel_gene_189_62831269","ENSMPIG00013042000244","8.000","1.000","22.000"
"scaffold0013:57306435|57307200","ZFP37","ENSMPIG00013044521243","27.000","21.000","25.000"
"scaffold0013:65634724|65642177","novel_gene_106_62831269","ENSMPIG00013052800244","53.000","98.000","51.000"
"scaffold0013:65634724|65642177","evm.TU.scaffold0013.587","ENSMPIG00013053000244","53.000","98.000","51.000"
"scaffold0013:68633661|68636682","CIZ1","ENSMPIG00013057924241","62.000","71.000","67.000"
"scaffold0013:69712536|69712935","evm.TU.scaffold0013.692","ENSMPIG00013061700244","245.000","304.000","379.000"
"scaffold0014:19409753|19410628","CUTC","ENSMPIG00014023823233","18.000","20.000","30.000"
"scaffold0014:20921791|20929328","PI4K2A","ENSMPIG00014025724243","19.000","20.000","12.000"
"scaffold0014:3198869|3204914","PTPRE","ENSMPIG00014005320243","13.000","24.000","5.000"
"scaffold0014:40815484|40828293","VPS26A","ENSMPIG00014041001243","72.000","159.000","38.000"
"scaffold0014:52975912|52976421","ZNF33B","ENSMPIG00014051816243","183.000","44.000","226.000"
"scaffold0014:55269463|55271413","WASHC2C","ENSMPIG00014053623233","1.000","4.000","1.000"
"scaffold0014:6181882|6184787","PRDX3","ENSMPIG00014009324241","8.000","2.000","6.000"
"scaffold0014:8984990|8993773","TRUB1","ENSMPIG00014011724241","27.000","37.000","31.000"
"scaffold0015:12525788|12532922","CMTM7","ENSMPIG00015024823243","32.000","21.000","21.000"
"scaffold0015:1962830|1970299","RBM10","ENSMPIG00015008124243","2.000","15.000","5.000"
"scaffold0015:23873544|23873958","SH3BP5","ENSMPIG00015030124241","2.000","28.000","25.000"
"scaffold0015:28375476|28396408","evm.TU.scaffold0015.386","ENSMPIG00015034200244","4.000","2.000","2.000"
"scaffold0015:28375476|28396408","novel_gene_1578_627a1eab","ENSMPIG00015034000244","4.000","2.000","2.000"
"scaffold0015:30377693|30382894","NMNAT3","ENSMPIG00015036619243","71.000","85.000","12.000"
"scaffold0015:35696888|35701406","IRAK2","ENSMPIG00015042022233","1.000","3.000","6.000"
"scaffold0015:39564580|39566644","PHF7","ENSMPIG00015045823243","4.000","6.000","13.000"
"scaffold0015:39831151|39833912","GLT8D1","ENSMPIG00015046723243","65.000","68.000","30.000"
"scaffold0015:44078368|44086581","ARF4","ENSMPIG00015051015243","20.000","21.000","16.000"
"scaffold0015:49404100|49405444","THOC7","ENSMPIG00015054123233","4.000","5.000","7.000"
"scaffold0015:7492083|7496526","EXOG","ENSMPIG00015018319233","7.000","8.000","3.000"
"scaffold0015:8905640|8907033","ZNF197","ENSMPIG00015020108243","12.000","15.000","8.000"
"scaffold0016:15425005|15425276","novel_gene_1657_627a1eab","ENSMPIG00016018300244","67.000","48.000","32.000"
"scaffold0016:15425005|15425276","novel_gene_362_62831269","ENSMPIG00016018400244","67.000","48.000","32.000"
"scaffold0016:1859644|1861091","ITGB1BP1","ENSMPIG00016002424241","5.000","2.000","4.000"
"scaffold0016:22143168|22144730","novel_gene_70_62831269","ENSMPIG00016023300234","56.000","93.000","46.000"
"scaffold0016:29314212|29318773","ERLEC1","ENSMPIG00016028124241","11.000","33.000","30.000"
"scaffold0016:34403401|34406121","PUS10","ENSMPIG00016030724241","6.000","9.000","8.000"
"scaffold0016:35555237|35555641","novel_gene_368_62831269","ENSMPIG00016032300244","1.000","1.000","4.000"
"scaffold0016:35555237|35555641","novel_gene_1700_627a1eab","ENSMPIG00016032200244","1.000","1.000","4.000"
"scaffold0016:35758668|35795536","novel_gene_1178_627a1eab","ENSMPIG00016032500244","12.000","11.000","12.000"
"scaffold0016:42954923|42968789","novel_gene_262_627a1eab","ENSMPIG00016039900244","4.000","14.000","2.000"
"scaffold0016:43456937|43458202","RAB11FIP5","ENSMPIG00016040422243","10.000","6.000","1.000"
"scaffold0016:44134084|44142979","evm.TU.scaffold0016.504","ENSMPIG00016042200244","15.000","25.000","17.000"
"scaffold0016:45416908|45422640","EVA1A","ENSMPIG00016045421243","13.000","38.000","17.000"
"scaffold0017:12449009|12451361","NEU3","ENSMPIG00017009422243","15.000","10.000","16.000"
"scaffold0017:36525442|36526169","MS4A1","ENSMPIG00017048524243","11.000","3.000","5.000"
"scaffold0017:37298513|37300594","ZFP91","ENSMPIG00017051224241","25.000","46.000","61.000"
"scaffold0017:37965379|37965773","SLC43A3","ENSMPIG00017054514223","26.000","41.000","22.000"
"scaffold0017:42706261|42707598","API5","ENSMPIG00017068923233","6.000","22.000","13.000"
"scaffold0017:48753137|48754190","TCP11L1","ENSMPIG00017072623243","24.000","15.000","17.000"
"scaffold0017:50906467|50908014","RBM14","ENSMPIG00017079217243","43.000","38.000","32.000"
"scaffold0017:51614024|51615290","EHBP1L1","ENSMPIG00017083923243","265.000","383.000","376.000"
"scaffold0018:14155274|14155797","TERF1","ENSMPIG00018009222233","11.000","34.000","11.000"
"scaffold0018:16079890|16082672","evm.TU.scaffold0018.148","ENSMPIG00018010200244","42.000","93.000","16.000"
"scaffold0018:16358713|16363890","SLCO5A1","ENSMPIG00018010724241","130.000","155.000","63.000"
"scaffold0018:2096622|2106578","RMDN1","ENSMPIG00018001423243","9.000","12.000","3.000"
"scaffold0018:22254456|22264721","evm.TU.scaffold0018.200","ENSMPIG00018014500244","6.000","4.000","2.000"
"scaffold0018:23620598|23629679","UBXN2B","ENSMPIG00018015124241","7.000","15.000","14.000"
"scaffold0018:38000827|38022993","novel_gene_65_62831269","ENSMPIG00018023400244","119.000","83.000","68.000"
"scaffold0018:38000827|38022993","novel_gene_160_627a1eab","ENSMPIG00018023300244","119.000","83.000","68.000"
"scaffold0018:38844009|38894113","novel_gene_164_627a1eab","ENSMPIG00018023900244","3.000","1.000","21.000"
"scaffold0018:39197715|39199028","AC012213.5","ENSMPIG00018024324243","51.000","42.000","18.000"
"scaffold0018:41484844|41485047","novel_gene_175_627a1eab","ENSMPIG00018026500244","8.000","3.000","3.000"
"scaffold0018:44401700|44401951","TP53INP1","ENSMPIG00018029124243","19.000","35.000","12.000"
"scaffold0018:49518778|49521087","SLA","ENSMPIG00018032323243","16.000","225.000","244.000"
"scaffold0019:13793882|13797582","TRAF5","ENSMPIG00019022924241","1.000","4.000","4.000"
"scaffold0019:14742464|14746073","FLVCR1","ENSMPIG00019024622243","2.000","3.000","2.000"
"scaffold0019:19935574|19964333","evm.TU.scaffold0019.339","ENSMPIG00019029100244","9.000","1.000","6.000"
"scaffold0019:24401912|24406320","novel_gene_585_627a1eab","ENSMPIG00019032800104","23.000","8.000","10.000"
"scaffold0019:24653253|24656264","ZBTB37","ENSMPIG00019033224241","5.000","7.000","3.000"
"scaffold0019:25563805|25655069","novel_gene_594_627a1eab","ENSMPIG00019034700244","20.000","8.000","2.000"
"scaffold0019:25563805|25655069","evm.TU.scaffold0019.402","ENSMPIG00019034802243","20.000","8.000","2.000"
"scaffold0019:30196250|30197331","MINDY1","ENSMPIG00019052023243","7.000","12.000","2.000"
"scaffold0019:34183815|34186461","SLC22A15","ENSMPIG00019060524241","42.000","14.000","35.000"
"scaffold0019:36525653|36526468","DDX20","ENSMPIG00019064023243","13.000","10.000","8.000"
"scaffold0019:38147156|38147454","GPSM2","ENSMPIG00019069318243","5.000","6.000","1.000"
"scaffold0019:39775540|39777951","RNPC3","ENSMPIG00019070724241","6.000","15.000","7.000"
"scaffold0019:41218711|41229803","SNX7","ENSMPIG00019072924241","7.000","15.000","34.000"
"scaffold0019:413231|413403","ARHGAP30","ENSMPIG00019000321243","5.000","2.000","5.000"
"scaffold0019:42103232|42103527","RWDD3","ENSMPIG00019073323233","39.000","34.000","55.000"
"scaffold0019:42489724|42490357","SLC17A4","ENSMPIG00019075315243","138.000","119.000","33.000"
"scaffold0019:7052658|7055402","SLAMF6","ENSMPIG00019013816243","15.000","3.000","6.000"
"scaffold0020:12629489|12637581","ZDHHC2","ENSMPIG00020009224241","19.000","8.000","4.000"
"scaffold0020:2369378|2371046","FBXO25","ENSMPIG00020002824241","20.000","15.000","28.000"
"scaffold0020:2592631|2611055","GPM6A","ENSMPIG00020003122243","9.000","4.000","2.000"
"scaffold0020:29035127|29042322","evm.TU.scaffold0020.284_evm.TU.scaffold0020.285","ENSMPIG00020022601243","9.000","2.000","2.000"
"scaffold0020:39419153|39436781","evm.TU.scaffold0020.337","ENSMPIG00020027100244","4.000","10.000","13.000"
"scaffold0020:39419153|39436781","novel_gene_304_62831269","ENSMPIG00020027000244","4.000","10.000","13.000"
"scaffold0020:7539293|7540648","RWDD4","ENSMPIG00020004723233","130.000","152.000","107.000"
"scaffold0021:11017148|11019010","PHB","ENSMPIG00021033124241","7.000","5.000","7.000"
"scaffold0021:15846293|15846879","GHDC","ENSMPIG00021049423233","4.000","24.000","8.000"
"scaffold0021:17413519|17415146","novel_gene_372_62831269","ENSMPIG00021052700244","11.000","22.000","18.000"
"scaffold0021:17413519|17415146","evm.TU.scaffold0021.609","ENSMPIG00021052500244","11.000","22.000","18.000"
"scaffold0021:17805074|17809104","PSMD12","ENSMPIG00021053224241","3.000","3.000","7.000"
"scaffold0021:18925579|18931283","DDX42","ENSMPIG00021055724241","2.000","6.000","10.000"
"scaffold0021:21194305|21198757","RNFT1","ENSMPIG00021059421243","7.000","8.000","5.000"
"scaffold0021:25513289|25513523","TRIM25","ENSMPIG00021066523233","34.000","59.000","92.000"
"scaffold0021:2656231|2656997","ST6GALNAC1","ENSMPIG00021010220233","41.000","13.000","34.000"
"scaffold0021:2752140|2752560","RHBDF2","ENSMPIG00021010623243","9.000","13.000","26.000"
"scaffold0021:30282371|30285761","RNF135","ENSMPIG00021069923243","38.000","13.000","31.000"
"scaffold0021:32025608|32026067","PIGS","ENSMPIG00021073324241","11.000","6.000","1.000"
"scaffold0021:33171707|33187094","NSRP1","ENSMPIG00021076424241","19.000","6.000","16.000"
"scaffold0021:33421036|33428489","GOSR1","ENSMPIG00021076924241","36.000","48.000","57.000"
"scaffold0021:3437886|3438647","GRB2","ENSMPIG00021013924241","12.000","3.000","14.000"
"scaffold0021:7211207|7213240","ABCA9","ENSMPIG00021019118243","29.000","25.000","12.000"
"scaffold0022:16260056|16260509","FA2H","ENSMPIG00022021316243","19.000","40.000","15.000"
"scaffold0022:17856490|17857386","DHODH","ENSMPIG00022024124241","46.000","53.000","48.000"
"scaffold0022:2236045|2244011","ZNF181","ENSMPIG00022006417243","113.000","122.000","123.000"
"scaffold0022:2555080|2556415","PDCD2L","ENSMPIG00022007322243","12.000","18.000","6.000"
"scaffold0022:27295852|27299001","KIFC3","ENSMPIG00022036022243","2.000","1.000","14.000"
"scaffold0022:27844616|27845391","HERPUD1","ENSMPIG00022038124241","31.000","21.000","46.000"
"scaffold0022:32539369|32544596","C16orf87","ENSMPIG00022043124243","17.000","13.000","26.000"
"scaffold0022:7463353|7463572","evm.TU.scaffold0022.166","ENSMPIG00022013900244","288.000","421.000","373.000"
"scaffold0022:7463353|7463572","novel_gene_314_62831269","ENSMPIG00022013800244","288.000","421.000","373.000"
"scaffold0022:982342|987209","TBCB","ENSMPIG00022000924241","11.000","33.000","19.000"
"scaffold0023:10109242|10110204","ANAPC7","ENSMPIG00023012821213","4.000","4.000","9.000"
"scaffold0023:10486267|10489854","RNF34","ENSMPIG00023013518243","11.000","13.000","9.000"
"scaffold0023:11700364|11701685","SLC2A11","ENSMPIG00023017311243","5.000","8.000","8.000"
"scaffold0023:13841776|13842546","SLC37A2","ENSMPIG00023025823243","28.000","3.000","13.000"
"scaffold0023:20880250|20882173","ALKBH2","ENSMPIG00023032323243","3.000","7.000","12.000"
"scaffold0023:23201718|23202226","novel_gene_506_627a1eab","ENSMPIG00023035400244","18.000","9.000","9.000"
"scaffold0023:27033194|27033835","GLT1D1","ENSMPIG00023048320213","15.000","21.000","10.000"
"scaffold0023:8511233|8513126","OAS2","ENSMPIG00023009319233","1.000","2.000","8.000"
"scaffold0024:184020|184551","novel_gene_737_627a1eab","ENSMPIG00024000200244","20.000","20.000","20.000"
"scaffold0024:184020|184551","novel_gene_197_62831269","ENSMPIG00024000100244","20.000","20.000","20.000"
"scaffold0024:21000642|21002160","novel_gene_114_627a1eab","ENSMPIG00024019900244","14.000","9.000","2.000"
"scaffold0024:21304346|21304546","FAM76B","ENSMPIG00024020422243","7.000","2.000","8.000"
"scaffold0024:22463400|22465895","GPR83","ENSMPIG00024021823243","69.000","42.000","68.000"
"scaffold0024:3029407|3030985","PAFAH1B2","ENSMPIG00024006821243","7.000","6.000","5.000"
"scaffold0024:6782727|6785314","NKAPD1","ENSMPIG00024010124241","3.000","5.000","4.000"
"scaffold0024:6796526|6798086","SDHD","ENSMPIG00024010423233","33.000","53.000","30.000"
"scaffold0024:917160|917698","USP2","ENSMPIG00024001023243","17.000","15.000","28.000"
"scaffold0025:14813096|14813795","SMS","ENSMPIG00025011323243","9.000","29.000","26.000"
"scaffold0025:16581401|16586903","BCLAF3","ENSMPIG00025012320243","13.000","19.000","14.000"
"scaffold0025:20925206|20928871","MOSPD2","ENSMPIG00025016824241","73.000","80.000","83.000"
"scaffold0025:24116491|24118465","HCCS","ENSMPIG00025019024241","20.000","20.000","19.000"
"scaffold0027:13964683|13970136","novel_gene_843_627a1eab","ENSMPIG00027020200244","127.000","95.000","121.000"
"scaffold0027:13964683|13970136","evm.TU.scaffold0027.246","ENSMPIG00027020300244","127.000","95.000","121.000"
"scaffold0027:14746630|14749187","PSEN2","ENSMPIG00027021124241","16.000","25.000","26.000"
"scaffold0027:4051831|4052227","KCNK1","ENSMPIG00027010223243","8.000","34.000","25.000"
"scaffold0027:4087512|4087831","SLC35F3","ENSMPIG00027010324241","6.000","25.000","12.000"
"scaffold0027:430000|431914","ARL8A","ENSMPIG00027001822243","5.000","1.000","15.000"
"scaffold0027:4560534|4561921","GPR137B","ENSMPIG00027011522243","10.000","19.000","14.000"
"scaffold0027:6490757|6492329","TAF1A","ENSMPIG00027015323233","37.000","34.000","17.000"
"scaffold0027:670309|671684","CSRP1","ENSMPIG00027002722243","15.000","15.000","129.000"
"scaffold0027:7395880|7397335","IARS2","ENSMPIG00027016124241","41.000","62.000","60.000"
"scaffold0027:7414893|7418182","BPNT1","ENSMPIG00027016224241","9.000","9.000","3.000"
"scaffold0028:12896622|12908373","novel_gene_270_627a1eab","ENSMPIG00028006800244","164.000","269.000","190.000"
"scaffold0028:13377995|13379650","PKM","ENSMPIG00028007224241","12.000","13.000","5.000"
"scaffold0029:11868827|11869154","PPP1R12C","ENSMPIG00029038722243","42.000","45.000","52.000"
"scaffold0029:12010258|12010470","TMEM150B","ENSMPIG00029039822243","97.000","93.000","33.000"
"scaffold0029:13752619|13753439","evm.TU.scaffold0029.526","ENSMPIG00029047801243","121.000","146.000","92.000"
"scaffold0029:1603958|1604869","ZNF227","ENSMPIG00029003218243","7.000","20.000","27.000"
"scaffold0029:1603958|1604869","ZNF235","ENSMPIG00029003321243","7.000","20.000","27.000"
"scaffold0029:2250409|2250900","ERCC2","ENSMPIG00029006124241","37.000","74.000","103.000"
"scaffold0029:2684295|2685879","SYMPK","ENSMPIG00029008124241","15.000","4.000","26.000"
"scaffold0029:5443353|5443970","MAMSTR","ENSMPIG00029016423243","6.000","4.000","5.000"
"scaffold0029:6092716|6092982","BCL2L12","ENSMPIG00029020923243","146.000","167.000","190.000"
"scaffold0029:8033810|8038326","ZNF615","ENSMPIG00029029907243","16.000","14.000","36.000"
"scaffold0030:11647099|11648081","ATP6AP1","ENSMPIG00030017024241","28.000","36.000","62.000"
"scaffold0030:12043605|12044051","ARHGAP4","ENSMPIG00030018819243","13.000","12.000","24.000"
"scaffold0030:13199405|13202875","NSDHL","ENSMPIG00030021624241","18.000","12.000","16.000"
"scaffold0030:6177738|6178895","TBC1D25","ENSMPIG00030005524241","10.000","10.000","7.000"
"scaffold0031:2255403|2256630","FAM169B","ENSMPIG00031004623233","113.000","227.000","143.000"
"scaffold0031:7631094|7632608","ZNF710","ENSMPIG00031008319243","3.000","1.000","2.000"
"scaffold0031:7806438|7808989","AC068831.7","ENSMPIG00031008922243","3.000","11.000","32.000"
"scaffold0031:7871966|7872908","RCCD1","ENSMPIG00031009123243","8.000","1.000","9.000"
"scaffold0031:8626412|8629599","SLC28A1","ENSMPIG00031010820243","6.000","28.000","6.000"
"scaffold0031:9173705|9174835","BTBD1","ENSMPIG00031011722243","2.000","1.000","2.000"
"scaffold0032:1068660|1070041","RAC2","ENSMPIG00032002820243","48.000","56.000","57.000"
"scaffold0032:4507717|4510682","SEPT3","ENSMPIG00032012624241","3.000","1.000","1.000"
"scaffold0032:4879735|4881253","SERHL2","ENSMPIG00032013616163","89.000","28.000","65.000"
"scaffold0032:5261216|5265094","TTLL1","ENSMPIG00032014323243","16.000","11.000","7.000"
"scaffold0033:2122627|2127256","SCO1","ENSMPIG00033001422243","30.000","47.000","58.000"
"scaffold0035:2959959|2961220","FBL","ENSMPIG00035007619243","63.000","61.000","95.000"
"scaffold0035:3117645|3118219","TIMM50","ENSMPIG00035008324241","16.000","20.000","27.000"
"scaffold0039:3001235|3008023","evm.TU.scaffold0039.8","ENSMPIG00039001500244","12.000","1.000","1.000"
"scaffold0040:1266518|1267874","SYK","ENSMPIG00040001024241","21.000","45.000","35.000"
"scaffold0041:2401635|2403538","novel_gene_543_62831269","ENSMPIG00041003700244","20.000","28.000","23.000"
"scaffold0044:1866418|1868457","evm.TU.scaffold0044.28","ENSMPIG00044001400244","270.000","447.000","210.000"
"scaffold0046:1466897|1468638","MORF4L1","ENSMPIG00046002422243","47.000","27.000","44.000"
"scaffold0048:438715|440295","novel_gene_548_62831269","ENSMPIG00048000300244","80.000","101.000","64.000"
"scaffold0048:438715|440295","evm.TU.scaffold0048.2","ENSMPIG00048000400244","80.000","101.000","64.000"
"scaffold0052:701589|702076","SLC25A6","ENSMPIG00052002007243","11.000","12.000","5.000"
"scaffold0052:810038|812018","CRLF2","ENSMPIG00052002411113","4.000","4.000","5.000"
"scaffold0053:486699|495039","PUDP","ENSMPIG00053000814143","19.000","20.000","16.000"
