circ_id,seqnames,start,end,width,strand,source,type,score,phase,circ_type,bsj,fsj,junc_ratio,gene_id
scaffold0015:57420918|57424737,scaffold0015,57420918,57424737,3819,-,CIRIquant,circRNA,81.1397,NA,exon,6202,0,1,ENSMPIG00015057424241
scaffold0009:22152575|22153103,scaffold0009,22152575,22153103,528,-,CIRIquant,circRNA,58.0224,NA,exon,4435,260,0.972,ENSMPIG00009017423233
scaffold0017:40646435|40663218,scaffold0017,40646435,40663218,16783,+,CIRIquant,circRNA,42.2968,NA,exon,3233,0,1,ENSMPIG00017066823243
scaffold0005:1311107|1313160,scaffold0005,1311107,1313160,2053,-,CIRIquant,circRNA,35.8339,NA,exon,2739,569,0.906,ENSMPIG00005002922243
scaffold0014:17165216|17165879,scaffold0014,17165216,17165879,663,-,CIRIquant,circRNA,25.6554,NA,exon,1961,0,1,ENSMPIG00014018524241
scaffold0004:100366548|100366917,scaffold0004,100366548,100366917,369,+,CIRIquant,circRNA,21.8222,NA,exon,1668,121,0.965,ENSMPIG00004098420243
scaffold0008:31909937|31913027,scaffold0008,31909937,31913027,3090,+,CIRIquant,circRNA,20.8279,NA,exon,1592,15,0.995,ENSMPIG00008035416243
scaffold0002:80313128|80314435,scaffold0002,80313128,80314435,1307,-,CIRIquant,circRNA,18.9178,NA,exon,1446,0,1,ENSMPIG00002062224241
scaffold0015:1290213|1292416,scaffold0015,1290213,1292416,2203,+,CIRIquant,circRNA,16.7853,NA,exon,1283,16,0.994,ENSMPIG00015004323243
scaffold0015:57420918|57422412,scaffold0015,57420918,57422412,1494,-,CIRIquant,circRNA,13.8547,NA,exon,1059,0,1,ENSMPIG00015057424241
scaffold0023:3183412|3183661,scaffold0023,3183412,3183661,249,-,CIRIquant,circRNA,11.2512,NA,exon,860,0,1,ENSMPIG00023002522243
scaffold0006:76683755|76689652,scaffold0006,76683755,76689652,5897,+,CIRIquant,circRNA,10.4663,NA,exon,800,46,0.972,ENSMPIG00006052724243
scaffold0001:76016262|76019887,scaffold0001,76016262,76019887,3625,-,CIRIquant,circRNA,9.1318,NA,exon,698,0,1,ENSMPIG00001039123233
scaffold0004:95927172|95944154,scaffold0004,95927172,95944154,16982,-,CIRIquant,circRNA,9.0533,NA,exon,692,19,0.986,ENSMPIG00004092820243
scaffold0002:126337958|126338769,scaffold0002,126337958,126338769,811,+,CIRIquant,circRNA,8.6478,NA,exon,661,17,0.987,ENSMPIG00002085622243
scaffold0005:3251985|3253986,scaffold0005,3251985,3253986,2001,-,CIRIquant,circRNA,8.5823,NA,exon,656,109,0.923,ENSMPIG00005006724241
scaffold0007:94828509|94843654,scaffold0007,94828509,94843654,15145,+,CIRIquant,circRNA,7.6796,NA,exon,587,125,0.904,ENSMPIG00007085424243
scaffold0015:49469884|49470456,scaffold0015,49469884,49470456,572,+,CIRIquant,circRNA,7.6404,NA,exon,584,63,0.949,ENSMPIG00015054224241
scaffold0012:43199955|43209627,scaffold0012,43199955,43209627,9672,+,CIRIquant,circRNA,7.6142,NA,exon,582,197,0.855,ENSMPIG00012042418243
scaffold0002:123947217|123947884,scaffold0002,123947217,123947884,667,+,CIRIquant,circRNA,7.0647,NA,exon,540,0,1,ENSMPIG00002084323243
scaffold0003:7357665|7366728,scaffold0003,7357665,7366728,9063,-,CIRIquant,circRNA,6.9731,NA,exon,533,0,1,ENSMPIG00003006624241
scaffold0005:59679880|59697626,scaffold0005,59679880,59697626,17746,-,CIRIquant,circRNA,6.8162,NA,exon,521,0,1,ENSMPIG00005059524241
scaffold0027:876625|877778,scaffold0027,876625,877778,1153,+,CIRIquant,circRNA,6.8031,NA,exon,520,524,0.665,ENSMPIG00027003722243
scaffold0005:29628116|29629583,scaffold0005,29628116,29629583,1467,-,CIRIquant,circRNA,6.633,NA,exon,507,193,0.84,ENSMPIG00005034424241
scaffold0023:24176556|24181472,scaffold0023,24176556,24181472,4916,+,CIRIquant,circRNA,6.5152,NA,exon,498,23,0.977,ENSMPIG00023037624241
scaffold0009:42172036|42175594,scaffold0009,42172036,42175594,3558,-,CIRIquant,circRNA,6.2143,NA,exon,475,35,0.964,ENSMPIG00009028913243
scaffold0003:100636472|100647439,scaffold0003,100636472,100647439,10967,+,CIRIquant,circRNA,6.0443,NA,exon,462,0,1,ENSMPIG00003073623243
scaffold0012:35400163|35400390,scaffold0012,35400163,35400390,227,-,CIRIquant,circRNA,5.7172,NA,exon,437,51,0.945,"ENSMPIG00012033518243,ENSMPIG00012033400244"
scaffold0032:7294402|7295237,scaffold0032,7294402,7295237,835,-,CIRIquant,circRNA,5.6649,NA,exon,433,102,0.895,ENSMPIG00032017924241
scaffold0013:671093|675484,scaffold0013,671093,675484,4391,+,CIRIquant,circRNA,5.5733,NA,exon,426,17,0.98,ENSMPIG00013001322243
scaffold0002:101077771|101081547,scaffold0002,101077771,101081547,3776,+,CIRIquant,circRNA,5.5471,NA,exon,424,170,0.833,ENSMPIG00002069722243
scaffold0019:2727069|2727700,scaffold0019,2727069,2727700,631,-,CIRIquant,circRNA,5.534,NA,exon,423,158,0.843,ENSMPIG00019004124241
scaffold0004:48853608|48853940,scaffold0004,48853608,48853940,332,-,CIRIquant,circRNA,5.4686,NA,exon,418,83,0.91,ENSMPIG00004051124241
scaffold0005:91904629|91904895,scaffold0005,91904629,91904895,266,+,CIRIquant,circRNA,5.4294,NA,exon,415,40,0.954,ENSMPIG00005128022243
scaffold0008:51750994|51775532,scaffold0008,51750994,51775532,24538,+,CIRIquant,circRNA,5.2593,NA,exon,402,144,0.848,ENSMPIG00008052322243
scaffold0053:494820|495039,scaffold0053,494820,495039,219,-,CIRIquant,circRNA,5.22,NA,exon,399,46,0.945,ENSMPIG00053000814143
scaffold0022:33971625|33974858,scaffold0022,33971625,33974858,3233,+,CIRIquant,circRNA,4.9453,NA,exon,378,78,0.906,ENSMPIG00022045124243
scaffold0013:44288881|44291808,scaffold0013,44288881,44291808,2927,-,CIRIquant,circRNA,4.7752,NA,exon,365,41,0.947,ENSMPIG00013026622243
scaffold0005:3184614|3189288,scaffold0005,3184614,3189288,4674,+,CIRIquant,circRNA,4.7229,NA,exon,361,60,0.923,ENSMPIG00005006524241
scaffold0006:70594101|70607990,scaffold0006,70594101,70607990,13889,+,CIRIquant,circRNA,4.7098,NA,exon,360,0,1,ENSMPIG00006050023243
scaffold0022:4128489|4130540,scaffold0022,4128489,4130540,2051,-,CIRIquant,circRNA,4.6575,NA,exon,356,124,0.852,ENSMPIG00022009619243
scaffold0011:1410829|1422463,scaffold0011,1410829,1422463,11634,+,CIRIquant,circRNA,4.5528,NA,exon,348,225,0.756,ENSMPIG00011003621243
scaffold0005:73567114|73581017,scaffold0005,73567114,73581017,13903,+,CIRIquant,circRNA,4.4089,NA,exon,337,0,1,ENSMPIG00005069723243
scaffold0013:69176759|69177544,scaffold0013,69176759,69177544,785,+,CIRIquant,circRNA,4.3827,NA,exon,335,34,0.952,ENSMPIG00013060324241
scaffold0002:2643973|2650159,scaffold0002,2643973,2650159,6186,-,CIRIquant,circRNA,4.1342,NA,exon,316,330,0.657,ENSMPIG00002005416243
scaffold0005:3036804|3037164,scaffold0005,3036804,3037164,360,+,CIRIquant,circRNA,4.0164,NA,exon,307,11,0.982,ENSMPIG00005006124243
scaffold0002:113440625|113458981,scaffold0002,113440625,113458981,18356,+,CIRIquant,circRNA,3.9772,NA,exon,304,0,1,ENSMPIG00002076424241
scaffold0013:25387255|25408894,scaffold0013,25387255,25408894,21639,+,CIRIquant,circRNA,3.9379,NA,exon,301,0,1,ENSMPIG00013013924243
scaffold0007:60585608|60606509,scaffold0007,60585608,60606509,20901,-,CIRIquant,circRNA,3.8594,NA,exon,295,52,0.919,ENSMPIG00007058518243
scaffold0006:75148500|75151431,scaffold0006,75148500,75151431,2931,+,CIRIquant,circRNA,3.8464,NA,exon,294,257,0.696,ENSMPIG00006051719243
scaffold0022:7463353|7463572,scaffold0022,7463353,7463572,219,-,CIRIquant,circRNA,3.7679,NA,exon,288,64,0.9,"ENSMPIG00022013800244,ENSMPIG00022013724241,ENSMPIG00022013900244"
scaffold0003:89762477|89764453,scaffold0003,89762477,89764453,1976,-,CIRIquant,circRNA,3.7548,NA,exon,287,51,0.918,ENSMPIG00003060922243
scaffold0015:55859392|55867205,scaffold0015,55859392,55867205,7813,-,CIRIquant,circRNA,3.7417,NA,exon,286,0,1,ENSMPIG00015056823243
scaffold0007:37714042|37714385,scaffold0007,37714042,37714385,343,-,CIRIquant,circRNA,3.7024,NA,exon,283,87,0.867,ENSMPIG00007045318243
scaffold0016:35150119|35150401,scaffold0016,35150119,35150401,282,+,CIRIquant,circRNA,3.7024,NA,exon,283,19,0.968,ENSMPIG00016031724243
scaffold0019:28896193|28897323,scaffold0019,28896193,28897323,1130,-,CIRIquant,circRNA,3.7024,NA,exon,283,58,0.907,ENSMPIG00019045121243
scaffold0003:89714803|89715889,scaffold0003,89714803,89715889,1086,-,CIRIquant,circRNA,3.6632,NA,exon,280,81,0.874,ENSMPIG00003060922243
scaffold0002:32909537|32911894,scaffold0002,32909537,32911894,2357,-,CIRIquant,circRNA,3.637,NA,exon,278,40,0.933,ENSMPIG00002027022243
scaffold0002:7550372|7550683,scaffold0002,7550372,7550683,311,-,CIRIquant,circRNA,3.6239,NA,exon,277,20,0.965,ENSMPIG00002011024243
scaffold0019:42450871|42451298,scaffold0019,42450871,42451298,427,+,CIRIquant,circRNA,3.5847,NA,exon,274,0,1,ENSMPIG00019074822243
scaffold0044:1866418|1868457,scaffold0044,1866418,1868457,2039,-,CIRIquant,circRNA,3.5324,NA,exon,270,4,0.993,ENSMPIG00044001400244
scaffold0019:1287168|1288072,scaffold0019,1287168,1288072,904,+,CIRIquant,circRNA,3.5193,NA,exon,269,11,0.98,ENSMPIG00019003123243
scaffold0005:93931758|93932501,scaffold0005,93931758,93932501,743,+,CIRIquant,circRNA,3.4931,NA,exon,267,55,0.907,ENSMPIG00005129923243
scaffold0012:75275651|75292341,scaffold0012,75275651,75292341,16690,+,CIRIquant,circRNA,3.4931,NA,exon,267,86,0.861,ENSMPIG00012058623233
scaffold0017:51614024|51615290,scaffold0017,51614024,51615290,1266,-,CIRIquant,circRNA,3.4669,NA,exon,265,512,0.509,ENSMPIG00017083923243
scaffold0007:3208814|3209644,scaffold0007,3208814,3209644,830,-,CIRIquant,circRNA,3.4539,NA,exon,264,96,0.846,ENSMPIG00007011122243
scaffold0007:33865765|33866161,scaffold0007,33865765,33866161,396,+,CIRIquant,circRNA,3.4408,NA,exon,263,47,0.918,ENSMPIG00007043424241
scaffold0017:15184608|15186847,scaffold0017,15184608,15186847,2239,+,CIRIquant,circRNA,3.4015,NA,exon,260,58,0.9,ENSMPIG00017014924241
scaffold0003:38060021|38060591,scaffold0003,38060021,38060591,570,+,CIRIquant,circRNA,3.3492,NA,exon,256,6,0.988,ENSMPIG00003023422243
scaffold0031:8634184|8634675,scaffold0031,8634184,8634675,491,+,CIRIquant,circRNA,3.3361,NA,exon,255,63,0.89,ENSMPIG00031010820243
scaffold0013:69712536|69712935,scaffold0013,69712536,69712935,399,-,CIRIquant,circRNA,3.2053,NA,exon,245,88,0.848,ENSMPIG00013061700244
scaffold0022:31612088|31644107,scaffold0022,31612088,31644107,32019,+,CIRIquant,circRNA,3.2053,NA,exon,245,46,0.914,ENSMPIG00022041923243
scaffold0006:48861691|48862607,scaffold0006,48861691,48862607,916,-,CIRIquant,circRNA,3.1922,NA,exon,244,0,1,ENSMPIG00006035624241
scaffold0017:56158082|56160116,scaffold0017,56158082,56160116,2034,-,CIRIquant,circRNA,3.0745,NA,exon,235,70,0.87,ENSMPIG00017104421243
scaffold0001:51050589|51051555,scaffold0001,51050589,51051555,966,+,CIRIquant,circRNA,3.0483,NA,exon,233,39,0.923,ENSMPIG00001020324241
scaffold0012:15710747|15716130,scaffold0012,15710747,15716130,5383,+,CIRIquant,circRNA,3.0483,NA,exon,233,3,0.994,ENSMPIG00012013823233
scaffold0011:27386498|27388277,scaffold0011,27386498,27388277,1779,+,CIRIquant,circRNA,3.0352,NA,exon,232,0,1,ENSMPIG00011025524241
scaffold0008:16856813|16857121,scaffold0008,16856813,16857121,308,-,CIRIquant,circRNA,2.996,NA,exon,229,29,0.94,ENSMPIG00008021124241
scaffold0014:44091192|44091517,scaffold0014,44091192,44091517,325,-,CIRIquant,circRNA,2.9436,NA,exon,225,41,0.916,ENSMPIG00014045823243
scaffold0003:109541545|109546846,scaffold0003,109541545,109546846,5301,+,CIRIquant,circRNA,2.9044,NA,exon,222,39,0.919,ENSMPIG00003099122243
scaffold0028:13178838|13179749,scaffold0028,13178838,13179749,911,-,CIRIquant,circRNA,2.8651,NA,exon,219,76,0.852,"ENSMPIG00028006800244,ENSMPIG00028006901243,ENSMPIG00028006721243"
scaffold0013:25591722|25613425,scaffold0013,25591722,25613425,21703,-,CIRIquant,circRNA,2.8521,NA,exon,218,49,0.899,ENSMPIG00013014224241
scaffold0016:19394018|19398725,scaffold0016,19394018,19398725,4707,-,CIRIquant,circRNA,2.8521,NA,exon,218,58,0.883,ENSMPIG00016021724241
scaffold0015:5769264|5770469,scaffold0015,5769264,5770469,1205,-,CIRIquant,circRNA,2.839,NA,exon,217,97,0.817,ENSMPIG00015016122243
scaffold0027:1356108|1357803,scaffold0027,1356108,1357803,1695,-,CIRIquant,circRNA,2.839,NA,exon,217,0,1,ENSMPIG00027004321243
scaffold0004:59745286|59746150,scaffold0004,59745286,59746150,864,+,CIRIquant,circRNA,2.8128,NA,exon,215,13,0.971,ENSMPIG00004059723243
scaffold0004:101951875|101961800,scaffold0004,101951875,101961800,9925,-,CIRIquant,circRNA,2.7997,NA,exon,214,10,0.977,ENSMPIG00004098524241
scaffold0010:16921946|16922235,scaffold0010,16921946,16922235,289,+,CIRIquant,circRNA,2.7997,NA,exon,214,70,0.859,ENSMPIG00010011024241
scaffold0002:114281169|114282779,scaffold0002,114281169,114282779,1610,+,CIRIquant,circRNA,2.7605,NA,exon,211,71,0.856,ENSMPIG00002077024241
scaffold0023:23823291|23823912,scaffold0023,23823291,23823912,621,+,CIRIquant,circRNA,2.7474,NA,exon,210,61,0.873,ENSMPIG00023036519243
scaffold0020:26862205|26875978,scaffold0020,26862205,26875978,13773,+,CIRIquant,circRNA,2.7343,NA,exon,209,13,0.97,ENSMPIG00020019920243
scaffold0027:245532|246215,scaffold0027,245532,246215,683,+,CIRIquant,circRNA,2.7343,NA,exon,209,42,0.909,ENSMPIG00027001323243
scaffold0002:113316248|113316558,scaffold0002,113316248,113316558,310,+,CIRIquant,circRNA,2.7212,NA,exon,208,16,0.963,ENSMPIG00002076322243
scaffold0011:27378090|27388277,scaffold0011,27378090,27388277,10187,+,CIRIquant,circRNA,2.6951,NA,exon,206,23,0.947,ENSMPIG00011025524241
scaffold0012:10926828|10928206,scaffold0012,10926828,10928206,1378,+,CIRIquant,circRNA,2.6951,NA,exon,206,21,0.952,ENSMPIG00012010217243
scaffold0015:8166769|8173491,scaffold0015,8166769,8173491,6722,-,CIRIquant,circRNA,2.682,NA,exon,205,11,0.974,ENSMPIG00015019523243
scaffold0003:7437218|7438048,scaffold0003,7437218,7438048,830,-,CIRIquant,circRNA,2.6558,NA,exon,203,29,0.933,ENSMPIG00003006723243
scaffold0015:55859392|55873628,scaffold0015,55859392,55873628,14236,-,CIRIquant,circRNA,2.6558,NA,exon,203,0,1,ENSMPIG00015056823243
scaffold0052:114660|116468,scaffold0052,114660,116468,1808,+,CIRIquant,circRNA,2.6558,NA,exon,203,45,0.9,ENSMPIG00052000515243
scaffold0005:27790344|27790702,scaffold0005,27790344,27790702,358,+,CIRIquant,circRNA,2.6427,NA,exon,202,39,0.912,ENSMPIG00005026324241
scaffold0004:79260469|79260683,scaffold0004,79260469,79260683,214,-,CIRIquant,circRNA,2.6296,NA,exon,201,95,0.809,ENSMPIG00004080023233
scaffold0003:66172070|66174414,scaffold0003,66172070,66174414,2344,-,CIRIquant,circRNA,2.6166,NA,exon,200,3,0.993,ENSMPIG00003038123233
scaffold0024:22914992|22915431,scaffold0024,22914992,22915431,439,-,CIRIquant,circRNA,2.5904,NA,exon,198,45,0.898,ENSMPIG00024022921213
scaffold0001:119366169|119366602,scaffold0001,119366169,119366602,433,+,CIRIquant,circRNA,2.5642,NA,exon,196,26,0.938,ENSMPIG00001073223243
scaffold0018:10114940|10116215,scaffold0018,10114940,10116215,1275,+,CIRIquant,circRNA,2.525,NA,exon,193,72,0.843,ENSMPIG00018006622243
scaffold0015:36210885|36211797,scaffold0015,36210885,36211797,912,-,CIRIquant,circRNA,2.4857,NA,exon,190,16,0.96,ENSMPIG00015044023243
scaffold0002:2625460|2650159,scaffold0002,2625460,2650159,24699,-,CIRIquant,circRNA,2.4727,NA,exon,189,0,1,ENSMPIG00002005416243
scaffold0007:91656590|91742312,scaffold0007,91656590,91742312,85722,+,CIRIquant,circRNA,2.4465,NA,exon,187,4,0.989,"ENSMPIG00007082100244,ENSMPIG00007082022243"
scaffold0014:33889995|33906791,scaffold0014,33889995,33906791,16796,-,CIRIquant,circRNA,2.4465,NA,exon,187,0,1,ENSMPIG00014037224241
scaffold0033:867281|893191,scaffold0033,867281,893191,25910,-,CIRIquant,circRNA,2.4465,NA,exon,187,0,1,ENSMPIG00033000517243
scaffold0001:65400474|65402566,scaffold0001,65400474,65402566,2092,+,CIRIquant,circRNA,2.4334,NA,exon,186,4,0.989,ENSMPIG00001029224243
scaffold0001:151773080|151773587,scaffold0001,151773080,151773587,507,+,CIRIquant,circRNA,2.4072,NA,exon,184,217,0.629,ENSMPIG00001115324241
scaffold0010:75678217|75692986,scaffold0010,75678217,75692986,14769,+,CIRIquant,circRNA,2.4072,NA,exon,184,5,0.987,"ENSMPIG00010083600244,ENSMPIG00010083721243"
scaffold0014:52975912|52976421,scaffold0014,52975912,52976421,509,-,CIRIquant,circRNA,2.3942,NA,exon,183,28,0.929,ENSMPIG00014051816243
scaffold0008:33580049|33581969,scaffold0008,33580049,33581969,1920,+,CIRIquant,circRNA,2.3549,NA,exon,180,70,0.837,ENSMPIG00008038022243
scaffold0017:22212200|22213941,scaffold0017,22212200,22213941,1741,+,CIRIquant,circRNA,2.3418,NA,exon,179,16,0.957,ENSMPIG00017036724241
scaffold0012:67924133|67927267,scaffold0012,67924133,67927267,3134,+,CIRIquant,circRNA,2.3026,NA,exon,176,8,0.978,ENSMPIG00012056424241
scaffold0019:42316791|42317850,scaffold0019,42316791,42317850,1059,-,CIRIquant,circRNA,2.3026,NA,exon,176,30,0.921,ENSMPIG00019074624241
scaffold0027:5445900|5449434,scaffold0027,5445900,5449434,3534,+,CIRIquant,circRNA,2.3026,NA,exon,176,35,0.91,ENSMPIG00027013519243
scaffold0001:49594653|49604071,scaffold0001,49594653,49604071,9418,+,CIRIquant,circRNA,2.2633,NA,exon,173,0,1,ENSMPIG00001018724241
scaffold0008:26657098|26657609,scaffold0008,26657098,26657609,511,-,CIRIquant,circRNA,2.2633,NA,exon,173,11,0.969,ENSMPIG00008025023243
scaffold0023:3174735|3175607,scaffold0023,3174735,3175607,872,-,CIRIquant,circRNA,2.2633,NA,exon,173,31,0.918,ENSMPIG00023002522243
scaffold0004:40499883|40500744,scaffold0004,40499883,40500744,861,+,CIRIquant,circRNA,2.2241,NA,exon,170,18,0.95,ENSMPIG00004040424241
scaffold0010:60703753|60705009,scaffold0010,60703753,60705009,1256,+,CIRIquant,circRNA,2.2241,NA,exon,170,34,0.909,ENSMPIG00010056823243
scaffold0001:71537237|71549117,scaffold0001,71537237,71549117,11880,-,CIRIquant,circRNA,2.1848,NA,exon,167,0,1,ENSMPIG00001035122243
scaffold0003:6151833|6153535,scaffold0003,6151833,6153535,1702,-,CIRIquant,circRNA,2.1848,NA,exon,167,12,0.965,ENSMPIG00003006023233
scaffold0012:10980922|10987767,scaffold0012,10980922,10987767,6845,+,CIRIquant,circRNA,2.1848,NA,exon,167,1,0.997,ENSMPIG00012010217243
scaffold0002:113004233|113006743,scaffold0002,113004233,113006743,2510,+,CIRIquant,circRNA,2.1717,NA,exon,166,0,1,ENSMPIG00002076224241
scaffold0003:57587632|57587890,scaffold0003,57587632,57587890,258,-,CIRIquant,circRNA,2.1717,NA,exon,166,0,1,ENSMPIG00003035123243
scaffold0022:6139578|6148109,scaffold0022,6139578,6148109,8531,+,CIRIquant,circRNA,2.1717,NA,exon,166,32,0.912,ENSMPIG00022012624241
scaffold0005:30404692|30405264,scaffold0005,30404692,30405264,572,-,CIRIquant,circRNA,2.1456,NA,exon,164,26,0.927,ENSMPIG00005035024241
scaffold0013:51891839|51893190,scaffold0013,51891839,51893190,1351,-,CIRIquant,circRNA,2.1456,NA,exon,164,4,0.988,ENSMPIG00013039923243
scaffold0028:12896622|12908373,scaffold0028,12896622,12908373,11751,-,CIRIquant,circRNA,2.1456,NA,exon,164,43,0.884,"ENSMPIG00028006800244,ENSMPIG00028006901243,ENSMPIG00028006721243"
scaffold0004:58853003|58857964,scaffold0004,58853003,58857964,4961,+,CIRIquant,circRNA,2.1325,NA,exon,163,2,0.994,ENSMPIG00004058523243
scaffold0007:947422|949272,scaffold0007,947422,949272,1850,-,CIRIquant,circRNA,2.1325,NA,exon,163,0,1,ENSMPIG00007002224241
scaffold0051:242204|243237,scaffold0051,242204,243237,1033,+,CIRIquant,circRNA,2.1325,NA,exon,163,18,0.948,ENSMPIG00051000124241
scaffold0008:20320718|20348840,scaffold0008,20320718,20348840,28122,+,CIRIquant,circRNA,2.1194,NA,exon,162,0,1,ENSMPIG00008022424241
scaffold0016:22687222|22691803,scaffold0016,22687222,22691803,4581,+,CIRIquant,circRNA,2.1194,NA,exon,162,0,1,ENSMPIG00016024024243
scaffold0003:92820923|92839951,scaffold0003,92820923,92839951,19028,+,CIRIquant,circRNA,2.0933,NA,exon,160,86,0.788,ENSMPIG00003063524241
scaffold0002:7898352|7899470,scaffold0002,7898352,7899470,1118,+,CIRIquant,circRNA,2.0802,NA,exon,159,34,0.903,ENSMPIG00002011724241
scaffold0004:30361415|30366390,scaffold0004,30361415,30366390,4975,+,CIRIquant,circRNA,2.0802,NA,exon,159,2,0.994,ENSMPIG00004025224241
scaffold0007:2006713|2007010,scaffold0007,2006713,2007010,297,-,CIRIquant,circRNA,2.0802,NA,exon,159,115,0.734,ENSMPIG00007008124241
scaffold0011:65665467|65673536,scaffold0011,65665467,65673536,8069,+,CIRIquant,circRNA,2.0802,NA,exon,159,19,0.944,ENSMPIG00011056819243
scaffold0005:92040501|92040884,scaffold0005,92040501,92040884,383,-,CIRIquant,circRNA,2.0671,NA,exon,158,0,1,ENSMPIG00005128624241
scaffold0014:3198869|3206330,scaffold0014,3198869,3206330,7461,+,CIRIquant,circRNA,2.0671,NA,exon,158,34,0.903,ENSMPIG00014005320243
scaffold0017:56025368|56030863,scaffold0017,56025368,56030863,5495,+,CIRIquant,circRNA,2.0671,NA,exon,158,85,0.788,ENSMPIG00017104023243
scaffold0008:78465786|78466437,scaffold0008,78465786,78466437,651,+,CIRIquant,circRNA,2.054,NA,exon,157,4,0.987,"ENSMPIG00008074423243,ENSMPIG00008074500244,ENSMPIG00008074600244"
scaffold0005:76245478|76247747,scaffold0005,76245478,76247747,2269,-,CIRIquant,circRNA,2.0409,NA,exon,156,12,0.963,ENSMPIG00005072624241
scaffold0005:83173148|83173315,scaffold0005,83173148,83173315,167,+,CIRIquant,circRNA,2.0409,NA,exon,156,70,0.817,ENSMPIG00005096923233
scaffold0010:74692680|74693077,scaffold0010,74692680,74693077,397,-,CIRIquant,circRNA,2.0148,NA,exon,154,209,0.596,ENSMPIG00010082015243
scaffold0013:59062384|59063949,scaffold0013,59062384,59063949,1565,+,CIRIquant,circRNA,1.9886,NA,exon,152,83,0.786,ENSMPIG00013048724241
scaffold0018:51545769|51552310,scaffold0018,51545769,51552310,6541,-,CIRIquant,circRNA,1.9493,NA,exon,149,0,1,ENSMPIG00018033522243
scaffold0015:52582550|52594425,scaffold0015,52582550,52594425,11875,-,CIRIquant,circRNA,1.9363,NA,exon,148,0,1,ENSMPIG00015055324241
scaffold0004:59488310|59488817,scaffold0004,59488310,59488817,507,-,CIRIquant,circRNA,1.9101,NA,exon,146,40,0.88,ENSMPIG00004059422243
scaffold0010:49232044|49239504,scaffold0010,49232044,49239504,7460,-,CIRIquant,circRNA,1.9101,NA,exon,146,0,1,ENSMPIG00010034224241
scaffold0029:6092716|6092982,scaffold0029,6092716,6092982,266,+,CIRIquant,circRNA,1.9101,NA,exon,146,127,0.697,ENSMPIG00029020923243
scaffold0001:58150638|58150963,scaffold0001,58150638,58150963,325,+,CIRIquant,circRNA,1.897,NA,exon,145,23,0.927,ENSMPIG00001024324241
scaffold0008:42702093|42707628,scaffold0008,42702093,42707628,5535,+,CIRIquant,circRNA,1.897,NA,exon,145,108,0.729,ENSMPIG00008047523243
scaffold0001:151771285|151773587,scaffold0001,151771285,151773587,2302,+,CIRIquant,circRNA,1.8839,NA,exon,144,120,0.706,ENSMPIG00001115324241
scaffold0001:139016258|139026238,scaffold0001,139016258,139026238,9980,+,CIRIquant,circRNA,1.8578,NA,exon,142,20,0.934,"ENSMPIG00001103200244,ENSMPIG00001103002243,ENSMPIG00001103116243"
scaffold0005:38570982|38571397,scaffold0005,38570982,38571397,415,+,CIRIquant,circRNA,1.8578,NA,exon,142,22,0.928,ENSMPIG00005047123243
scaffold0012:10434988|10436513,scaffold0012,10434988,10436513,1525,+,CIRIquant,circRNA,1.8578,NA,exon,142,48,0.855,ENSMPIG00012009324241
scaffold0015:1046274|1051135,scaffold0015,1046274,1051135,4861,-,CIRIquant,circRNA,1.8578,NA,exon,142,112,0.717,ENSMPIG00015003321223
scaffold0015:21719544|21725405,scaffold0015,21719544,21725405,5861,+,CIRIquant,circRNA,1.8578,NA,exon,142,20,0.934,ENSMPIG00015028621243
scaffold0016:10752191|10771770,scaffold0016,10752191,10771770,19579,-,CIRIquant,circRNA,1.8447,NA,exon,141,5,0.983,ENSMPIG00016009724241
scaffold0001:71537237|71541501,scaffold0001,71537237,71541501,4264,-,CIRIquant,circRNA,1.8316,NA,exon,140,13,0.956,ENSMPIG00001035122243
scaffold0007:4523775|4552654,scaffold0007,4523775,4552654,28879,-,CIRIquant,circRNA,1.8316,NA,exon,140,30,0.903,ENSMPIG00007015122243
scaffold0010:62233341|62233675,scaffold0010,62233341,62233675,334,-,CIRIquant,circRNA,1.8316,NA,exon,140,35,0.889,ENSMPIG00010058423233
scaffold0003:100636472|100662389,scaffold0003,100636472,100662389,25917,+,CIRIquant,circRNA,1.8185,NA,exon,139,0,1,ENSMPIG00003073623243
scaffold0005:86753880|86754212,scaffold0005,86753880,86754212,332,-,CIRIquant,circRNA,1.8185,NA,exon,139,117,0.704,ENSMPIG00005107423233
scaffold0005:84231488|84232723,scaffold0005,84231488,84232723,1235,+,CIRIquant,circRNA,1.8054,NA,exon,138,13,0.955,ENSMPIG00005101623233
scaffold0007:26687107|26719584,scaffold0007,26687107,26719584,32477,+,CIRIquant,circRNA,1.8054,NA,exon,138,40,0.873,ENSMPIG00007040423243
scaffold0015:355009|356197,scaffold0015,355009,356197,1188,-,CIRIquant,circRNA,1.8054,NA,exon,138,14,0.952,ENSMPIG00015001324241
scaffold0019:42489724|42490357,scaffold0019,42489724,42490357,633,+,CIRIquant,circRNA,1.8054,NA,exon,138,33,0.893,ENSMPIG00019075315243
scaffold0026:1359551|1362717,scaffold0026,1359551,1362717,3166,+,CIRIquant,circRNA,1.8054,NA,exon,138,15,0.948,ENSMPIG00026001424241
scaffold0007:1949069|1949574,scaffold0007,1949069,1949574,505,-,CIRIquant,circRNA,1.7923,NA,exon,137,0,1,ENSMPIG00007007722243
scaffold0016:53732399|53733646,scaffold0016,53732399,53733646,1247,+,CIRIquant,circRNA,1.7923,NA,exon,137,11,0.961,ENSMPIG00016049424241
scaffold0046:2059955|2062012,scaffold0046,2059955,2062012,2057,-,CIRIquant,circRNA,1.7923,NA,exon,137,29,0.904,ENSMPIG00046004524241
scaffold0031:4049226|4055032,scaffold0031,4049226,4055032,5806,+,CIRIquant,circRNA,1.7793,NA,exon,136,0,1,ENSMPIG00031005816243
scaffold0002:79025343|79028173,scaffold0002,79025343,79028173,2830,+,CIRIquant,circRNA,1.7662,NA,exon,135,15,0.947,ENSMPIG00002060724241
scaffold0015:51589874|51616730,scaffold0015,51589874,51616730,26856,+,CIRIquant,circRNA,1.7662,NA,exon,135,0,1,ENSMPIG00015055024241
scaffold0006:1257266|1257512,scaffold0006,1257266,1257512,246,+,CIRIquant,circRNA,1.7531,NA,exon,134,0,1,ENSMPIG00006003924241
scaffold0008:11040254|11042228,scaffold0008,11040254,11042228,1974,-,CIRIquant,circRNA,1.7531,NA,exon,134,11,0.961,ENSMPIG00008014324241
scaffold0015:43277135|43278861,scaffold0015,43277135,43278861,1726,-,CIRIquant,circRNA,1.7531,NA,exon,134,34,0.887,ENSMPIG00015049924241
scaffold0023:10368625|10369425,scaffold0023,10368625,10369425,800,+,CIRIquant,circRNA,1.7531,NA,exon,134,24,0.918,ENSMPIG00023013220243
scaffold0008:66410465|66411014,scaffold0008,66410465,66411014,549,-,CIRIquant,circRNA,1.74,NA,exon,133,44,0.858,ENSMPIG00008065123243
scaffold0027:12760408|12763786,scaffold0027,12760408,12763786,3378,-,CIRIquant,circRNA,1.74,NA,exon,133,32,0.893,ENSMPIG00027019124241
scaffold0001:18489190|18492615,scaffold0001,18489190,18492615,3425,+,CIRIquant,circRNA,1.7269,NA,exon,132,15,0.946,ENSMPIG00001006623243
scaffold0023:20803635|20804280,scaffold0023,20803635,20804280,645,-,CIRIquant,circRNA,1.7269,NA,exon,132,20,0.93,ENSMPIG00023032119233
scaffold0004:1621382|1633419,scaffold0004,1621382,1633419,12037,-,CIRIquant,circRNA,1.7139,NA,exon,131,19,0.932,ENSMPIG00004000721243
scaffold0014:53343399|53345018,scaffold0014,53343399,53345018,1619,+,CIRIquant,circRNA,1.7008,NA,exon,130,0,1,ENSMPIG00014052122243
scaffold0018:16358713|16363890,scaffold0018,16358713,16363890,5177,+,CIRIquant,circRNA,1.7008,NA,exon,130,65,0.8,ENSMPIG00018010724241
scaffold0020:7539293|7540648,scaffold0020,7539293,7540648,1355,-,CIRIquant,circRNA,1.7008,NA,exon,130,0,1,ENSMPIG00020004723233
scaffold0022:2765637|2772001,scaffold0022,2765637,2772001,6364,-,CIRIquant,circRNA,1.7008,NA,exon,130,0,1,ENSMPIG00022007624241
scaffold0001:125544076|125545101,scaffold0001,125544076,125545101,1025,+,CIRIquant,circRNA,1.6877,NA,exon,129,34,0.884,ENSMPIG00001091521243
scaffold0001:17837041|17864064,scaffold0001,17837041,17864064,27023,-,CIRIquant,circRNA,1.6877,NA,exon,129,0,1,ENSMPIG00001006323243
scaffold0005:53523281|53527618,scaffold0005,53523281,53527618,4337,-,CIRIquant,circRNA,1.6877,NA,exon,129,51,0.835,ENSMPIG00005055622223
scaffold0007:26687107|26687376,scaffold0007,26687107,26687376,269,+,CIRIquant,circRNA,1.6877,NA,exon,129,71,0.784,ENSMPIG00007040423243
scaffold0024:1020936|1021916,scaffold0024,1020936,1021916,980,-,CIRIquant,circRNA,1.6877,NA,exon,129,53,0.83,ENSMPIG00024001519243
scaffold0037:2859158|2865446,scaffold0037,2859158,2865446,6288,-,CIRIquant,circRNA,1.6877,NA,exon,129,37,0.875,ENSMPIG00037004823233
scaffold0003:92820923|92824964,scaffold0003,92820923,92824964,4041,+,CIRIquant,circRNA,1.6746,NA,exon,128,309,0.453,ENSMPIG00003063524241
scaffold0013:73052821|73053811,scaffold0013,73052821,73053811,990,+,CIRIquant,circRNA,1.6615,NA,exon,127,79,0.763,ENSMPIG00013069921243
scaffold0027:13964683|13970136,scaffold0027,13964683,13970136,5453,-,CIRIquant,circRNA,1.6615,NA,exon,127,11,0.958,"ENSMPIG00027020300244,ENSMPIG00027020200244,ENSMPIG00027020122243"
scaffold0017:13873060|13878943,scaffold0017,13873060,13878943,5883,+,CIRIquant,circRNA,1.6484,NA,exon,126,0,1,ENSMPIG00017012123243
scaffold0034:5930949|5931501,scaffold0034,5930949,5931501,552,+,CIRIquant,circRNA,1.6484,NA,exon,126,40,0.863,ENSMPIG00034009122243
scaffold0022:2789473|2797477,scaffold0022,2789473,2797477,8004,-,CIRIquant,circRNA,1.6354,NA,exon,125,91,0.733,ENSMPIG00022007624241
scaffold0001:118228378|118228920,scaffold0001,118228378,118228920,542,+,CIRIquant,circRNA,1.6092,NA,exon,123,137,0.642,ENSMPIG00001067623243
scaffold0015:31814050|31839705,scaffold0015,31814050,31839705,25655,+,CIRIquant,circRNA,1.6092,NA,exon,123,0,1,ENSMPIG00015037324241
scaffold0004:17494158|17499311,scaffold0004,17494158,17499311,5153,+,CIRIquant,circRNA,1.5961,NA,exon,122,15,0.942,ENSMPIG00004010418183
scaffold0019:848306|849195,scaffold0019,848306,849195,889,+,CIRIquant,circRNA,1.583,NA,exon,121,0,1,ENSMPIG00019002623243
scaffold0029:13752619|13753439,scaffold0029,13752619,13753439,820,-,CIRIquant,circRNA,1.583,NA,exon,121,46,0.84,ENSMPIG00029047801243
scaffold0004:52727592|52727898,scaffold0004,52727592,52727898,306,-,CIRIquant,circRNA,1.5699,NA,exon,120,0,1,ENSMPIG00004054720243
scaffold0026:483882|484593,scaffold0026,483882,484593,711,-,CIRIquant,circRNA,1.5699,NA,exon,120,0,1,ENSMPIG00026000520243
scaffold0004:41767114|41767507,scaffold0004,41767114,41767507,393,+,CIRIquant,circRNA,1.5569,NA,exon,119,13,0.948,ENSMPIG00004042522223
scaffold0018:38000827|38022993,scaffold0018,38000827,38022993,22166,-,CIRIquant,circRNA,1.5569,NA,exon,119,6,0.975,"ENSMPIG00018023524241,ENSMPIG00018023400244,ENSMPIG00018023300244"
scaffold0008:61326493|61328303,scaffold0008,61326493,61328303,1810,-,CIRIquant,circRNA,1.5438,NA,exon,118,26,0.901,ENSMPIG00008059023233
scaffold0001:53757439|53761354,scaffold0001,53757439,53761354,3915,-,CIRIquant,circRNA,1.5307,NA,exon,117,42,0.848,ENSMPIG00001021921243
scaffold0022:11501122|11501711,scaffold0022,11501122,11501711,589,+,CIRIquant,circRNA,1.5307,NA,exon,117,10,0.959,ENSMPIG00022017724241
scaffold0003:63796655|63799580,scaffold0003,63796655,63799580,2925,+,CIRIquant,circRNA,1.5176,NA,exon,116,168,0.58,ENSMPIG00003036622243
scaffold0012:46104405|46108884,scaffold0012,46104405,46108884,4479,+,CIRIquant,circRNA,1.5176,NA,exon,116,93,0.714,ENSMPIG00012045122243
scaffold0016:11877331|11879751,scaffold0016,11877331,11879751,2420,+,CIRIquant,circRNA,1.5176,NA,exon,116,90,0.72,ENSMPIG00016014223243
scaffold0032:2191454|2192528,scaffold0032,2191454,2192528,1074,+,CIRIquant,circRNA,1.5176,NA,exon,116,57,0.803,ENSMPIG00032006522243
scaffold0038:966693|967029,scaffold0038,966693,967029,336,-,CIRIquant,circRNA,1.5176,NA,exon,116,34,0.872,ENSMPIG00038001724241
scaffold0051:623509|624031,scaffold0051,623509,624031,522,-,CIRIquant,circRNA,1.5176,NA,exon,116,12,0.951,ENSMPIG00051000524241
scaffold0006:34445034|34450280,scaffold0006,34445034,34450280,5246,+,CIRIquant,circRNA,1.5045,NA,exon,115,19,0.924,ENSMPIG00006025524241
scaffold0006:94393131|94409265,scaffold0006,94393131,94409265,16134,-,CIRIquant,circRNA,1.5045,NA,exon,115,33,0.875,ENSMPIG00006063123243
scaffold0011:12129318|12131874,scaffold0011,12129318,12131874,2556,-,CIRIquant,circRNA,1.5045,NA,exon,115,42,0.846,ENSMPIG00011013124241
scaffold0012:36370718|36371682,scaffold0012,36370718,36371682,964,+,CIRIquant,circRNA,1.5045,NA,exon,115,20,0.92,ENSMPIG00012035723243
scaffold0007:12745346|12745986,scaffold0007,12745346,12745986,640,-,CIRIquant,circRNA,1.4914,NA,exon,114,68,0.77,ENSMPIG00007027824243
scaffold0013:14506008|14506823,scaffold0013,14506008,14506823,815,-,CIRIquant,circRNA,1.4914,NA,exon,114,22,0.912,ENSMPIG00013009624241
scaffold0019:30265396|30267562,scaffold0019,30265396,30267562,2166,+,CIRIquant,circRNA,1.4914,NA,exon,114,19,0.923,ENSMPIG00019052621243
scaffold0041:2862111|2863688,scaffold0041,2862111,2863688,1577,+,CIRIquant,circRNA,1.4914,NA,exon,114,2,0.991,ENSMPIG00041003924241
scaffold0002:232000|232948,scaffold0002,232000,232948,948,-,CIRIquant,circRNA,1.4784,NA,exon,113,28,0.89,ENSMPIG00002000824241
scaffold0005:98723465|98724361,scaffold0005,98723465,98724361,896,+,CIRIquant,circRNA,1.4784,NA,exon,113,17,0.93,ENSMPIG00005134720243
scaffold0022:2236045|2244011,scaffold0022,2236045,2244011,7966,-,CIRIquant,circRNA,1.4784,NA,exon,113,12,0.95,ENSMPIG00022006417243
scaffold0031:2255403|2256630,scaffold0031,2255403,2256630,1227,+,CIRIquant,circRNA,1.4784,NA,exon,113,52,0.813,ENSMPIG00031004623233
scaffold0014:40487613|40488232,scaffold0014,40487613,40488232,619,+,CIRIquant,circRNA,1.4391,NA,exon,110,26,0.894,ENSMPIG00014040322243
scaffold0016:15149141|15151471,scaffold0016,15149141,15151471,2330,+,CIRIquant,circRNA,1.4391,NA,exon,110,11,0.952,ENSMPIG00016018024241
scaffold0011:33564560|33576228,scaffold0011,33564560,33576228,11668,-,CIRIquant,circRNA,1.426,NA,exon,109,28,0.886,ENSMPIG00011028323243
scaffold0016:17384058|17385420,scaffold0016,17384058,17385420,1362,+,CIRIquant,circRNA,1.426,NA,exon,109,14,0.94,ENSMPIG00016018823233
scaffold0021:25547727|25550360,scaffold0021,25547727,25550360,2633,-,CIRIquant,circRNA,1.426,NA,exon,109,26,0.893,ENSMPIG00021066722243
scaffold0027:11894331|11899082,scaffold0027,11894331,11899082,4751,-,CIRIquant,circRNA,1.426,NA,exon,109,31,0.876,ENSMPIG00027018624241
scaffold0003:12801892|12807002,scaffold0003,12801892,12807002,5110,+,CIRIquant,circRNA,1.4129,NA,exon,108,0,1,ENSMPIG00003010524241
scaffold0013:42561840|42562166,scaffold0013,42561840,42562166,326,-,CIRIquant,circRNA,1.4129,NA,exon,108,3,0.986,ENSMPIG00013024623243
scaffold0004:60349036|60350239,scaffold0004,60349036,60350239,1203,-,CIRIquant,circRNA,1.3999,NA,exon,107,27,0.888,ENSMPIG00004061324241
scaffold0005:76369565|76372353,scaffold0005,76369565,76372353,2788,+,CIRIquant,circRNA,1.3999,NA,exon,107,9,0.96,ENSMPIG00005072724241
scaffold0007:4806189|4812729,scaffold0007,4806189,4812729,6540,-,CIRIquant,circRNA,1.3999,NA,exon,107,123,0.635,ENSMPIG00007015524243
scaffold0019:28950830|28955016,scaffold0019,28950830,28955016,4186,+,CIRIquant,circRNA,1.3999,NA,exon,107,13,0.943,ENSMPIG00019045419243
scaffold0037:1075679|1078010,scaffold0037,1075679,1078010,2331,-,CIRIquant,circRNA,1.3999,NA,exon,107,108,0.665,ENSMPIG00037001424241
scaffold0002:80176806|80187549,scaffold0002,80176806,80187549,10743,-,CIRIquant,circRNA,1.3868,NA,exon,106,12,0.946,"ENSMPIG00002061816243,ENSMPIG00002061924241"
scaffold0007:91656590|91656785,scaffold0007,91656590,91656785,195,+,CIRIquant,circRNA,1.3868,NA,exon,106,0,1,"ENSMPIG00007082100244,ENSMPIG00007082022243"
scaffold0008:30693890|30699752,scaffold0008,30693890,30699752,5862,+,CIRIquant,circRNA,1.3868,NA,exon,106,1,0.995,ENSMPIG00008032423243
scaffold0010:44528441|44528643,scaffold0010,44528441,44528643,202,-,CIRIquant,circRNA,1.3868,NA,exon,106,32,0.869,ENSMPIG00010029124241
scaffold0021:15460613|15465531,scaffold0021,15460613,15465531,4918,+,CIRIquant,circRNA,1.3868,NA,exon,106,3,0.986,ENSMPIG00021047723243
scaffold0005:24674106|24678382,scaffold0005,24674106,24678382,4276,+,CIRIquant,circRNA,1.3737,NA,exon,105,18,0.921,ENSMPIG00005024724241
scaffold0007:72319461|72324163,scaffold0007,72319461,72324163,4702,+,CIRIquant,circRNA,1.3737,NA,exon,105,49,0.811,ENSMPIG00007065621213
scaffold0014:21678645|21691671,scaffold0014,21678645,21691671,13026,+,CIRIquant,circRNA,1.3606,NA,exon,104,11,0.95,ENSMPIG00014027324241
scaffold0023:23821338|23822121,scaffold0023,23821338,23822121,783,+,CIRIquant,circRNA,1.3606,NA,exon,104,162,0.562,ENSMPIG00023036519243
scaffold0002:123034228|123035622,scaffold0002,123034228,123035622,1394,+,CIRIquant,circRNA,1.3475,NA,exon,103,12,0.945,ENSMPIG00002083823243
scaffold0004:61501086|61507757,scaffold0004,61501086,61507757,6671,+,CIRIquant,circRNA,1.3475,NA,exon,103,0,1,ENSMPIG00004063223243
scaffold0011:20892386|20904312,scaffold0011,20892386,20904312,11926,+,CIRIquant,circRNA,1.3475,NA,exon,103,43,0.827,ENSMPIG00011020224241
scaffold0013:66865915|66879203,scaffold0013,66865915,66879203,13288,-,CIRIquant,circRNA,1.3475,NA,exon,103,0,1,ENSMPIG00013054524241
scaffold0024:1773943|1774660,scaffold0024,1773943,1774660,717,-,CIRIquant,circRNA,1.3475,NA,exon,103,87,0.703,ENSMPIG00024004321243
scaffold0037:640957|645348,scaffold0037,640957,645348,4391,+,CIRIquant,circRNA,1.3475,NA,exon,103,35,0.855,ENSMPIG00037000923243
scaffold0002:122495930|122500805,scaffold0002,122495930,122500805,4875,-,CIRIquant,circRNA,1.3214,NA,exon,101,49,0.805,ENSMPIG00002083524241
scaffold0004:21265229|21266608,scaffold0004,21265229,21266608,1379,+,CIRIquant,circRNA,1.3214,NA,exon,101,37,0.845,ENSMPIG00004013020243
scaffold0004:42276283|42278460,scaffold0004,42276283,42278460,2177,+,CIRIquant,circRNA,1.3214,NA,exon,101,20,0.91,ENSMPIG00004044024241
scaffold0006:1186871|1189302,scaffold0006,1186871,1189302,2431,+,CIRIquant,circRNA,1.3214,NA,exon,101,31,0.867,ENSMPIG00006003824241
scaffold0012:48228056|48230787,scaffold0012,48228056,48230787,2731,+,CIRIquant,circRNA,1.3214,NA,exon,101,108,0.652,ENSMPIG00012047300244
scaffold0007:91656590|91726421,scaffold0007,91656590,91726421,69831,+,CIRIquant,circRNA,1.3083,NA,exon,100,504,0.284,"ENSMPIG00007082100244,ENSMPIG00007082022243"
scaffold0013:24995456|24999366,scaffold0013,24995456,24999366,3910,-,CIRIquant,circRNA,1.3083,NA,exon,100,21,0.905,ENSMPIG00013013222243
scaffold0010:11846754|11850423,scaffold0010,11846754,11850423,3669,-,CIRIquant,circRNA,1.2952,NA,exon,99,35,0.85,ENSMPIG00010007222223
scaffold0014:575431|577427,scaffold0014,575431,577427,1996,-,CIRIquant,circRNA,1.2952,NA,exon,99,4,0.98,ENSMPIG00014000620243
scaffold0019:34986397|34987381,scaffold0019,34986397,34987381,984,+,CIRIquant,circRNA,1.2952,NA,exon,99,24,0.892,ENSMPIG00019061823243
scaffold0001:85502453|85516465,scaffold0001,85502453,85516465,14012,-,CIRIquant,circRNA,1.2821,NA,exon,98,0,1,ENSMPIG00001048022243
scaffold0005:20282496|20285858,scaffold0005,20282496,20285858,3362,+,CIRIquant,circRNA,1.2821,NA,exon,98,765,0.204,ENSMPIG00005018920243
scaffold0005:55349367|55349702,scaffold0005,55349367,55349702,335,+,CIRIquant,circRNA,1.2821,NA,exon,98,39,0.834,ENSMPIG00005056021243
scaffold0005:91577526|91579073,scaffold0005,91577526,91579073,1547,+,CIRIquant,circRNA,1.2821,NA,exon,98,50,0.797,ENSMPIG00005127024243
scaffold0021:23389897|23394908,scaffold0021,23389897,23394908,5011,-,CIRIquant,circRNA,1.2821,NA,exon,98,0,1,ENSMPIG00021061924243
scaffold0024:14314160|14314912,scaffold0024,14314160,14314912,752,+,CIRIquant,circRNA,1.2821,NA,exon,98,21,0.903,ENSMPIG00024015624241
scaffold0029:12010258|12010470,scaffold0029,12010258,12010470,212,-,CIRIquant,circRNA,1.269,NA,exon,97,25,0.886,ENSMPIG00029039822243
scaffold0002:48945760|48954394,scaffold0002,48945760,48954394,8634,+,CIRIquant,circRNA,1.256,NA,exon,96,26,0.881,ENSMPIG00002037824241
scaffold0004:47805758|47806776,scaffold0004,47805758,47806776,1018,+,CIRIquant,circRNA,1.256,NA,exon,96,61,0.759,ENSMPIG00004050023243
scaffold0012:64531052|64536422,scaffold0012,64531052,64536422,5370,-,CIRIquant,circRNA,1.256,NA,exon,96,0,1,ENSMPIG00012055924241
scaffold0016:10444684|10451647,scaffold0016,10444684,10451647,6963,-,CIRIquant,circRNA,1.256,NA,exon,96,96,0.667,ENSMPIG00016009517243
scaffold0004:52727592|52740446,scaffold0004,52727592,52740446,12854,-,CIRIquant,circRNA,1.2429,NA,exon,95,30,0.864,ENSMPIG00004054720243
scaffold0016:15199591|15200472,scaffold0016,15199591,15200472,881,+,CIRIquant,circRNA,1.2429,NA,exon,95,23,0.892,ENSMPIG00016018024241
scaffold0008:34693509|34694167,scaffold0008,34693509,34694167,658,-,CIRIquant,circRNA,1.2167,NA,exon,93,42,0.816,ENSMPIG00008040523243
scaffold0018:31582011|31582615,scaffold0018,31582011,31582615,604,+,CIRIquant,circRNA,1.2167,NA,exon,93,14,0.93,ENSMPIG00018020524241
scaffold0022:32377375|32379652,scaffold0022,32377375,32379652,2277,-,CIRIquant,circRNA,1.2167,NA,exon,93,28,0.869,ENSMPIG00022042617243
scaffold0023:26652576|26656494,scaffold0023,26652576,26656494,3918,-,CIRIquant,circRNA,1.2167,NA,exon,93,168,0.525,ENSMPIG00023047522243
scaffold0007:58575570|58590320,scaffold0007,58575570,58590320,14750,-,CIRIquant,circRNA,1.2036,NA,exon,92,96,0.657,ENSMPIG00007055717243
scaffold0015:1366865|1367065,scaffold0015,1366865,1367065,200,-,CIRIquant,circRNA,1.2036,NA,exon,92,53,0.776,ENSMPIG00015004823243
scaffold0006:910574|924354,scaffold0006,910574,924354,13780,+,CIRIquant,circRNA,1.1905,NA,exon,91,0,1,ENSMPIG00006003017243
scaffold0013:64798626|64809210,scaffold0013,64798626,64809210,10584,-,CIRIquant,circRNA,1.1905,NA,exon,91,18,0.91,ENSMPIG00013052023243
scaffold0005:91799558|91801163,scaffold0005,91799558,91801163,1605,+,CIRIquant,circRNA,1.1775,NA,exon,90,20,0.9,ENSMPIG00005127924241
scaffold0010:67601400|67625828,scaffold0010,67601400,67625828,24428,+,CIRIquant,circRNA,1.1775,NA,exon,90,0,1,ENSMPIG00010070022243
scaffold0013:817176|822392,scaffold0013,817176,822392,5216,+,CIRIquant,circRNA,1.1775,NA,exon,90,11,0.942,ENSMPIG00013001421243
scaffold0017:19781701|19787601,scaffold0017,19781701,19787601,5900,-,CIRIquant,circRNA,1.1775,NA,exon,90,24,0.882,ENSMPIG00017034724241
scaffold0007:80322379|80325779,scaffold0007,80322379,80325779,3400,-,CIRIquant,circRNA,1.1644,NA,exon,89,23,0.886,ENSMPIG00007072424241
scaffold0016:55566342|55568381,scaffold0016,55566342,55568381,2039,-,CIRIquant,circRNA,1.1644,NA,exon,89,13,0.932,ENSMPIG00016052924241
scaffold0032:4879735|4881253,scaffold0032,4879735,4881253,1518,+,CIRIquant,circRNA,1.1644,NA,exon,89,65,0.733,ENSMPIG00032013616163
scaffold0046:1893457|1899256,scaffold0046,1893457,1899256,5799,+,CIRIquant,circRNA,1.1644,NA,exon,89,0,1,ENSMPIG00046004019243
scaffold0002:22440422|22441237,scaffold0002,22440422,22441237,815,+,CIRIquant,circRNA,1.1513,NA,exon,88,26,0.871,ENSMPIG00002020721233
scaffold0020:30588036|30607672,scaffold0020,30588036,30607672,19636,-,CIRIquant,circRNA,1.1513,NA,exon,88,0,1,ENSMPIG00020023821243
scaffold0001:149556616|149557010,scaffold0001,149556616,149557010,394,+,CIRIquant,circRNA,1.1382,NA,exon,87,12,0.935,ENSMPIG00001110722243
scaffold0009:69312603|69313484,scaffold0009,69312603,69313484,881,-,CIRIquant,circRNA,1.1382,NA,exon,87,16,0.916,ENSMPIG00009049424241
scaffold0019:21894324|21906805,scaffold0019,21894324,21906805,12481,-,CIRIquant,circRNA,1.1382,NA,exon,87,5,0.972,ENSMPIG00019031518243
scaffold0001:71167426|71172125,scaffold0001,71167426,71172125,4699,-,CIRIquant,circRNA,1.1251,NA,exon,86,9,0.95,ENSMPIG00001034724241
scaffold0003:108782440|108783299,scaffold0003,108782440,108783299,859,-,CIRIquant,circRNA,1.1251,NA,exon,86,32,0.843,"ENSMPIG00003097500244,ENSMPIG00003097400244,ENSMPIG00003097321243"
scaffold0003:92820923|92831109,scaffold0003,92820923,92831109,10186,+,CIRIquant,circRNA,1.1251,NA,exon,86,232,0.426,ENSMPIG00003063524241
scaffold0010:71064253|71068119,scaffold0010,71064253,71068119,3866,-,CIRIquant,circRNA,1.1251,NA,exon,86,14,0.925,ENSMPIG00010076924241
scaffold0012:37095605|37100986,scaffold0012,37095605,37100986,5381,-,CIRIquant,circRNA,1.1251,NA,exon,86,5,0.972,ENSMPIG00012037724241
scaffold0015:1329859|1331363,scaffold0015,1329859,1331363,1504,+,CIRIquant,circRNA,1.1251,NA,exon,86,52,0.768,ENSMPIG00015004323243
scaffold0018:48143683|48153284,scaffold0018,48143683,48153284,9601,-,CIRIquant,circRNA,1.1251,NA,exon,86,7,0.961,ENSMPIG00018031223243
scaffold0013:29934936|29938190,scaffold0013,29934936,29938190,3254,-,CIRIquant,circRNA,1.112,NA,exon,85,29,0.854,ENSMPIG00013016618243
scaffold0018:28272843|28274216,scaffold0018,28272843,28274216,1373,-,CIRIquant,circRNA,1.112,NA,exon,85,41,0.806,ENSMPIG00018018722243
scaffold0024:3352382|3353428,scaffold0024,3352382,3353428,1046,+,CIRIquant,circRNA,1.112,NA,exon,85,8,0.955,ENSMPIG00024006924241
scaffold0028:533884|536139,scaffold0028,533884,536139,2255,-,CIRIquant,circRNA,1.112,NA,exon,85,1,0.994,ENSMPIG00028000823243
scaffold0008:33558244|33565233,scaffold0008,33558244,33565233,6989,+,CIRIquant,circRNA,1.099,NA,exon,84,0,1,ENSMPIG00008038022243
scaffold0015:1977941|1980124,scaffold0015,1977941,1980124,2183,+,CIRIquant,circRNA,1.099,NA,exon,84,15,0.918,ENSMPIG00015008124243
scaffold0015:2994532|2998122,scaffold0015,2994532,2998122,3590,-,CIRIquant,circRNA,1.099,NA,exon,84,359,0.319,ENSMPIG00015012822243
scaffold0042:1405672|1416961,scaffold0042,1405672,1416961,11289,+,CIRIquant,circRNA,1.099,NA,exon,84,32,0.84,ENSMPIG00042001418243
scaffold0004:104562964|104574544,scaffold0004,104562964,104574544,11580,-,CIRIquant,circRNA,1.0859,NA,exon,83,11,0.938,ENSMPIG00004102920243
scaffold0007:6785116|6785965,scaffold0007,6785116,6785965,849,+,CIRIquant,circRNA,1.0859,NA,exon,83,11,0.938,ENSMPIG00007019023233
scaffold0015:57391528|57424737,scaffold0015,57391528,57424737,33209,-,CIRIquant,circRNA,1.0859,NA,exon,83,1,0.994,ENSMPIG00015057424241
scaffold0016:54224848|54239255,scaffold0016,54224848,54239255,14407,+,CIRIquant,circRNA,1.0859,NA,exon,83,27,0.86,ENSMPIG00016050224241
scaffold0020:28443800|28463478,scaffold0020,28443800,28463478,19678,+,CIRIquant,circRNA,1.0859,NA,exon,83,110,0.601,ENSMPIG00020021421243
scaffold0027:3334127|3336427,scaffold0027,3334127,3336427,2300,+,CIRIquant,circRNA,1.0859,NA,exon,83,41,0.802,ENSMPIG00027008022243
scaffold0013:12622032|12625531,scaffold0013,12622032,12625531,3499,-,CIRIquant,circRNA,1.0728,NA,exon,82,0,1,ENSMPIG00013007324243
scaffold0002:43877522|43884213,scaffold0002,43877522,43884213,6691,-,CIRIquant,circRNA,1.0597,NA,exon,81,41,0.798,ENSMPIG00002033905243
scaffold0015:12029274|12030753,scaffold0015,12029274,12030753,1479,+,CIRIquant,circRNA,1.0597,NA,exon,81,0,1,ENSMPIG00015023724241
scaffold0027:969680|973799,scaffold0027,969680,973799,4119,-,CIRIquant,circRNA,1.0597,NA,exon,81,33,0.831,ENSMPIG00027003924241
scaffold0032:6693926|6703237,scaffold0032,6693926,6703237,9311,+,CIRIquant,circRNA,1.0597,NA,exon,81,0,1,ENSMPIG00032017222223
scaffold0046:1570735|1571793,scaffold0046,1570735,1571793,1058,-,CIRIquant,circRNA,1.0597,NA,exon,81,62,0.723,ENSMPIG00046002622243
scaffold0007:14539747|14545830,scaffold0007,14539747,14545830,6083,+,CIRIquant,circRNA,1.0466,NA,exon,80,13,0.925,"ENSMPIG00007030603243,ENSMPIG00007030708243"
scaffold0011:13623285|13626869,scaffold0011,13623285,13626869,3584,-,CIRIquant,circRNA,1.0466,NA,exon,80,0,1,ENSMPIG00011014623243
scaffold0021:176130|176841,scaffold0021,176130,176841,711,-,CIRIquant,circRNA,1.0466,NA,exon,80,35,0.821,ENSMPIG00021000323233
scaffold0021:18382408|18385269,scaffold0021,18382408,18385269,2861,+,CIRIquant,circRNA,1.0466,NA,exon,80,9,0.947,ENSMPIG00021053820243
scaffold0048:438715|440295,scaffold0048,438715,440295,1580,+,CIRIquant,circRNA,1.0466,NA,exon,80,20,0.889,"ENSMPIG00048000400244,ENSMPIG00048000300244,ENSMPIG00048000202243"
scaffold0007:86240298|86240767,scaffold0007,86240298,86240767,469,-,CIRIquant,circRNA,1.0335,NA,exon,79,0,1,ENSMPIG00007077323243
scaffold0015:52582550|52585537,scaffold0015,52582550,52585537,2987,-,CIRIquant,circRNA,1.0335,NA,exon,79,246,0.391,ENSMPIG00015055324241
scaffold0016:13975766|13988416,scaffold0016,13975766,13988416,12650,+,CIRIquant,circRNA,1.0335,NA,exon,79,45,0.778,ENSMPIG00016016622223
scaffold0005:1008420|1010921,scaffold0005,1008420,1010921,2501,-,CIRIquant,circRNA,1.0205,NA,exon,78,10,0.94,ENSMPIG00005002024241
scaffold0007:37693424|37714385,scaffold0007,37693424,37714385,20961,-,CIRIquant,circRNA,1.0205,NA,exon,78,19,0.891,ENSMPIG00007045318243
scaffold0011:332730|334333,scaffold0011,332730,334333,1603,+,CIRIquant,circRNA,1.0074,NA,exon,77,38,0.802,ENSMPIG00011001622243
scaffold0014:1582000|1590726,scaffold0014,1582000,1590726,8726,-,CIRIquant,circRNA,1.0074,NA,exon,77,0,1,ENSMPIG00014003023233
scaffold0018:44641428|44646361,scaffold0018,44641428,44646361,4933,+,CIRIquant,circRNA,1.0074,NA,exon,77,14,0.917,ENSMPIG00018029624241
scaffold0019:30098231|30108333,scaffold0019,30098231,30108333,10102,-,CIRIquant,circRNA,1.0074,NA,exon,77,11,0.933,ENSMPIG00019051617243
scaffold0004:11580462|11596709,scaffold0004,11580462,11596709,16247,-,CIRIquant,circRNA,0.9943,NA,exon,76,14,0.916,ENSMPIG00004005524243
scaffold0008:55445125|55452021,scaffold0008,55445125,55452021,6896,+,CIRIquant,circRNA,0.9943,NA,exon,76,31,0.831,ENSMPIG00008055624241
scaffold0011:27410118|27412490,scaffold0011,27410118,27412490,2372,+,CIRIquant,circRNA,0.9943,NA,exon,76,26,0.854,ENSMPIG00011025524241
scaffold0013:3421305|3438267,scaffold0013,3421305,3438267,16962,-,CIRIquant,circRNA,0.9943,NA,exon,76,0,1,ENSMPIG00013003824243
scaffold0014:2815155|2830099,scaffold0014,2815155,2830099,14944,+,CIRIquant,circRNA,0.9943,NA,exon,76,0,1,ENSMPIG00014004919243
scaffold0018:22061645|22068096,scaffold0018,22061645,22068096,6451,-,CIRIquant,circRNA,0.9943,NA,exon,76,0,1,ENSMPIG00018014321243
scaffold0023:11014228|11024947,scaffold0023,11014228,11024947,10719,-,CIRIquant,circRNA,0.9943,NA,exon,76,5,0.968,ENSMPIG00023015215203
scaffold0003:100371917|100372877,scaffold0003,100371917,100372877,960,+,CIRIquant,circRNA,0.9812,NA,exon,75,47,0.761,ENSMPIG00003072524241
scaffold0006:42537809|42539849,scaffold0006,42537809,42539849,2040,+,CIRIquant,circRNA,0.9812,NA,exon,75,41,0.785,ENSMPIG00006027923243
scaffold0008:35599838|35606225,scaffold0008,35599838,35606225,6387,-,CIRIquant,circRNA,0.9812,NA,exon,75,33,0.82,ENSMPIG00008041924241
scaffold0014:58122028|58122453,scaffold0014,58122028,58122453,425,-,CIRIquant,circRNA,0.9812,NA,exon,75,13,0.92,ENSMPIG00014056122223
scaffold0017:14071870|14081070,scaffold0017,14071870,14081070,9200,+,CIRIquant,circRNA,0.9812,NA,exon,75,20,0.882,ENSMPIG00017012420243
scaffold0019:839042|849195,scaffold0019,839042,849195,10153,+,CIRIquant,circRNA,0.9812,NA,exon,75,0,1,ENSMPIG00019002623243
scaffold0022:2516309|2518310,scaffold0022,2516309,2518310,2001,-,CIRIquant,circRNA,0.9812,NA,exon,75,1,0.993,ENSMPIG00022007220243
scaffold0027:5445900|5467866,scaffold0027,5445900,5467866,21966,+,CIRIquant,circRNA,0.9812,NA,exon,75,8,0.949,ENSMPIG00027013519243
scaffold0037:3092852|3098325,scaffold0037,3092852,3098325,5473,+,CIRIquant,circRNA,0.9812,NA,exon,75,27,0.847,ENSMPIG00037005022243
scaffold0004:2117777|2139336,scaffold0004,2117777,2139336,21559,+,CIRIquant,circRNA,0.9681,NA,exon,74,21,0.876,"ENSMPIG00004001020243,ENSMPIG00004001222233,ENSMPIG00004001100244"
scaffold0006:23341080|23355785,scaffold0006,23341080,23355785,14705,+,CIRIquant,circRNA,0.9681,NA,exon,74,22,0.871,ENSMPIG00006016219243
scaffold0012:1933702|1934518,scaffold0012,1933702,1934518,816,+,CIRIquant,circRNA,0.9681,NA,exon,74,23,0.865,ENSMPIG00012000823243
scaffold0019:24459624|24460219,scaffold0019,24459624,24460219,595,-,CIRIquant,circRNA,0.9681,NA,exon,74,8,0.949,ENSMPIG00019032707243
scaffold0001:127975613|127977748,scaffold0001,127975613,127977748,2135,-,CIRIquant,circRNA,0.955,NA,exon,73,8,0.948,"ENSMPIG00001096321243,ENSMPIG00001096503243,ENSMPIG00001096400244"
scaffold0002:1843052|1843304,scaffold0002,1843052,1843304,252,-,CIRIquant,circRNA,0.955,NA,exon,73,61,0.705,ENSMPIG00002004224241
scaffold0003:109193487|109193880,scaffold0003,109193487,109193880,393,+,CIRIquant,circRNA,0.955,NA,exon,73,16,0.901,ENSMPIG00003098424241
scaffold0005:81730470|81731220,scaffold0005,81730470,81731220,750,+,CIRIquant,circRNA,0.955,NA,exon,73,18,0.89,ENSMPIG00005092222243
scaffold0006:25415151|25417807,scaffold0006,25415151,25417807,2656,-,CIRIquant,circRNA,0.955,NA,exon,73,32,0.82,ENSMPIG00006018516243
scaffold0006:34809949|34814900,scaffold0006,34809949,34814900,4951,-,CIRIquant,circRNA,0.955,NA,exon,73,11,0.93,ENSMPIG00006026223233
scaffold0008:71694622|71695712,scaffold0008,71694622,71695712,1090,-,CIRIquant,circRNA,0.955,NA,exon,73,23,0.864,ENSMPIG00008072023243
scaffold0010:1411553|1411972,scaffold0010,1411553,1411972,419,-,CIRIquant,circRNA,0.955,NA,exon,73,14,0.912,ENSMPIG00010001223233
scaffold0021:2368311|2368947,scaffold0021,2368311,2368947,636,-,CIRIquant,circRNA,0.955,NA,exon,73,32,0.82,ENSMPIG00021009422243
scaffold0021:34952811|34956792,scaffold0021,34952811,34956792,3981,-,CIRIquant,circRNA,0.955,NA,exon,73,23,0.864,ENSMPIG00021080524241
scaffold0025:20925206|20928871,scaffold0025,20925206,20928871,3665,-,CIRIquant,circRNA,0.955,NA,exon,73,16,0.901,ENSMPIG00025016824241
scaffold0034:4518315|4520142,scaffold0034,4518315,4520142,1827,-,CIRIquant,circRNA,0.955,NA,exon,73,32,0.82,ENSMPIG00034005624241
scaffold0042:2171817|2179351,scaffold0042,2171817,2179351,7534,-,CIRIquant,circRNA,0.955,NA,exon,73,3,0.98,ENSMPIG00042001724241
scaffold0003:108730605|108743184,scaffold0003,108730605,108743184,12579,-,CIRIquant,circRNA,0.942,NA,exon,72,24,0.857,"ENSMPIG00003097500244,ENSMPIG00003097400244,ENSMPIG00003097321243"
scaffold0007:52582436|52588053,scaffold0007,52582436,52588053,5617,-,CIRIquant,circRNA,0.942,NA,exon,72,15,0.906,ENSMPIG00007052624243
scaffold0007:90340007|90343305,scaffold0007,90340007,90343305,3298,+,CIRIquant,circRNA,0.942,NA,exon,72,14,0.911,ENSMPIG00007081523243
scaffold0008:9994297|9997708,scaffold0008,9994297,9997708,3411,-,CIRIquant,circRNA,0.942,NA,exon,72,11,0.929,ENSMPIG00008013124241
scaffold0014:40815484|40828293,scaffold0014,40815484,40828293,12809,+,CIRIquant,circRNA,0.942,NA,exon,72,14,0.911,ENSMPIG00014041001243
scaffold0003:47838009|47851208,scaffold0003,47838009,47851208,13199,+,CIRIquant,circRNA,0.9289,NA,exon,71,23,0.861,ENSMPIG00003031024241
scaffold0004:79766550|79767862,scaffold0004,79766550,79767862,1312,+,CIRIquant,circRNA,0.9289,NA,exon,71,35,0.802,ENSMPIG00004080723243
scaffold0005:17717828|17719323,scaffold0005,17717828,17719323,1495,-,CIRIquant,circRNA,0.9289,NA,exon,71,29,0.83,ENSMPIG00005016820243
scaffold0008:34460370|34474842,scaffold0008,34460370,34474842,14472,-,CIRIquant,circRNA,0.9289,NA,exon,71,93,0.604,ENSMPIG00008039624241
scaffold0015:30377693|30382894,scaffold0015,30377693,30382894,5201,-,CIRIquant,circRNA,0.9289,NA,exon,71,4,0.973,ENSMPIG00015036619243
scaffold0026:8806957|8816042,scaffold0026,8806957,8816042,9085,-,CIRIquant,circRNA,0.9289,NA,exon,71,0,1,ENSMPIG00026004115243
scaffold0031:8512906|8513415,scaffold0031,8512906,8513415,509,+,CIRIquant,circRNA,0.9289,NA,exon,71,18,0.887,ENSMPIG00031010624243
scaffold0032:7388064|7394517,scaffold0032,7388064,7394517,6453,+,CIRIquant,circRNA,0.9289,NA,exon,71,0,1,ENSMPIG00032018018243
scaffold0007:4945844|4946919,scaffold0007,4945844,4946919,1075,+,CIRIquant,circRNA,0.9158,NA,exon,70,19,0.881,ENSMPIG00007015823243
scaffold0007:93328201|93329338,scaffold0007,93328201,93329338,1137,-,CIRIquant,circRNA,0.9158,NA,exon,70,0,1,ENSMPIG00007084022243
scaffold0012:31958875|31961255,scaffold0012,31958875,31961255,2380,+,CIRIquant,circRNA,0.9158,NA,exon,70,16,0.897,ENSMPIG00012029624241
scaffold0013:66865915|66871573,scaffold0013,66865915,66871573,5658,-,CIRIquant,circRNA,0.9158,NA,exon,70,33,0.809,ENSMPIG00013054524241
scaffold0016:10752191|10755713,scaffold0016,10752191,10755713,3522,-,CIRIquant,circRNA,0.9158,NA,exon,70,142,0.496,ENSMPIG00016009724241
scaffold0028:451653|453928,scaffold0028,451653,453928,2275,-,CIRIquant,circRNA,0.9158,NA,exon,70,0,1,ENSMPIG00028000622243
scaffold0001:122258977|122260572,scaffold0001,122258977,122260572,1595,-,CIRIquant,circRNA,0.9027,NA,exon,69,35,0.798,ENSMPIG00001082324241
scaffold0001:42296697|42328921,scaffold0001,42296697,42328921,32224,-,CIRIquant,circRNA,0.9027,NA,exon,69,19,0.879,"ENSMPIG00001014100244,ENSMPIG00001014002243,ENSMPIG00001014222243"
scaffold0005:33473041|33473518,scaffold0005,33473041,33473518,477,-,CIRIquant,circRNA,0.9027,NA,exon,69,7,0.952,ENSMPIG00005038821243
scaffold0014:41082136|41083583,scaffold0014,41082136,41083583,1447,+,CIRIquant,circRNA,0.9027,NA,exon,69,53,0.723,ENSMPIG00014041524241
scaffold0014:56522549|56532824,scaffold0014,56522549,56532824,10275,-,CIRIquant,circRNA,0.9027,NA,exon,69,4,0.972,ENSMPIG00014054819243
scaffold0024:22463400|22465895,scaffold0024,22463400,22465895,2495,+,CIRIquant,circRNA,0.9027,NA,exon,69,13,0.914,ENSMPIG00024021823243
scaffold0027:6051663|6052692,scaffold0027,6051663,6052692,1029,-,CIRIquant,circRNA,0.9027,NA,exon,69,131,0.513,ENSMPIG00027014423243
scaffold0005:80474870|80485580,scaffold0005,80474870,80485580,10710,-,CIRIquant,circRNA,0.8896,NA,exon,68,0,1,ENSMPIG00005088417243
scaffold0017:39603957|39606547,scaffold0017,39603957,39606547,2590,+,CIRIquant,circRNA,0.8896,NA,exon,68,21,0.866,ENSMPIG00017064324241
scaffold0023:9423480|9424170,scaffold0023,9423480,9424170,690,+,CIRIquant,circRNA,0.8896,NA,exon,68,16,0.895,ENSMPIG00023011319243
scaffold0024:1028953|1031107,scaffold0024,1028953,1031107,2154,-,CIRIquant,circRNA,0.8896,NA,exon,68,7,0.951,ENSMPIG00024001519243
scaffold0024:1771837|1774660,scaffold0024,1771837,1774660,2823,-,CIRIquant,circRNA,0.8896,NA,exon,68,20,0.872,ENSMPIG00024004321243
scaffold0001:111857139|111858074,scaffold0001,111857139,111858074,935,-,CIRIquant,circRNA,0.8765,NA,exon,67,4,0.971,ENSMPIG00001062124241
scaffold0008:11620200|11620960,scaffold0008,11620200,11620960,760,+,CIRIquant,circRNA,0.8765,NA,exon,67,68,0.663,ENSMPIG00008015423243
scaffold0009:48751246|48759941,scaffold0009,48751246,48759941,8695,+,CIRIquant,circRNA,0.8765,NA,exon,67,0,1,ENSMPIG00009035824243
scaffold0014:5756924|5765758,scaffold0014,5756924,5765758,8834,-,CIRIquant,circRNA,0.8765,NA,exon,67,0,1,ENSMPIG00014008824241
scaffold0016:15425005|15425276,scaffold0016,15425005,15425276,271,+,CIRIquant,circRNA,0.8765,NA,exon,67,17,0.887,"ENSMPIG00016018400244,ENSMPIG00016018300244,ENSMPIG00016018224241"
scaffold0023:8335235|8336346,scaffold0023,8335235,8336346,1111,-,CIRIquant,circRNA,0.8765,NA,exon,67,15,0.899,ENSMPIG00023008624241
scaffold0024:6456622|6460475,scaffold0024,6456622,6460475,3853,-,CIRIquant,circRNA,0.8765,NA,exon,67,4,0.971,ENSMPIG00024009016243
scaffold0037:1671144|1671783,scaffold0037,1671144,1671783,639,-,CIRIquant,circRNA,0.8765,NA,exon,67,28,0.827,ENSMPIG00037002324241
scaffold0040:2707709|2712205,scaffold0040,2707709,2712205,4496,-,CIRIquant,circRNA,0.8765,NA,exon,67,15,0.899,ENSMPIG00040002324241
scaffold0002:48945760|48946548,scaffold0002,48945760,48946548,788,+,CIRIquant,circRNA,0.8635,NA,exon,66,0,1,ENSMPIG00002037824241
scaffold0002:54344695|54349128,scaffold0002,54344695,54349128,4433,+,CIRIquant,circRNA,0.8635,NA,exon,66,17,0.886,ENSMPIG00002043321243
scaffold0006:81314848|81362102,scaffold0006,81314848,81362102,47254,-,CIRIquant,circRNA,0.8635,NA,exon,66,0,1,ENSMPIG00006055424241
scaffold0007:5078368|5082003,scaffold0007,5078368,5082003,3635,+,CIRIquant,circRNA,0.8635,NA,exon,66,0,1,ENSMPIG00007016023243
scaffold0018:41797289|41798363,scaffold0018,41797289,41798363,1074,-,CIRIquant,circRNA,0.8635,NA,exon,66,0,1,"ENSMPIG00018026612243,ENSMPIG00018026712243,ENSMPIG00018026500244"
scaffold0005:21681224|21689816,scaffold0005,21681224,21689816,8592,-,CIRIquant,circRNA,0.8504,NA,exon,65,33,0.798,ENSMPIG00005021923243
scaffold0006:57991666|58001539,scaffold0006,57991666,58001539,9873,+,CIRIquant,circRNA,0.8504,NA,exon,65,26,0.833,ENSMPIG00006042524241
scaffold0007:71123832|71131674,scaffold0007,71123832,71131674,7842,+,CIRIquant,circRNA,0.8504,NA,exon,65,0,1,ENSMPIG00007064224241
scaffold0008:59946323|59950478,scaffold0008,59946323,59950478,4155,-,CIRIquant,circRNA,0.8504,NA,exon,65,59,0.688,ENSMPIG00008058122243
scaffold0010:67171268|67171815,scaffold0010,67171268,67171815,547,+,CIRIquant,circRNA,0.8504,NA,exon,65,33,0.798,ENSMPIG00010069623233
scaffold0012:6949671|6956848,scaffold0012,6949671,6956848,7177,+,CIRIquant,circRNA,0.8504,NA,exon,65,25,0.839,ENSMPIG00012005024243
scaffold0013:3353250|3364916,scaffold0013,3353250,3364916,11666,+,CIRIquant,circRNA,0.8504,NA,exon,65,28,0.823,ENSMPIG00013003723243
scaffold0013:53617210|53618974,scaffold0013,53617210,53618974,1764,+,CIRIquant,circRNA,0.8504,NA,exon,65,6,0.956,ENSMPIG00013040823243
scaffold0015:39831151|39833912,scaffold0015,39831151,39833912,2761,-,CIRIquant,circRNA,0.8504,NA,exon,65,16,0.89,ENSMPIG00015046723243
scaffold0017:48830064|48832128,scaffold0017,48830064,48832128,2064,-,CIRIquant,circRNA,0.8504,NA,exon,65,43,0.751,ENSMPIG00017072823243
scaffold0027:4284939|4287022,scaffold0027,4284939,4287022,2083,-,CIRIquant,circRNA,0.8504,NA,exon,65,27,0.828,ENSMPIG00027010724241
scaffold0001:77706598|77728337,scaffold0001,77706598,77728337,21739,-,CIRIquant,circRNA,0.8373,NA,exon,64,0,1,ENSMPIG00001041123243
scaffold0002:146607|150576,scaffold0002,146607,150576,3969,-,CIRIquant,circRNA,0.8373,NA,exon,64,122,0.512,ENSMPIG00002000524241
scaffold0006:1281170|1282014,scaffold0006,1281170,1282014,844,+,CIRIquant,circRNA,0.8373,NA,exon,64,0,1,ENSMPIG00006003924241
scaffold0007:5078368|5090940,scaffold0007,5078368,5090940,12572,+,CIRIquant,circRNA,0.8373,NA,exon,64,87,0.595,ENSMPIG00007016023243
scaffold0008:64560446|64561815,scaffold0008,64560446,64561815,1369,-,CIRIquant,circRNA,0.8373,NA,exon,64,18,0.877,ENSMPIG00008063722243
scaffold0013:70386613|70387850,scaffold0013,70386613,70387850,1237,+,CIRIquant,circRNA,0.8373,NA,exon,64,58,0.688,ENSMPIG00013063114243
scaffold0015:12021909|12030753,scaffold0015,12021909,12030753,8844,+,CIRIquant,circRNA,0.8373,NA,exon,64,0,1,ENSMPIG00015023724241
scaffold0002:113175200|113178048,scaffold0002,113175200,113178048,2848,+,CIRIquant,circRNA,0.8242,NA,exon,63,11,0.92,ENSMPIG00002076322243
scaffold0005:87734023|87734330,scaffold0005,87734023,87734330,307,+,CIRIquant,circRNA,0.8242,NA,exon,63,11,0.92,ENSMPIG00005110922243
scaffold0006:57775293|57775898,scaffold0006,57775293,57775898,605,+,CIRIquant,circRNA,0.8242,NA,exon,63,20,0.863,ENSMPIG00006042024241
scaffold0007:45260305|45261052,scaffold0007,45260305,45261052,747,-,CIRIquant,circRNA,0.8242,NA,exon,63,0,1,ENSMPIG00007050624243
scaffold0014:1582000|1585796,scaffold0014,1582000,1585796,3796,-,CIRIquant,circRNA,0.8242,NA,exon,63,127,0.498,ENSMPIG00014003023233
scaffold0035:2959959|2961220,scaffold0035,2959959,2961220,1261,+,CIRIquant,circRNA,0.8242,NA,exon,63,234,0.35,ENSMPIG00035007619243
scaffold0002:116347201|116359600,scaffold0002,116347201,116359600,12399,-,CIRIquant,circRNA,0.8111,NA,exon,62,5,0.961,ENSMPIG00002079023243
scaffold0002:5260127|5263685,scaffold0002,5260127,5263685,3558,-,CIRIquant,circRNA,0.8111,NA,exon,62,10,0.925,ENSMPIG00002007613243
scaffold0008:64246830|64247137,scaffold0008,64246830,64247137,307,-,CIRIquant,circRNA,0.8111,NA,exon,62,19,0.867,ENSMPIG00008062924241
scaffold0013:67392616|67421714,scaffold0013,67392616,67421714,29098,+,CIRIquant,circRNA,0.8111,NA,exon,62,0,1,ENSMPIG00013054724241
scaffold0013:68633661|68636682,scaffold0013,68633661,68636682,3021,-,CIRIquant,circRNA,0.8111,NA,exon,62,22,0.849,ENSMPIG00013057924241
scaffold0013:69875284|69882399,scaffold0013,69875284,69882399,7115,+,CIRIquant,circRNA,0.8111,NA,exon,62,31,0.8,ENSMPIG00013062424241
scaffold0031:7648670|7649062,scaffold0031,7648670,7649062,392,-,CIRIquant,circRNA,0.8111,NA,exon,62,49,0.717,ENSMPIG00031008419243
scaffold0001:130894761|130909947,scaffold0001,130894761,130909947,15186,-,CIRIquant,circRNA,0.7981,NA,exon,61,0,1,ENSMPIG00001097624241
scaffold0003:63796655|63829483,scaffold0003,63796655,63829483,32828,+,CIRIquant,circRNA,0.7981,NA,exon,61,12,0.91,ENSMPIG00003036622243
scaffold0006:919747|924354,scaffold0006,919747,924354,4607,+,CIRIquant,circRNA,0.7981,NA,exon,61,148,0.452,ENSMPIG00006003017243
scaffold0011:46720187|46734093,scaffold0011,46720187,46734093,13906,+,CIRIquant,circRNA,0.7981,NA,exon,61,0,1,ENSMPIG00011037722243
scaffold0013:45793115|45800920,scaffold0013,45793115,45800920,7805,+,CIRIquant,circRNA,0.7981,NA,exon,61,22,0.847,ENSMPIG00013032923243
scaffold0020:28426210|28463478,scaffold0020,28426210,28463478,37268,+,CIRIquant,circRNA,0.7981,NA,exon,61,0,1,ENSMPIG00020021421243
scaffold0013:41676858|41698915,scaffold0013,41676858,41698915,22057,+,CIRIquant,circRNA,0.785,NA,exon,60,13,0.902,ENSMPIG00013024021243
scaffold0013:44278016|44279703,scaffold0013,44278016,44279703,1687,-,CIRIquant,circRNA,0.785,NA,exon,60,68,0.638,ENSMPIG00013026622243
scaffold0053:554655|557449,scaffold0053,554655,557449,2794,+,CIRIquant,circRNA,0.785,NA,exon,60,3,0.976,ENSMPIG00053000914243
scaffold0003:105106119|105106769,scaffold0003,105106119,105106769,650,-,CIRIquant,circRNA,0.7719,NA,exon,59,86,0.578,ENSMPIG00003088924241
scaffold0003:1475308|1491462,scaffold0003,1475308,1491462,16154,+,CIRIquant,circRNA,0.7719,NA,exon,59,5,0.959,ENSMPIG00003002622233
scaffold0006:68410968|68412819,scaffold0006,68410968,68412819,1851,-,CIRIquant,circRNA,0.7719,NA,exon,59,7,0.944,ENSMPIG00006048921243
scaffold0010:49254754|49264935,scaffold0010,49254754,49264935,10181,-,CIRIquant,circRNA,0.7719,NA,exon,59,0,1,ENSMPIG00010034224241
scaffold0014:1897071|1897922,scaffold0014,1897071,1897922,851,+,CIRIquant,circRNA,0.7719,NA,exon,59,18,0.868,ENSMPIG00014003824241
scaffold0018:23245639|23265041,scaffold0018,23245639,23265041,19402,+,CIRIquant,circRNA,0.7719,NA,exon,59,5,0.959,ENSMPIG00018014724241
scaffold0001:108454018|108455427,scaffold0001,108454018,108455427,1409,-,CIRIquant,circRNA,0.7588,NA,exon,58,10,0.921,ENSMPIG00001059523243
scaffold0006:45938215|45938622,scaffold0006,45938215,45938622,407,-,CIRIquant,circRNA,0.7588,NA,exon,58,16,0.879,ENSMPIG00006032219243
scaffold0032:8080316|8082171,scaffold0032,8080316,8082171,1855,-,CIRIquant,circRNA,0.7588,NA,exon,58,20,0.853,ENSMPIG00032018323243
scaffold0001:41501051|41501334,scaffold0001,41501051,41501334,283,+,CIRIquant,circRNA,0.7457,NA,exon,57,55,0.675,ENSMPIG00001013524241
scaffold0005:90111933|90112497,scaffold0005,90111933,90112497,564,+,CIRIquant,circRNA,0.7457,NA,exon,57,25,0.82,ENSMPIG00005120321243
scaffold0008:40325159|40338769,scaffold0008,40325159,40338769,13610,+,CIRIquant,circRNA,0.7457,NA,exon,57,0,1,ENSMPIG00008045821243
scaffold0012:11518144|11518474,scaffold0012,11518144,11518474,330,+,CIRIquant,circRNA,0.7457,NA,exon,57,5,0.958,ENSMPIG00012010824241
scaffold0015:55790839|55794743,scaffold0015,55790839,55794743,3904,-,CIRIquant,circRNA,0.7457,NA,exon,57,53,0.683,ENSMPIG00015056823243
scaffold0017:2218343|2230010,scaffold0017,2218343,2230010,11667,-,CIRIquant,circRNA,0.7457,NA,exon,57,7,0.942,ENSMPIG00017001924241
scaffold0031:1468517|1469013,scaffold0031,1468517,1469013,496,-,CIRIquant,circRNA,0.7457,NA,exon,57,78,0.594,ENSMPIG00031003121243
scaffold0037:2975309|2983285,scaffold0037,2975309,2983285,7976,+,CIRIquant,circRNA,0.7457,NA,exon,57,15,0.884,ENSMPIG00037005022243
scaffold0001:127574680|127574967,scaffold0001,127574680,127574967,287,+,CIRIquant,circRNA,0.7326,NA,exon,56,10,0.918,ENSMPIG00001096022243
scaffold0001:80976640|80977465,scaffold0001,80976640,80977465,825,-,CIRIquant,circRNA,0.7326,NA,exon,56,8,0.933,"ENSMPIG00001043000244,ENSMPIG00001043215243,ENSMPIG00001043109243"
scaffold0002:53134198|53136851,scaffold0002,53134198,53136851,2653,-,CIRIquant,circRNA,0.7326,NA,exon,56,0,1,ENSMPIG00002040823243
scaffold0002:86251952|86255957,scaffold0002,86251952,86255957,4005,-,CIRIquant,circRNA,0.7326,NA,exon,56,10,0.918,ENSMPIG00002065223243
scaffold0004:85617165|85618386,scaffold0004,85617165,85618386,1221,-,CIRIquant,circRNA,0.7326,NA,exon,56,7,0.941,ENSMPIG00004088824241
scaffold0005:99268367|99268748,scaffold0005,99268367,99268748,381,-,CIRIquant,circRNA,0.7326,NA,exon,56,91,0.552,ENSMPIG00005136722243
scaffold0008:53917477|53921080,scaffold0008,53917477,53921080,3603,+,CIRIquant,circRNA,0.7326,NA,exon,56,3,0.974,ENSMPIG00008054324241
scaffold0010:53388959|53391696,scaffold0010,53388959,53391696,2737,-,CIRIquant,circRNA,0.7326,NA,exon,56,22,0.836,ENSMPIG00010043323243
scaffold0010:74415352|74416516,scaffold0010,74415352,74416516,1164,-,CIRIquant,circRNA,0.7326,NA,exon,56,124,0.475,ENSMPIG00010081722223
scaffold0011:76729228|76748498,scaffold0011,76729228,76748498,19270,-,CIRIquant,circRNA,0.7326,NA,exon,56,121,0.481,ENSMPIG00011067622243
scaffold0014:24825236|24828667,scaffold0014,24825236,24828667,3431,-,CIRIquant,circRNA,0.7326,NA,exon,56,44,0.718,ENSMPIG00014031819243
scaffold0015:790249|795580,scaffold0015,790249,795580,5331,-,CIRIquant,circRNA,0.7326,NA,exon,56,0,1,ENSMPIG00015002424241
scaffold0016:22143168|22144730,scaffold0016,22143168,22144730,1562,-,CIRIquant,circRNA,0.7326,NA,exon,56,6,0.949,"ENSMPIG00016023219233,ENSMPIG00016023300234,ENSMPIG00016023404233"
scaffold0018:44646029|44646361,scaffold0018,44646029,44646361,332,+,CIRIquant,circRNA,0.7326,NA,exon,56,130,0.463,ENSMPIG00018029624241
scaffold0020:34179899|34180183,scaffold0020,34179899,34180183,284,+,CIRIquant,circRNA,0.7326,NA,exon,56,6,0.949,ENSMPIG00020025524241
scaffold0023:3627506|3627952,scaffold0023,3627506,3627952,446,-,CIRIquant,circRNA,0.7326,NA,exon,56,42,0.727,ENSMPIG00023003824241
scaffold0029:4250386|4261622,scaffold0029,4250386,4261622,11236,+,CIRIquant,circRNA,0.7326,NA,exon,56,228,0.329,ENSMPIG00029012224241
scaffold0001:85363932|85366871,scaffold0001,85363932,85366871,2939,+,CIRIquant,circRNA,0.7196,NA,exon,55,10,0.917,ENSMPIG00001047924243
scaffold0006:58488647|58497893,scaffold0006,58488647,58497893,9246,+,CIRIquant,circRNA,0.7196,NA,exon,55,0,1,ENSMPIG00006043223243
scaffold0008:51750994|51789538,scaffold0008,51750994,51789538,38544,+,CIRIquant,circRNA,0.7196,NA,exon,55,0,1,ENSMPIG00008052322243
scaffold0013:69145353|69145614,scaffold0013,69145353,69145614,261,+,CIRIquant,circRNA,0.7196,NA,exon,55,180,0.379,ENSMPIG00013060224241
scaffold0019:14857181|14883488,scaffold0019,14857181,14883488,26307,+,CIRIquant,circRNA,0.7196,NA,exon,55,0,1,ENSMPIG00019024924241
scaffold0027:1360645|1362866,scaffold0027,1360645,1362866,2221,-,CIRIquant,circRNA,0.7196,NA,exon,55,104,0.514,ENSMPIG00027004321243
scaffold0031:8239317|8240314,scaffold0031,8239317,8240314,997,-,CIRIquant,circRNA,0.7196,NA,exon,55,84,0.567,ENSMPIG00031010023243
scaffold0046:2175625|2188919,scaffold0046,2175625,2188919,13294,-,CIRIquant,circRNA,0.7196,NA,exon,55,67,0.621,ENSMPIG00046004524241
scaffold0005:42525971|42526694,scaffold0005,42525971,42526694,723,+,CIRIquant,circRNA,0.7065,NA,exon,54,13,0.893,ENSMPIG00005049708243
scaffold0008:59945867|59950478,scaffold0008,59945867,59950478,4611,-,CIRIquant,circRNA,0.7065,NA,exon,54,0,1,ENSMPIG00008058122243
scaffold0015:15944707|15950567,scaffold0015,15944707,15950567,5860,+,CIRIquant,circRNA,0.7065,NA,exon,54,1,0.991,ENSMPIG00015026112243
scaffold0021:23389385|23394908,scaffold0021,23389385,23394908,5523,-,CIRIquant,circRNA,0.7065,NA,exon,54,58,0.651,ENSMPIG00021061924243
scaffold0023:25026214|25026696,scaffold0023,25026214,25026696,482,+,CIRIquant,circRNA,0.7065,NA,exon,54,7,0.939,ENSMPIG00023040624241
scaffold0030:11647099|11649380,scaffold0030,11647099,11649380,2281,-,CIRIquant,circRNA,0.7065,NA,exon,54,28,0.794,ENSMPIG00030017024241
scaffold0031:1508653|1508930,scaffold0031,1508653,1508930,277,-,CIRIquant,circRNA,0.7065,NA,exon,54,12,0.9,ENSMPIG00031003224241
scaffold0001:161799928|161804345,scaffold0001,161799928,161804345,4417,+,CIRIquant,circRNA,0.6934,NA,exon,53,46,0.697,ENSMPIG00001128224241
scaffold0001:51337201|51338748,scaffold0001,51337201,51338748,1547,+,CIRIquant,circRNA,0.6934,NA,exon,53,0,1,ENSMPIG00001020824241
scaffold0004:57543127|57544085,scaffold0004,57543127,57544085,958,-,CIRIquant,circRNA,0.6934,NA,exon,53,7,0.938,ENSMPIG00004057523243
scaffold0006:82964325|82967136,scaffold0006,82964325,82967136,2811,-,CIRIquant,circRNA,0.6934,NA,exon,53,11,0.906,ENSMPIG00006056022243
scaffold0012:21943099|21943413,scaffold0012,21943099,21943413,314,-,CIRIquant,circRNA,0.6934,NA,exon,53,2,0.981,ENSMPIG00012018623243
scaffold0013:65634724|65642177,scaffold0013,65634724,65642177,7453,-,CIRIquant,circRNA,0.6934,NA,exon,53,0,1,"ENSMPIG00013052915243,ENSMPIG00013053000244,ENSMPIG00013052800244"
scaffold0017:3056431|3065765,scaffold0017,3056431,3065765,9334,+,CIRIquant,circRNA,0.6934,NA,exon,53,173,0.38,ENSMPIG00017002824241
scaffold0017:52641597|52642397,scaffold0017,52641597,52642397,800,+,CIRIquant,circRNA,0.6934,NA,exon,53,149,0.416,ENSMPIG00017089722243
scaffold0023:24999456|25008640,scaffold0023,24999456,25008640,9184,+,CIRIquant,circRNA,0.6934,NA,exon,53,20,0.841,ENSMPIG00023040624241
scaffold0046:2181633|2188919,scaffold0046,2181633,2188919,7286,-,CIRIquant,circRNA,0.6934,NA,exon,53,13,0.891,ENSMPIG00046004524241
scaffold0003:99375939|99376649,scaffold0003,99375939,99376649,710,+,CIRIquant,circRNA,0.6803,NA,exon,52,23,0.819,ENSMPIG00003069318243
scaffold0007:12925125|12926020,scaffold0007,12925125,12926020,895,-,CIRIquant,circRNA,0.6803,NA,exon,52,6,0.945,ENSMPIG00007028624241
scaffold0007:23745748|23750095,scaffold0007,23745748,23750095,4347,-,CIRIquant,circRNA,0.6803,NA,exon,52,13,0.889,"ENSMPIG00007038617243,ENSMPIG00007038500244"
scaffold0008:34460370|34462165,scaffold0008,34460370,34462165,1795,-,CIRIquant,circRNA,0.6803,NA,exon,52,62,0.627,ENSMPIG00008039624241
scaffold0011:53138384|53138882,scaffold0011,53138384,53138882,498,+,CIRIquant,circRNA,0.6803,NA,exon,52,38,0.732,ENSMPIG00011046623243
scaffold0016:14773294|14791504,scaffold0016,14773294,14791504,18210,-,CIRIquant,circRNA,0.6803,NA,exon,52,0,1,ENSMPIG00016017424241
scaffold0016:1658437|1659087,scaffold0016,1658437,1659087,650,-,CIRIquant,circRNA,0.6803,NA,exon,52,5,0.954,ENSMPIG00016002223243
scaffold0022:1022128|1025857,scaffold0022,1022128,1025857,3729,-,CIRIquant,circRNA,0.6803,NA,exon,52,0,1,ENSMPIG00022001123243
scaffold0025:22697484|22698635,scaffold0025,22697484,22698635,1151,-,CIRIquant,circRNA,0.6803,NA,exon,52,9,0.92,ENSMPIG00025018118243
scaffold0001:18349451|18359604,scaffold0001,18349451,18359604,10153,+,CIRIquant,circRNA,0.6672,NA,exon,51,18,0.85,ENSMPIG00001006524241
scaffold0003:34918482|34944456,scaffold0003,34918482,34944456,25974,+,CIRIquant,circRNA,0.6672,NA,exon,51,16,0.864,"ENSMPIG00003020500244,ENSMPIG00003020712243,ENSMPIG00003020604243"
scaffold0003:3532426|3540257,scaffold0003,3532426,3540257,7831,-,CIRIquant,circRNA,0.6672,NA,exon,51,32,0.761,ENSMPIG00003003424241
scaffold0003:67582962|67584961,scaffold0003,67582962,67584961,1999,-,CIRIquant,circRNA,0.6672,NA,exon,51,70,0.593,ENSMPIG00003038624241
scaffold0008:20336020|20348840,scaffold0008,20336020,20348840,12820,+,CIRIquant,circRNA,0.6672,NA,exon,51,0,1,ENSMPIG00008022424241
scaffold0008:9183483|9192701,scaffold0008,9183483,9192701,9218,+,CIRIquant,circRNA,0.6672,NA,exon,51,51,0.667,ENSMPIG00008011919243
scaffold0009:59281989|59282352,scaffold0009,59281989,59282352,363,+,CIRIquant,circRNA,0.6672,NA,exon,51,4,0.962,ENSMPIG00009042022243
scaffold0018:39197715|39199028,scaffold0018,39197715,39199028,1313,+,CIRIquant,circRNA,0.6672,NA,exon,51,4,0.962,ENSMPIG00018024324243
scaffold0019:36846179|36846965,scaffold0019,36846179,36846965,786,-,CIRIquant,circRNA,0.6672,NA,exon,51,10,0.911,ENSMPIG00019065222243
scaffold0022:2765637|2789603,scaffold0022,2765637,2789603,23966,-,CIRIquant,circRNA,0.6672,NA,exon,51,0,1,ENSMPIG00022007624241
scaffold0027:3517979|3523833,scaffold0027,3517979,3523833,5854,-,CIRIquant,circRNA,0.6672,NA,exon,51,14,0.879,ENSMPIG00027008624241
scaffold0002:48945760|48950233,scaffold0002,48945760,48950233,4473,+,CIRIquant,circRNA,0.6541,NA,exon,50,0,1,ENSMPIG00002037824241
scaffold0003:112616320|112647810,scaffold0003,112616320,112647810,31490,-,CIRIquant,circRNA,0.6541,NA,exon,50,20,0.833,ENSMPIG00003102823233
scaffold0006:23980208|23984216,scaffold0006,23980208,23984216,4008,+,CIRIquant,circRNA,0.6541,NA,exon,50,7,0.935,ENSMPIG00006016623243
scaffold0008:51750994|51785839,scaffold0008,51750994,51785839,34845,+,CIRIquant,circRNA,0.6541,NA,exon,50,61,0.621,ENSMPIG00008052322243
scaffold0011:11624187|11624935,scaffold0011,11624187,11624935,748,-,CIRIquant,circRNA,0.6541,NA,exon,50,25,0.8,ENSMPIG00011012224241
scaffold0015:13669618|13674857,scaffold0015,13669618,13674857,5239,-,CIRIquant,circRNA,0.6541,NA,exon,50,73,0.578,ENSMPIG00015025524241
scaffold0027:1473495|1475434,scaffold0027,1473495,1475434,1939,-,CIRIquant,circRNA,0.6541,NA,exon,50,0,1,ENSMPIG00027004414243
scaffold0031:1498986|1500172,scaffold0031,1498986,1500172,1186,-,CIRIquant,circRNA,0.6541,NA,exon,50,8,0.926,ENSMPIG00031003224241
