"gene_id","circ_id","gene_name"
"ENSMPIG00001000700244","scaffold0001:697840|704141","novel_gene_2246_627a1eab"
"ENSMPIG00001014100244","scaffold0001:42303657|42310430","novel_gene_2384_627a1eab"
"ENSMPIG00001014100244","scaffold0001:42303657|42328921","novel_gene_2384_627a1eab"
"ENSMPIG00001014100244","scaffold0001:42124302|42130785","novel_gene_2384_627a1eab"
"ENSMPIG00001014100244","scaffold0001:42296697|42328921","novel_gene_2384_627a1eab"
"ENSMPIG00001014100244","scaffold0001:42296697|42314870","novel_gene_2384_627a1eab"
"ENSMPIG00001014100244","scaffold0001:42203863|42219201","novel_gene_2384_627a1eab"
"ENSMPIG00001022900244","scaffold0001:55609859|55629274","novel_gene_2280_627a1eab"
"ENSMPIG00001022900244","scaffold0001:55809198|55812481","novel_gene_2280_627a1eab"
"ENSMPIG00001023600244","scaffold0001:56826478|56832903","evm.TU.scaffold0001.273"
"ENSMPIG00001025100244","scaffold0001:59465041|59469120","novel_gene_2283_627a1eab"
"ENSMPIG00001025100244","scaffold0001:59465041|59476372","novel_gene_2283_627a1eab"
"ENSMPIG00001025100244","scaffold0001:59708400|59732866","novel_gene_2283_627a1eab"
"ENSMPIG00001025100244","scaffold0001:59577124|59578052","novel_gene_2283_627a1eab"
"ENSMPIG00001025100244","scaffold0001:59708400|59716191","novel_gene_2283_627a1eab"
"ENSMPIG00001042100244","scaffold0001:79236537|79238450","novel_gene_499_62831269"
"ENSMPIG00001043000244","scaffold0001:80976640|80977465","novel_gene_2398_627a1eab"
"ENSMPIG00001043000244","scaffold0001:80749424|80771039","novel_gene_2398_627a1eab"
"ENSMPIG00001043000244","scaffold0001:80810238|80813725","novel_gene_2398_627a1eab"
"ENSMPIG00001048900234","scaffold0001:86890012|86895971","evm.TU.scaffold0001.553"
"ENSMPIG00001054300244","scaffold0001:100759284|100759686","novel_gene_2402_627a1eab"
"ENSMPIG00001088300244","scaffold0001:124169788|124180275","novel_gene_2420_627a1eab"
"ENSMPIG00001096400244","scaffold0001:127975613|127991019","novel_gene_530_62831269"
"ENSMPIG00001096400244","scaffold0001:127975613|127977748","novel_gene_530_62831269"
"ENSMPIG00001103002243","scaffold0001:139230664|139232049","novel_gene_2345_627a1eab"
"ENSMPIG00001103002243","scaffold0001:139016258|139026238","novel_gene_2345_627a1eab"
"ENSMPIG00001103002243","scaffold0001:138974187|138974965","novel_gene_2345_627a1eab"
"ENSMPIG00002008400244","scaffold0002:6041971|6049058","novel_gene_26_62831269"
"ENSMPIG00002008400244","scaffold0002:5786571|5800822","novel_gene_26_62831269"
"ENSMPIG00002024400244","scaffold0002:30272099|30272437","novel_gene_60_62831269"
"ENSMPIG00002061600244","scaffold0002:79648674|79652293","novel_gene_310_627a1eab"
"ENSMPIG00002068000244","scaffold0002:95976970|95981681","novel_gene_476_62831269"
"ENSMPIG00002068000244","scaffold0002:95736788|95737115","novel_gene_476_62831269"
"ENSMPIG00002069900244","scaffold0002:101743909|101762385","novel_gene_134_62831269"
"ENSMPIG00003020500244","scaffold0003:34918482|34944456","novel_gene_140_627a1eab"
"ENSMPIG00003032500234","scaffold0003:53153388|53155613","evm.TU.scaffold0003.416"
"ENSMPIG00003051600244","scaffold0003:80977768|80979618","evm.TU.scaffold0003.642"
"ENSMPIG00003057201243","scaffold0003:84836920|84837133","novel_gene_135_62831269"
"ENSMPIG00003062800244","scaffold0003:92537513|92555422","novel_gene_263_62831269"
"ENSMPIG00003062800244","scaffold0003:92333815|92376444","novel_gene_263_62831269"
"ENSMPIG00003062800244","scaffold0003:92549743|92555422","novel_gene_263_62831269"
"ENSMPIG00003062800244","scaffold0003:92495876|92498691","novel_gene_263_62831269"
"ENSMPIG00003062800244","scaffold0003:92537513|92544061","novel_gene_263_62831269"
"ENSMPIG00003097400244","scaffold0003:108782440|108812685","novel_gene_916_627a1eab"
"ENSMPIG00003097400244","scaffold0003:108684559|108697786","novel_gene_916_627a1eab"
"ENSMPIG00003097400244","scaffold0003:108684559|108692448","novel_gene_916_627a1eab"
"ENSMPIG00003097400244","scaffold0003:108730605|108743184","novel_gene_916_627a1eab"
"ENSMPIG00003097400244","scaffold0003:108736573|108743184","novel_gene_916_627a1eab"
"ENSMPIG00003097400244","scaffold0003:108782440|108783299","novel_gene_916_627a1eab"
"ENSMPIG00004001100244","scaffold0004:2950168|2975521","novel_gene_570_627a1eab"
"ENSMPIG00004001100244","scaffold0004:2117777|2139336","novel_gene_570_627a1eab"
"ENSMPIG00004001100244","scaffold0004:3087555|3087798","novel_gene_570_627a1eab"
"ENSMPIG00004012021233","scaffold0004:19987647|19988005","AKAP6"
"ENSMPIG00004051124241","scaffold0004:48853608|48853940","LYSMD2"
"ENSMPIG00004054900244","scaffold0004:53306607|53316386","novel_gene_708_627a1eab"
"ENSMPIG00004054900244","scaffold0004:53314319|53316386","novel_gene_708_627a1eab"
"ENSMPIG00004079500244","scaffold0004:78230475|78236500","novel_gene_268_62831269"
"ENSMPIG00004090201233","scaffold0004:88640375|88660723","evm.TU.scaffold0004.968"
"ENSMPIG00004090201233","scaffold0004:88529005|88538971","evm.TU.scaffold0004.968"
"ENSMPIG00005003000234","scaffold0005:1725841|1738186","novel_gene_23_627a1eab"
"ENSMPIG00005003000234","scaffold0005:1735731|1738186","novel_gene_23_627a1eab"
"ENSMPIG00005011000244","scaffold0005:7072539|7074576","novel_gene_645_627a1eab"
"ENSMPIG00005011000244","scaffold0005:7066327|7074576","novel_gene_645_627a1eab"
"ENSMPIG00005011000244","scaffold0005:7090648|7096356","novel_gene_645_627a1eab"
"ENSMPIG00005025400244","scaffold0005:26751813|26770370","novel_gene_234_62831269"
"ENSMPIG00005025400244","scaffold0005:26767145|26774020","novel_gene_234_62831269"
"ENSMPIG00005137500244","scaffold0005:99748511|99751242","novel_gene_1042_627a1eab"
"ENSMPIG00006023100244","scaffold0006:31805530|31805780","evm.TU.scaffold0006.272"
"ENSMPIG00006041201243","scaffold0006:56825500|56830353","evm.TU.scaffold0006.472"
"ENSMPIG00006050900244","scaffold0006:71520086|71534120","novel_gene_402_62831269"
"ENSMPIG00006050900244","scaffold0006:71520086|71538195","novel_gene_402_62831269"
"ENSMPIG00006055100244","scaffold0006:81083213|81090175","novel_gene_1658_627a1eab"
"ENSMPIG00006061609243","scaffold0006:91848853|91864176","ETL4"
"ENSMPIG00006061609243","scaffold0006:92149109|92149393","ETL4"
"ENSMPIG00007038500244","scaffold0007:23745748|23750095","evm.TU.scaffold0007.437"
"ENSMPIG00007062000244","scaffold0007:67160605|67172637","novel_gene_457_62831269"
"ENSMPIG00007062000244","scaffold0007:67085373|67094561","novel_gene_457_62831269"
"ENSMPIG00007062000244","scaffold0007:67077453|67094561","novel_gene_457_62831269"
"ENSMPIG00007062000244","scaffold0007:67469151|67474670","novel_gene_457_62831269"
"ENSMPIG00007062000244","scaffold0007:67368959|67370733","novel_gene_457_62831269"
"ENSMPIG00007080300234","scaffold0007:88817667|88819956","novel_gene_465_62831269"
"ENSMPIG00007080300234","scaffold0007:88846523|88847333","novel_gene_465_62831269"
"ENSMPIG00007082100244","scaffold0007:91656590|91656785","novel_gene_158_62831269"
"ENSMPIG00007082100244","scaffold0007:91888372|91902099","novel_gene_158_62831269"
"ENSMPIG00007082100244","scaffold0007:91865746|91888462","novel_gene_158_62831269"
"ENSMPIG00007082100244","scaffold0007:91726271|91742312","novel_gene_158_62831269"
"ENSMPIG00007082100244","scaffold0007:91865746|91902099","novel_gene_158_62831269"
"ENSMPIG00007082100244","scaffold0007:91656590|91726421","novel_gene_158_62831269"
"ENSMPIG00007082100244","scaffold0007:91656590|91742312","novel_gene_158_62831269"
"ENSMPIG00007082100244","scaffold0007:91865746|91865990","novel_gene_158_62831269"
"ENSMPIG00007085200244","scaffold0007:93962223|93965241","novel_gene_468_62831269"
"ENSMPIG00008018300244","scaffold0008:14493459|14504149","novel_gene_453_62831269"
"ENSMPIG00008018300244","scaffold0008:14456160|14471315","novel_gene_453_62831269"
"ENSMPIG00008044400244","scaffold0008:37589277|37603673","novel_gene_433_62831269"
"ENSMPIG00008074500244","scaffold0008:78465786|78466437","novel_gene_489_62831269"
"ENSMPIG00008077200244","scaffold0008:81658946|81661084","novel_gene_444_62831269"
"ENSMPIG00009008500244","scaffold0009:9180531|9191294","novel_gene_226_62831269"
"ENSMPIG00009010000244","scaffold0009:10495939|10498773","novel_gene_271_62831269"
"ENSMPIG00009010200244","scaffold0009:11214201|11219124","novel_gene_272_62831269"
"ENSMPIG00009011900244","scaffold0009:13524897|13543474","novel_gene_228_62831269"
"ENSMPIG00009011900244","scaffold0009:13534084|13543474","novel_gene_228_62831269"
"ENSMPIG00009017423233","scaffold0009:22152575|22153103","AL590764.2"
"ENSMPIG00009019800244","scaffold0009:23754161|23757454","novel_gene_931_627a1eab"
"ENSMPIG00009019800244","scaffold0009:23791646|23799109","novel_gene_931_627a1eab"
"ENSMPIG00009020000244","scaffold0009:24175062|24176252","evm.TU.scaffold0009.205"
"ENSMPIG00009020000244","scaffold0009:24246380|24247890","evm.TU.scaffold0009.205"
"ENSMPIG00010002600244","scaffold0010:4369613|4406851","novel_gene_13_627a1eab"
"ENSMPIG00010002600244","scaffold0010:3982498|3983852","novel_gene_13_627a1eab"
"ENSMPIG00010007808243","scaffold0010:12530032|12535944","GBP4"
"ENSMPIG00010007808243","scaffold0010:12767198|12767723","GBP4"
"ENSMPIG00010007808243","scaffold0010:12723552|12724399","GBP4"
"ENSMPIG00010007808243","scaffold0010:12756880|12760514","GBP4"
"ENSMPIG00010083600244","scaffold0010:75588047|75588516","evm.TU.scaffold0010.931"
"ENSMPIG00010083600244","scaffold0010:75635582|75729302","evm.TU.scaffold0010.931"
"ENSMPIG00010083600244","scaffold0010:75635582|75692986","evm.TU.scaffold0010.931"
"ENSMPIG00010083600244","scaffold0010:75692881|75729302","evm.TU.scaffold0010.931"
"ENSMPIG00010083600244","scaffold0010:75678217|75692986","evm.TU.scaffold0010.931"
"ENSMPIG00010083600244","scaffold0010:75678217|75729302","evm.TU.scaffold0010.931"
"ENSMPIG00010084500244","scaffold0010:76197195|76198500","novel_gene_279_62831269"
"ENSMPIG00010084500244","scaffold0010:76202960|76207205","novel_gene_279_62831269"
"ENSMPIG00010084500244","scaffold0010:76202960|76205093","novel_gene_279_62831269"
"ENSMPIG00010084500244","scaffold0010:76812103|76817250","novel_gene_279_62831269"
"ENSMPIG00011005921243","scaffold0011:5124315|5141709","ELMO1"
"ENSMPIG00011005921243","scaffold0011:5059168|5081106","ELMO1"
"ENSMPIG00011005921243","scaffold0011:5185702|5204580","ELMO1"
"ENSMPIG00011007500244","scaffold0011:7042179|7053035","novel_gene_1844_627a1eab"
"ENSMPIG00011009900224","scaffold0011:9688940|9733625","evm.TU.scaffold0011.127"
"ENSMPIG00011059200244","scaffold0011:67603031|67607736","novel_gene_429_62831269"
"ENSMPIG00011059200244","scaffold0011:67720308|67757594","novel_gene_429_62831269"
"ENSMPIG00011059200244","scaffold0011:67603031|67608503","novel_gene_429_62831269"
"ENSMPIG00011061100244","scaffold0011:71012912|71015364","novel_gene_1976_627a1eab"
"ENSMPIG00011068102243","scaffold0011:77286333|77296704","novel_gene_1984_627a1eab"
"ENSMPIG00011068102243","scaffold0011:77316518|77324170","novel_gene_1984_627a1eab"
"ENSMPIG00011068102243","scaffold0011:77316518|77351647","novel_gene_1984_627a1eab"
"ENSMPIG00012004000244","scaffold0012:6683579|6687058","novel_gene_371_62831269"
"ENSMPIG00012011000244","scaffold0012:12635430|12636577","novel_gene_41_62831269"
"ENSMPIG00012016623243","scaffold0012:21376673|21390713","TNS1"
"ENSMPIG00012028000244","scaffold0012:31228659|31231256","novel_gene_228_627a1eab"
"ENSMPIG00012028000244","scaffold0012:31361704|31361938","novel_gene_228_627a1eab"
"ENSMPIG00012028000244","scaffold0012:31160888|31161955","novel_gene_228_627a1eab"
"ENSMPIG00012033400244","scaffold0012:35400163|35400390","evm.TU.scaffold0012.390"
"ENSMPIG00012053600244","scaffold0012:60626921|60632811","novel_gene_1883_627a1eab"
"ENSMPIG00012056500244","scaffold0012:68672490|68674278","novel_gene_1893_627a1eab"
"ENSMPIG00012056500244","scaffold0012:68892223|68925330","novel_gene_1893_627a1eab"
"ENSMPIG00012058000244","scaffold0012:74063313|74067279","novel_gene_1898_627a1eab"
"ENSMPIG00013020700244","scaffold0013:35648323|35652123","novel_gene_181_62831269"
"ENSMPIG00013042000244","scaffold0013:55485194|55485890","novel_gene_189_62831269"
"ENSMPIG00013042000244","scaffold0013:55617350|55619739","novel_gene_189_62831269"
"ENSMPIG00013052800244","scaffold0013:65634724|65668998","novel_gene_106_62831269"
"ENSMPIG00013052800244","scaffold0013:65634724|65642177","novel_gene_106_62831269"
"ENSMPIG00015034000244","scaffold0015:28519210|28543592","novel_gene_1578_627a1eab"
"ENSMPIG00015034000244","scaffold0015:28510123|28519375","novel_gene_1578_627a1eab"
"ENSMPIG00015034000244","scaffold0015:28375476|28396408","novel_gene_1578_627a1eab"
"ENSMPIG00015034000244","scaffold0015:28533720|28543592","novel_gene_1578_627a1eab"
"ENSMPIG00015034000244","scaffold0015:28510123|28543592","novel_gene_1578_627a1eab"
"ENSMPIG00016018300244","scaffold0016:15425005|15425276","novel_gene_1657_627a1eab"
"ENSMPIG00016023300234","scaffold0016:22143168|22144730","novel_gene_70_62831269"
"ENSMPIG00016023300234","scaffold0016:22235984|22250764","novel_gene_70_62831269"
"ENSMPIG00016032200244","scaffold0016:35758668|35795536","novel_gene_1700_627a1eab"
"ENSMPIG00016032200244","scaffold0016:35653249|35656375","novel_gene_1700_627a1eab"
"ENSMPIG00016032200244","scaffold0016:35811585|35817430","novel_gene_1700_627a1eab"
"ENSMPIG00016032200244","scaffold0016:35555237|35555641","novel_gene_1700_627a1eab"
"ENSMPIG00016039900244","scaffold0016:42954923|42968789","novel_gene_262_627a1eab"
"ENSMPIG00018010200244","scaffold0018:16079890|16082672","evm.TU.scaffold0018.148"
"ENSMPIG00018010200244","scaffold0018:16148342|16156530","evm.TU.scaffold0018.148"
"ENSMPIG00018010200244","scaffold0018:16148342|16150783","evm.TU.scaffold0018.148"
"ENSMPIG00018023300244","scaffold0018:38000827|38022993","novel_gene_160_627a1eab"
"ENSMPIG00018023900244","scaffold0018:38844009|38894113","novel_gene_164_627a1eab"
"ENSMPIG00018026500244","scaffold0018:41484844|41485047","novel_gene_175_627a1eab"
"ENSMPIG00018026500244","scaffold0018:41797289|41798363","novel_gene_175_627a1eab"
"ENSMPIG00019029100244","scaffold0019:19935574|19964333","evm.TU.scaffold0019.339"
"ENSMPIG00019034700244","scaffold0019:25654955|25676918","novel_gene_594_627a1eab"
"ENSMPIG00019034700244","scaffold0019:25736411|25737743","novel_gene_594_627a1eab"
"ENSMPIG00019034700244","scaffold0019:25563805|25655069","novel_gene_594_627a1eab"
"ENSMPIG00019075315243","scaffold0019:42489724|42490357","SLC17A4"
"ENSMPIG00020027000244","scaffold0020:39436702|39483158","novel_gene_304_62831269"
"ENSMPIG00020027000244","scaffold0020:39419153|39436781","novel_gene_304_62831269"
"ENSMPIG00021052500244","scaffold0021:17413519|17415146","evm.TU.scaffold0021.609"
"ENSMPIG00022013800244","scaffold0022:7463353|7463572","novel_gene_314_62831269"
"ENSMPIG00023035400244","scaffold0023:23201718|23202226","novel_gene_506_627a1eab"
"ENSMPIG00023035400244","scaffold0023:23442424|23442703","novel_gene_506_627a1eab"
"ENSMPIG00024000100244","scaffold0024:184020|184551","novel_gene_197_62831269"
"ENSMPIG00024019900244","scaffold0024:21000642|21002160","novel_gene_114_627a1eab"
"ENSMPIG00027020200244","scaffold0027:13964683|13970136","novel_gene_843_627a1eab"
"ENSMPIG00027020200244","scaffold0027:13964683|13983117","novel_gene_843_627a1eab"
"ENSMPIG00028006800244","scaffold0028:12896622|12908373","novel_gene_270_627a1eab"
"ENSMPIG00028006800244","scaffold0028:13178838|13179749","novel_gene_270_627a1eab"
"ENSMPIG00028006800244","scaffold0028:13093107|13098053","novel_gene_270_627a1eab"
"ENSMPIG00028006800244","scaffold0028:12958424|12959954","novel_gene_270_627a1eab"
"ENSMPIG00028006800244","scaffold0028:12896622|12921505","novel_gene_270_627a1eab"
"ENSMPIG00039001500244","scaffold0039:3001235|3008023","evm.TU.scaffold0039.8"
"ENSMPIG00039001500244","scaffold0039:3007889|3012373","evm.TU.scaffold0039.8"
"ENSMPIG00041003700244","scaffold0041:2401635|2403538","novel_gene_543_62831269"
"ENSMPIG00048000300244","scaffold0048:438715|440295","novel_gene_548_62831269"
