hsa,mfu,mma,mmu,mpi,rsi,..count..,values
TRUE,TRUE,TRUE,TRUE,TRUE,TRUE,0,
FALSE,TRUE,TRUE,TRUE,TRUE,TRUE,0,
TRUE,FALSE,TRUE,TRUE,TRUE,TRUE,0,
FALSE,FALSE,TRUE,TRUE,TRUE,TRUE,0,
TRUE,TRUE,FALSE,TRUE,TRUE,TRUE,0,
FALSE,TRUE,FALSE,TRUE,TRUE,TRUE,0,
TRUE,FALSE,FALSE,TRUE,TRUE,TRUE,0,
FALSE,FALSE,FALSE,TRUE,TRUE,TRUE,0,
TRUE,TRUE,TRUE,FALSE,TRUE,TRUE,127,KIF1B,MAN1A2,PRDM2,UBAP2L,SPEN,CEP350,EIF4G3,USP48,KDM1A,SDCCAG8,PUM1,ZMYM4,SCMH1,RERE,TGFBR3,DPYD,DOCK1,PARD3,CCDC6,JMJD1C,CCAR1,SFMBT2,USP54,CPEB3,NUP98,PPFIA1,FCHSD2,PICALM,ACACB,RNF10,LRP6,ERC1,DIP2B,WNK1,PCCA,PAN3,VWA8,DNAJC3,CDC42BPB,PPP1R13B,HECTD1,BAZ1A,CHSY1,PCSK6,SLTM,CHD2,CLEC16A,PRKCB,CREBBP,NFATC3,BANP,EZH1,UBE2G1,KANSL1,VPS53,BPTF,AFG3L2,MIB1,OSBPL1A,CTIF,ZCCHC2,PHLPP1,ANKRD12,PPP4R1,LPIN1,SAP130,NCOA1,DTNB,BIRC6,CRIM1,HEATR5B,THADA,USP34,XPO1,REV1,PHF20,CHD6,ARFGEF2,USP25,APP,ITSN1,MTMR3,ATXN10,TMCC1,STAG1,PIK3CB,FNDC3B,SLC4A7,SETD2,SMARCC1,ELF2,ARHGAP10,FBXW7,RAPGEF2,NEK1,HTT,PDS5A,APBB2,TBC1D14,DMXL1,SEC24A,FAM13B,ARHGAP26,NDST1,RICTOR,BDP1,GFM2,UTRN,UBR2,TNFRSF21,RREB1,MDN1,SND1,TNPO3,KMT2C,HIBADH,UBR5,TRPS1,SPIDR,CHD7,PTBP3,DENND1A,NFIB,DENND4C,UBAP2,FAM120A,HUWE1
FALSE,TRUE,TRUE,FALSE,TRUE,TRUE,345,EP300,MYH9,CHD4,AEBP2,ITPR2,PPHLN1,ARID2,LARP4,ATF1,USP15,MON2,TBC1D15,EEA1,SPATA13,NUP58,KATNAL1,ZMYM2,SUPT20H,AXIN1,LMF1,RABGEF1,BAZ1B,ZNF608,EPB41L4A,MAN2A1,FAM172A,IQGAP2,TNPO1,ERBIN,ZSWIM6,TRIO,DROSHA,NIPBL,NUP155,DHX29,NUP210,XRN1,ZBTB11,TOMM70,TBC1D23,GSK3B,OSBPL11,LRCH3,UBXN7,SENP5,DLG1,ACAP2,YEATS2,IFT80,DYRK1A,BRWD1,TIAM1,THAP4,HDAC4,DGKD,GIGYF2,DIS3L2,CUL3,PIKFYVE,RAPH1,NBEAL1,SP3,UBR3,TANC1,ACVR2A,R3HDM1,PTPN4,NSD1,LARP1B,NR3C2,HMBOX1,INTS9,EXTL3,DOT1L,DNM2,NFIX,GATAD2A,CNOT8,RNF145,LMTK2,PMS2,ZDHHC4,HOOK3,LAMP1,ARHGEF7,MYCBP2,TDRD3,SUCLA2,FOCAD,KDM4C,UHRF2,KIAA2026,JAK2,SMARCA2,DOCK8,VPS13A,RNF38,RC3H2,RABGAP1,MAPKAP1,RALGPS1,RAPGEF1,PRRC2B,ABL1,GPR107,EHMT1,MAML2,AMOTL1,RNF169,USP47,PIK3C2A,QSER1,PHF21A,AMBRA1,AFDN,TULP4,ARID1B,MTHFD1L,STXBP5,SHPRH,REPS1,REV3L,ASCC3,ZNF292,SNX14,PHIP,EPS15,PGM1,EVI5,SLC22A23,ERCC6,ZFAND4,KAT6B,P4HA1,ASCC1,HERC4,BTAF1,TM9SF3,ZNF532,DYM,SETBP1,RPRD1A,TRAPPC8,SS18,SMCHD1,EEFSEC,PREX1,ZMYND8,RPRD1B,MID2,CHM,BRWD3,ATP7A,ATRX,PRKDC,DPY19L4,MTDH,VPS13B,CSPP1,PTK2,EIF2AK4,INO80,MGA,UBR1,TUBGCP4,CTDSPL2,SECISBP2L,TRPM7,RNF111,MYO1E,USP3,HERC1,CSNK1G1,TRIP4,ZNF609,CLPX,DENND4A,AAGAB,PIAS1,SYNE2,DCAF5,ZMYND11,SEC24B,MANBA,HERC3,WDFY3,CNOT6L,USO1,ANKRD17,HNRNPUL1,CNOT1,ZFHX3,AP1G1,GLG1,WDR59,CDYL2,ZC3H18,LSM14A,LONP2,PHKB,URI1,SLC30A9,CLOCK,FOXK2,TNRC6C,SMURF2,TEX2,MED13,SPAG9,PIP4K2B,GPATCH8,ANKFY1,ZFX,SH3KBP1,SRBD1,PSME4,REL,VPS54,AFTPH,ALMS1,POLR1A,RMND5A,ANAPC1,AFF3,KANSL3,TMEM131,PHF3,ZNF451,SRPK1,UHRF1BP1,AKAP9,ANKIB1,VPS50,SNX13,KLHL7,BBS9,SUMF1,MAP4,PDCD6IP,CLASP2,UBP1,OSBPL10,TOP2B,SATB1,RBM39,ITCH,PTPRA,ATP9B,NFATC1,BRF1,EVL,ATG2B,RIN3,SPTLC2,PCNX1,KIAA0319L,EPB41,EYA3,ARID1A,CEP85,VPS13D,RPS6KC1,DNM3,GON4L,ASH1L,RPRD2,SNX27,GDAP2,TRIM33,DDHD2,SUCLG2,PBRM1,RAD18,KMT2E,NR2C2,RASA2,PRKD3,NBAS,KLHDC10,MYO9A,SIN3A,CCNY,ARHGAP12,WAC,UPF2,RALGAPA1,INSR,CANX,RNF130,CNOT6,KDM5B,DENND1B,CDC73,AHCTF1,TTC13,MAP3K21,SCARB1,NCOR2,ABCB9,P2RX4,ATXN2,MED13L,MKLN1,EXOC4,EZH2,MAP2K4,SPECC1,AKAP10,ULK2,PRPSAP2,TOP3A,DCAF6,ATF6,ARHGAP32,MED15,MAPK1,SMARCB1,PRPF6,STAU1,KIAA1217,DNAJC1,STRN3,AFF2,WDR1,ADD1,FAM193A,NSD2,ST7L,NAP1L4,PPP6R3,USP28,SIK3,DDX6,CBL,ARHGEF12,FGFR2,FAM53B,ZRANB1,AKAP13,SCAPER,MCTP2,DNAJB6,UBE3C,RBM33,PHF2
TRUE,FALSE,TRUE,FALSE,TRUE,TRUE,7,FGD6,SOS2,TTC39C,TRIP12,BACH1,TMF1,RSBN1L
FALSE,FALSE,TRUE,FALSE,TRUE,TRUE,36,SIPA1L2,GINS1,CELF1,EXT2,BTBD10,PHRF1,ACER2,CNTLN,ZC3H13,UBAC2,SMAD4,VAPA,CIDEA,CEP192,OPA1,RNF13,PIK3CA,TRA2B,COG5,CDK13,FAM135A,PPIL4,SENP6,NSUN7,CSNK1G3,NR3C1,NLN,RPS6KA5,LPL,PPP3CC,KAT6A,NBN,MAPK8,RUFY2,PIK3AP1,LAMP2
TRUE,TRUE,FALSE,FALSE,TRUE,TRUE,66,SMYD3,ZCCHC17,FOXJ3,ARHGAP29,CUL2,TSPAN15,DLG5,ANKRD42,NAA25,SRGAP1,COG3,SUSD6,MAP3K9,CEP128,ADAMTS17,RMDN3,TTBK2,PEAK1,CRAMP1,NFAT5,PLCG2,NCOR1,MYO18A,AATF,STAT3,STX8,MYO5B,SIPA1L3,SAFB2,WDR33,UGGT1,BAZ2B,TLK1,ASXL2,RAB10,PPP1CB,UGP2,TASP1,XRN2,TRPC4AP,RBL1,ATP9A,ZBTB46,RUNX1,BACE2,PCNT,TNRC6B,TBC1D22A,SLC39A8,DCLK2,SCFD2,MTHFD2L,SIL1,RUFY1,POLK,SNX9,CDYL,WDR91,LMBR1,SUN1,DEPTOR,TRAPPC9,DENND3,SUSD1,MVB12B,NTRK2
FALSE,TRUE,FALSE,FALSE,TRUE,TRUE,377,PPP6R2,BTBD11,RIC8B,HCFC2,NEDD1,ETNK1,SOX5,FAR2,SLC2A13,SPATS2,TFCP2,EIF4B,MSRB3,POC1B,ATP2B1,KDM5A,CDK8,ZMYM5,PSPC1,PARP4,XPO6,KIAA0556,PDPK1,TXNDC11,SNX29,NDE1,CCT6A,GTF2I,TRIM4,MCC,PJA2,FBXL17,MEF2C,RASA1,MAST4,SREK1,IPO11,MARCH6,MTMR12,NPR3,PARP8,GK5,ATR,HLTF,SENP7,CBLB,USF3,CD80,TFRC,CCDC50,VPS8,KLHL24,ATP11B,MFN1,NCEH1,TNIK,DHX36,DIP2A,HLCS,TTC3,SYNJ1,HUNK,CCT8,USP16,HDLBP,CREB1,KLF7,BMPR2,HECW2,ACVR1,GTDC1,UBXN4,EPB41L5,CLASP1,ERCC3,RAD50,FNIP1,HSPA4L,JADE1,INPP4B,OTUD4,SLC10A7,FAM160A1,GATB,KLHL2,FNIP2,SH3RF1,PTK2B,ARID3A,SCAMP4,EPS15L1,MYO9B,MAU2,PPP3CA,TNIP1,DOCK2,FBXW11,RNF216,TNRC18,SDK1,RASA3,MCF2L,EFNB2,TPP2,TM9SF2,DOCK9,RNF219,WBP4,AKAP11,FNDC3A,RCBTB1,LCP1,NBEA,RIC1,RFX3,PIP5K1B,NFX1,CLTA,FBXO10,FBXW2,FKBP15,NOTCH1,NUP188,PHYHD1,SPTAN1,ACAT1,TMEM135,EED,PRCP,C2CD3,STIM1,DENND5A,IPO7,PARVA,RRAS2,SLC43A1,CTNND1,SLC22A3,AKAP7,EPB41L2,CDK19,SCML4,ATG5,UFL1,UBE2J1,ZFYVE9,SCP2,TMEM59,ALG6,JAK1,SRSF11,ADGRL2,DDAH1,PKN2,ZNF326,CDKAL1,EIF2AK3,EXOC2,RIPK1,BMPR1A,CSGALNACT2,ZMIZ1,VCL,SLC29A3,PTEN,SORBS1,SLF2,BTRC,ABLIM1,MBD2,YES1,EPB41L3,RPN1,PABPC1L,PPP1R16B,CTNNBL1,ENOX2,SLC25A14,STAG2,DOCK11,WDR44,WWP1,CPQ,ZFPM2,ATAD2,FAM49B,SPRED1,GANC,TMEM62,CASC4,ADAM10,VPS13C,TPM1,PRKCH,ESR2,RAD51B,DIP2C,PAPSS1,TBCK,PPA2,FAM13A,ARHGAP24,ENOPH1,SAE1,PAK4,SLC7A6,UTP4,SNTB2,WWP2,PIEZO1,ANKRD11,SPG7,ADCY7,ZNF423,N4BP1,DHX15,SEL1L3,USP46,CEP135,MOB1B,SLC4A4,ADAMTS3,TBCD,CSNK1D,SEPT9,UNK,CEP112,TLK2,APPBP2,ACACA,TAF15,AP2B1,NCBP3,PRKX,PRKCE,COMMD1,EHBP1,DCTN1,MERTK,MTO1,DST,RUNX2,ZFAND3,FKBP5,ANKS1A,ICA1,TSPAN13,RAPGEF5,CREB5,DOCK4,IKZF1,OGDH,NUDCD3,ITPR1,EDEM1,USP4,ARIH2,ITGA9,TGFBR2,NR1D2,ATP2C1,ISM1,RALGAPA2,KIZ,AKT3,TRAF3,PPP2R5C,VRK1,BTBD7,NRDE2,ZC3H14,GTF2A1,VIPAS39,MAP7D1,AGO3,KPNA6,ACOT7,MTOR,CACNA1E,RALGPS2,RASAL2,RABGAP1L,NUP210L,MAGI3,ARHGEF10,AGPAT5,WWC2,SNX25,GSR,NSD3,SLC25A26,ADAMTS9,SEC13,ATG7,VGLL4,TAMM41,SLC8A1,LTBP1,MEMO1,DNMT3A,ITSN2,LDAH,PUM2,ASAP2,CPED1,ST7,MET,ADPGK,NPTN,EDC3,ZEB1,SNX6,CTNNA1,ARAP3,RNF14,PRDM5,RNPEP,CAMSAP2,NEK7,RAB3GAP2,ENAH,ACBD3,CEP170,EP400,KDM2B,FBXW8,CIT,BICDL1,TRIM24,KDM7A,BRAF,MYH10,SRGAP2,PIK3C2B,RNF115,TMCO1,ETS1,CCDC15,DGCR8,CABIN1,TAF4,NFATC2,MLLT10,RSU1,HEATR5A,EARS2,USP31,TMEM219,SLC9A6,CPEB2,GRK4,CEPT1,SLC44A3,KCNQ1,NADSYN1,PHLDB1,HTRA1,CACUL1,TTC23,IGF1R,SHQ1,B3GALNT2,MTM1,IARS,MFSD14B,TUBGCP5,SPTLC1,SPIN1,ARHGEF9,F8,FAM120C,TGFBRAP1,ERI3,EIF2B3,SORL1,EHMT2,ACBD5
TRUE,FALSE,FALSE,FALSE,TRUE,TRUE,8,PPP2R1B,GCN1,CCDC88C,MAP2K1,RAD51C,VMP1,G3BP2,TTLL11
FALSE,FALSE,FALSE,FALSE,TRUE,TRUE,79,SLC25A30,RB1,CEP83,TSFM,KANSL2,DERA,CXADR,ST6GAL1,SEC22A,TMEM39A,ARHGAP31,NAA50,ST3GAL6,IMPG2,NSUN3,ZNF654,PLSCR4,DTNBP1,SUPT16H,HNRNPC,PPP2R5E,TRIP11,UBTD2,ZNF330,ARFIP1,ELAVL1,MRPL1,RTN4IP1,PEX7,RNF217,DNAJC5,ACSS1,NSFL1C,ADNP2,ZNF521,HDAC8,KIF13A,TESK2,PLOD1,PGD,SUGCT,VPS41,HBP1,MPP6,ORC2,PBX3,NACC2,LHPP,TET1,SACM1L,ACAD11,DNAH12,ZNF512,SPTBN1,SPRED2,WDR92,MACROD1,JPH1,SEC14L1,SLC4A1,UBTF,GPATCH1,NUP93,FOXRED1,USP30,HINFP,RDX,MRE11,CA5B,TMEM63A,ARIH1,PLEKHA4,SNRPA1,SEC11A,CAMK2D,SNAP47,UXS1,COPS3,LMAN2L
TRUE,TRUE,TRUE,TRUE,FALSE,TRUE,0,
FALSE,TRUE,TRUE,TRUE,FALSE,TRUE,0,
TRUE,FALSE,TRUE,TRUE,FALSE,TRUE,0,
FALSE,FALSE,TRUE,TRUE,FALSE,TRUE,0,
TRUE,TRUE,FALSE,TRUE,FALSE,TRUE,0,
FALSE,TRUE,FALSE,TRUE,FALSE,TRUE,0,
TRUE,FALSE,FALSE,TRUE,FALSE,TRUE,0,
FALSE,FALSE,FALSE,TRUE,FALSE,TRUE,0,
TRUE,TRUE,TRUE,FALSE,FALSE,TRUE,68,GNB1,RNF19B,MACF1,GPBP1L1,DOCK7,USP33,GBF1,ADD3,EIF3A,PITRM1,DNA2,CCSER2,TEAD1,SHANK2,CCDC91,TBC1D30,TECPR2,SCFD1,GPATCH2L,SETD3,CGNL1,IREB2,MGRN1,CHD9,FTO,CFDP1,NPRL3,NPLOC4,WDR7,ZNF236,FARSA,FKBP8,NFIC,MARK4,KDM4B,HNRNPM,LRPPRC,TOP1,SULF2,OSBPL2,SPECC1L,GRAMD1C,PDIA5,NAALADL2,LPP,LRRFIP2,SCAP,RAD54L2,SFMBT1,TET2,SMARCA5,SEC31A,RBM27,FAM114A2,MAPK9,PDZD2,HOMER1,HBS1L,JARID2,MAD1L1,PSD3,RAB11FIP1,ARFGEF1,STK3,TMEM245,TTC39B,UNC13B,CARNMT1
FALSE,TRUE,TRUE,FALSE,FALSE,TRUE,177,ARFGAP3,GNPTAB,UHRF1BP1L,C2CD5,FGD4,GRIP1,OSBPL8,CCDC77,FLT1,IFT88,USP7,CLIP2,ARPC1A,LMNB1,APC,CHD1,AP3B1,NAIP,OCLN,MTRR,ZFR,WDR70,SLC38A9,SLC12A8,ATP13A3,TBL1XR1,TRAPPC10,KANSL1L,CLK1,SF3B1,WDSUB1,GPD2,RAB3GAP1,MGAT5,SLC35F5,SPATA5,ZNF827,LRBA,KIF13B,FZD3,PTBP1,SBNO2,LARP1,RANBP17,ATP11A,DGKH,COG6,GLIS3,ABHD17B,SLC28A3,STX17,ZNF462,STRBP,GOLGA1,SETX,NUP214,CROT,ZW10,DDX10,NARS2,EMSY,SBF2,EIF3M,PDHX,CD44,NUP160,STX3,LATS1,MAP3K5,ARHGAP18,SEC63,RNGTT,IBTK,FAF1,ANKRD13C,HIVEP1,TFAP2A,CCDC138,EXOC6,PLCE1,TBC1D12,FBXW4,SHOC2,ELP2,ESCO1,RPN2,PHF6,ZNF280C,INTS8,OXR1,TBC1D31,ATP6V1H,STAU2,EFR3A,SLC45A4,AQR,BUB1B,SPG11,MYO5C,DPP8,FERMT2,FUT8,GPHN,USP6NL,LARP4B,PDLIM5,SMARCAD1,LIN54,CLPTM1,CDH1,RBL2,ADGRA3,RBPJ,RFC1,SLAIN2,DCUN1D4,FASN,HELZ,DHX40,BCAS3,GGNBP2,SOCS7,ACLY,NF1,TAOK1,ZZEF1,MED14,APLF,GFPT1,AAK1,KCMF1,VWA3B,CD2AP,TNS3,TCAIM,NKTR,GOLGA4,NAPB,CTDP1,GOLGA5,PSEN1,EXTL1,CEP104,PRKCZ,PTPN14,EDEM3,PRRC2C,CSDE1,TRAPPC11,SORBS2,FAT1,TNKS,WRN,DHX57,ATL2,NDFIP1,TCERG1,SFSWAP,PITPNB,MPRIP,COPA,APLP2,ARHGAP21,TNRC6A,EVC2,DBT,PTBP2,KMT5B,NECTIN1,HERC2,TJP1,CEMIP,NFYC,DDR1,PRRC2A,FANCC,MSH3
TRUE,FALSE,TRUE,FALSE,FALSE,TRUE,22,SERINC2,CLNS1A,RASAL1,CPSF6,PNN,ABHD2,CBFB,ARHGAP28,COBLL1,UBXN2A,IFNGR2,ATP13A4,ZDHHC3,SCLT1,AFF4,TAB2,GINM1,SYTL3,ATXN1,TAX1BP1,GRB10,PCMTD1
FALSE,FALSE,TRUE,FALSE,FALSE,TRUE,71,TTLL7,ZZZ3,TM2D1,PIK3R3,YTHDF2,TCEA3,IFFO2,UCK2,LGR6,STK4,DUSP16,PIK3C2G,ARNTL2,NCAPD2,GTF3C3,PELI1,RTN4,ST14,SDHAF2,NUCB2,MED17,KIAA1958,SHB,TTF1,RNF43,MBTD1,B3GLCT,EEF1AKMT1,TBC1D4,EPG5,GREB1L,PBX4,MAP2K2,SH3GL1,CDCP1,ZNF148,MBNL1,TP63,ANO10,SRCAP,USB1,MORC3,PEX1,PNPLA8,FAM221A,CCDC126,NUS1,FAM120B,SLC17A5,ARHGEF38,ACSL1,N4BP2,RAPGEF6,ANKHD1,ADGRV1,ELL2,SAV1,TTLL5,STON2,TC2N,ZFAND6,TATDN1,MTUS1,RAD54B,CTBP2,SEC61A2,CUBN,ANKRD26,ALDH18A1,TMLHE,DMD
TRUE,TRUE,FALSE,FALSE,FALSE,TRUE,52,DISC1,STK40,PTPRF,FGGY,SH3PXD2A,TCF7L2,SVIL,MYOF,KDM2A,RILPL1,WDR20,CYFIP1,GALK2,HAGH,EEF2K,TANGO6,NUP88,SLC9A3R1,TNFRSF11A,PKN1,GYS1,ZC3H6,NCKAP1,TTC7A,NRIP1,BCL2L13,TRIOBP,EIF4G1,RNF168,NEK4,EXOSC9,NAA15,LCORL,CCDC149,FRYL,AFAP1,RAP1GDS1,OTULIN,ANKH,HACE1,GMDS,MBOAT1,ELOVL5,FARS2,UBE3D,SLC25A13,RNF19A,WASHC5,MROH1,RNF20,LPAR1,PHF8
FALSE,TRUE,FALSE,FALSE,FALSE,TRUE,590,SHANK3,SREBF2,FAM83F,RBFOX2,LARGE1,RTCB,PWP1,CRY1,POLR3B,TXNRD1,UTP20,SCYL2,ANKS1B,CDK17,VEZT,FOXJ2,YBX3,LRMP,PPFIBP1,KIF21A,GXYLT1,VDR,SENP1,CCNT1,SLC11A2,ACVR1B,CSAD,PCBP2,NEMP1,PPM1H,XPOT,TBK1,RASSF3,NUP107,CNOT2,ACSS3,TMTC2,TMCC3,CRACR2A,CACNA1C,USP12,LNX2,SLC7A1,MICAL3,ATXN2L,RABEP2,RAB11FIP3,UNKL,RNPS1,ABCA3,KCTD5,PMM2,ZNF713,EIF4H,RASA4B,ZKSCAN1,SLC12A2,FER,GIN1,JMY,SCAMP1,CDK7,EXOC3,NADK2,EGFLAM,LIFR,DAB2,OXCT1,ACAD9,IQSEC1,WWTR1,CD47,BOC,QTRT2,GOLGB1,DIRC2,MYLK,KALRN,ITGB5,LMLN,PIGX,EIF4A2,MCM3AP,PRDM15,PKNOX1,HSF2BP,PWP2,IFNAR2,SON,NDUFA10,SCLY,PSMD1,MFF,ACSL3,NHEJ1,IKZF2,INO80D,ICA1L,ALS2,CASP8,CASP10,CCDC150,OSGEPL1,UBE2E3,CCDC141,ATF2,OLA1,MAP3K20,ITGA6,SLC25A12,PPIG,NCKAP5,ACTR3,MAP3K2,LIMS2,DDX46,PDLIM7,TRIM2,MARCH8,SCARA3,MIER2,POLRMT,MBD3,SPPL2B,FZR1,TJP3,EEF2,PLIN3,UBL5,COLGALT1,ELL,GFRA2,SLC36A1,GALNT10,MRPL22,DUSP1,INTS1,PDGFA,PLAT,CUL4A,CLYBL,UCHL3,PIBF1,MTRF1,EPSTI1,ENOX1,CAB39L,FAM124A,INTS6,STARD13,ACO1,IFT74,CCDC171,FREM1,RCL1,PGM5,PTAR1,FRMD3,SMU1,KIF24,ANP32B,TMEM38B,EPB41L4B,HSDL2,STOM,PSMD5,DAB2IP,SCAI,WDR5,FUBP3,ASS1,FNBP1,CACNA1B,UBAC1,CUL5,AASDHPPT,YAP1,ARHGAP42,SYTL2,TENM4,UVRAG,GDPD5,SPCS2,PPME1,NUMA1,FAM160A2,ZNF143,CTR9,GALNT18,PLEKHA7,GTF2H1,METTL15,FBXO3,TTC17,CD82,TP53I11,ARFGAP2,ACP2,PTPRJ,FADS3,TBP,SFT2D1,IGF2R,SASH1,VTA1,NHSL1,PTPRK,SMPDL3A,CEP85L,RPF2,ARMC2,PDSS2,PREP,CASP8AP2,BCKDHB,OSBPL9,CC2D1B,ZYG11A,PRKAA2,OMA1,NFIA,KANK4,PDE4B,ST6GALNAC3,SSX2IP,MCOLN2,HS2ST1,ADTRP,DSP,SSR1,DUSP22,GHITM,ADK,FAM149B1,KIF1BP,ANK3,SGMS1,PANK1,NT5C2,STN1,ATRNL1,APMAP,PSTPIP2,FHOD3,LAMA1,MTCL1,PIEZO2,IMPA2,PLXNA1,RALGAPB,SRC,EPB41L1,DLGAP4,BCORL1,ZDHHC9,OCRL,SMARCA1,IL13RA1,KLHL13,ALG13,TMEM164,ACSL4,TBC1D8B,KLHL4,MMP16,CPNE3,RALYL,NIPAL2,PABPC1,GRHL2,LRP12,EMC2,SNTB1,NSMAF,YTHDF3,ARMC1,COPS5,PREX2,FBXO32,MTSS1,ASAP1,ZFAT,MROH6,SCRIB,PARP10,FBXL6,THBS1,ZFYVE19,RTF1,ATP8B4,TMOD3,TLN2,CORO2B,MAP4K5,DDHD1,KTN1,PELI2,DHRS7,MNAT1,SLC8A3,PRKCQ,FAM208B,GTPBP4,SGMS2,GSTCD,EIF4E,CCSER1,HSD17B11,ANTXR2,AP2A1,TRPM4,SNRNP70,NUCB1,PRKD2,SMG9,ACTN4,FAM192A,COQ9,CCDC102A,ADGRG1,NAE1,PRMT7,PHLPP2,VAC14,AARS,WWOX,CMIP,ATP2C2,ZFPM1,HPN,SYNE4,NUDT21,ZNF507,PROM1,TBC1D19,STIM2,PGM2,UBE2K,ATP10D,TEC,LNX1,TMEM165,ADGRL3,CENPC,YTHDC1,GRSF1,CCDC57,SIRT7,RPTOR,TMC6,SRP68,RECQL5,NUP85,DDX5,SMARCD2,TANC2,RPS6KB1,BRIP1,STXBP4,PPP1R9B,CALCOCO2,KPNB1,MED24,DNAJC7,DHX8,HDAC5,PLEKHM1,HEATR6,MYO1D,PSMD11,PHF12,NXN,SMYD4,PLD2,CCDC22,JADE3,SLC9A7,POLA1,CNKSR2,RPS6KA3,REPS2,SHROOM2,FOXN2,NRXN1,SFXN5,TET3,STARD7,SNRNP200,CNNM3,INPP4A,MGAT4A,OGFRL1,LRRC1,GCLC,FBXO9,SUPT3H,PTK7,NFYA,TAF11,CDK6,DYNC1I1,ISPD,HNRNPA2B1,SKAP2,ELMO2,ZNF277,PDZRN3,CHL1,DCAF1,GMPPB,RNF123,QRICH1,NBEAL2,FYCO1,LARS2,ABHD5,SNRK,GPD1L,STT3B,UBE2E2,KAT2B,TBC1D5,PCCB,ZNF341,TPX2,ATRN,RNF24,CDS2,PLCB1,SLC24A3,RTTN,ZNF516,MTA1,MARK3,DICER1,ASB2,TMED8,AREL1,LTBP2,AGO1,HDAC1,ARHGEF10L,ALDH4A1,PQLC2,CAPZB,UBE4B,PEX14,MIB2,DTL,ANGEL2,TPR,HMCN1,LAMC1,PAPPA2,PRRX1,PEAR1,CCT3,SEMA4A,ADAM15,KCNN3,PIP5K1A,NOTCH2,VANGL1,HIPK1,MCPH1,TENM3,DCTD,VPS37A,RBPMS,LRIG1,PSMD6,FLNB,ERC2,SLC6A6,PXYLP1,FEZ2,WDR43,PPM1G,TRAPPC12,SNTG2,NRF1,CADPS2,AASS,BMT2,BLVRA,PRPF39,NEO1,ARID3B,CLK3,SNUPN,TSPAN3,ITGB1,MPP7,DHTKD1,MCM10,SEPHS1,MIPOL1,LARS,CAMSAP3,SEC24D,ANK2,ZGRF1,KLHL12,NR5A2,BRINP3,GPATCH2,AIDA,ITPKB,KIF26B,ABCB10,NTPCR,PCNX2,FBRSL1,WDR66,ATP2A2,TMEM116,PTPN11,RBM19,TESC,TAOK3,AP1B1,DGKI,TPK1,CUL1,FGF11,EIF4A1,EPN2,PFKFB2,ATP2B4,NME7,TIPRL,PBX1,ST3GAL4,CDON,SIAE,CRKL,ZNF512B,UCKL1,NELFCD,RAE1,CSTF1,BCAS4,YIPF6,KIF4A,DLG3,OGT,STXBP6,COG7,SCNN1B,POLR3E,SGF29,ATP11C,CC2D2A,KIAA0232,UVSSA,KCND3,ALDH5A1,PIDD1,CARS,PPP1CA,SART1,DPF2,SF1,CADM1,MPZL3,VPS11,ATE1,GRK5,FAM45A,UBE3A,ETFA,NID1,LGALS8,MTR,MTMR1,DKC1,BRCC3,FAAH2,KDM5C,PRKAG2,NCK2,ZSWIM5,MAST2,EFCAB14,ZMPSTE24,DHX16,VARS2,DXO,ERCC6L2,BRD2
TRUE,FALSE,FALSE,FALSE,FALSE,TRUE,30,KCNK2,KHDRBS1,PAPSS2,RAB6A,ALG5,CHP1,RPH3AL,YPEL2,KCTD2,CC2D1A,DHX34,STK39,MTA3,LRP5L,TFG,RELL1,RBM47,WWC1,AK9,SIRT5,MRS2,SYNCRIP,AGAP3,EIF3B,DNAAF5,MTMR9,TNC,BRINP1,B4GALT1,GADD45G
FALSE,FALSE,FALSE,FALSE,FALSE,TRUE,637,RFWD2,WISP1,GRINA,SHARPIN,WDYHV1,MED30,LOC109443351,TRAM1,SULF1,LOC109444759,STK31,VWDE,LOC109446180,LOC109446342,PUM3,AK3,SLC1A1,TJP2,TMEM2,LOC109448260,APTX,LOC109449436,SLCO1C1,FAM60A,PTHLH,FGFR1OP2,UBLCP1,CUNH14orf159,AK7,IL20RB,AMOTL2,JPH2,LOC109457907,ABCD3,LOC109461305,TRNAG-GCC,LOC109433860,ADAT1,CA7,RSPRY1,NOB1,RAP1GAP,CDC42,ZBTB40,ASAP3,E2F2,TMEM57,TMCO4,ZNF407,TXNL4A,SLC25A40,BCL11A,CUNH2orf74,AHSA2,ETAA1,ANXA4,LOC109439164,FRAS1,CCNI,CDKL2,CDK20,XXYLT1,TNK2,MUC4,DAG1,LOC109443473,USP19,PRKAR2A,LOC109443488,PFKFB4,CDC25A,ELP6,LOC109443420,KIF15,AAAS,TRNAM-CAU,LOC109443678,PDLIM1,LOC109443892,ARHGAP19,CUNH10orf76,MFSD13A,ZNF518A,KCNIP3,RNF114,ZNRF2,LOC109444706,DGAT2,ZC3H12A,ASB7,MFGE8,NDUFS1,MAP2,GLDC,TRNAT-AGU,MARCH7,LOC109445155,GRB14,VIPR1,WDR36,TTC37,ARSK,RFESD,SLC30A5,LOC109445591,LOC109445724,TCERG1L,BNIP3,TUBGCP2,PRDM4,TCP11L2,LOC109445811,NR6A1,ZER1,LRRC8A,TOR1A,CACFD1,SARDH,NANS,ERP44,PIGN,KIAA1468,LOC109446196,LOC109446275,STXBP5L,SGCE,LYPLA1,GABPA,YARS,TMEM50B,SETD4,DOPEY2,IGSF3,BCAS2,LRIG2,RAP1A,DRAM2,PSMA5,KIAA1324,PHGDH,HDC,TMOD2,SMAD1,LOC109446949,COQ8A,LOC109447059,C5,NDUFA8,LOC109447280,KIAA1462,MKX,RAB18,YKT6,MYLK3,SUPV3L1,RHOBTB1,SLC16A9,UBE2D1,HNRNPH3,LEKR1,TIPARP,PLCH1,LOC109447544,USP44,ZNF280D,PAPD5,MARCH3,ATP2B2,RGS9,ABCA10,FBXO8,BLK,TRNAI-GAU,GUCY1A3,TGFB3,ZBTB25,SPTB,MPP5,NUMB,ELMSAN1,ZNF410,ALDH6A1,FCF1,PGF,CUNH20orf194,CUNH20orf27,RASSF2,STK35,ACAD10,HVCN1,IFT81,CAMKK2,CUNH12orf49,FKTN,MKL1,MIEF1,SLC25A17,CDC5L,FOXO3,LACE1,QRSL1,AIM1,DNAJC8,SLC9A1,SUPT7L,HADHB,TBC1D16,BAIAP2,DCXR,GPS1,WDR45B,B3GNTL1,AFMID,DNAJB11,EHHADH,DVL3,PARL,KYNU,LRP1B,LOXL1,FST,CUNH9orf72,MOB3B,CAAP1,CLTC,TUBD1,LOC109449783,SPG20,TRPM6,LOC109449927,LOC109449946,SYDE1,HIVEP3,TGDS,CUNH5orf42,ADAMTS12,LOC109450227,AGFG1,MMADHC,TAF1D,MTMR2,MYOM2,CLN8,TM7SF2,SNX15,ATG2A,MEN1,PC,CNOT7,SLC7A2,CUNH1orf27,DACH1,FBXO18,PRPF18,LOC109450747,CUL7,ABCC10,CCND3,ELP4,LOC109450808,MPPED2,TRIM44,CUNH6orf106,CUNH6orf89,UBE2D3,GNPDA1,ZDHHC21,ARHGAP8,FAM118A,SESTD1,HAUS1,SH3BP4,LOC109451475,PRPF3,PPAT,LOC109451803,KLHL3,LOC109451767,UBE2D2,LOC109451797,ABI3,HIBCH,GALNT1,CCDC178,RAB28,LOC109452152,TBC1D32,UNC5C,CUNH18orf8,KPNA5,BCAT2,VRK3,CPT1C,CNOT9,EGF,SH2D4A,RNF170,SMIM19,TMEM255B,ADAM2,MARS,ERBB3,STAT2,ZDHHC13,ZCCHC11,YIPF1,HSPB11,TCEANC2,ACOT11,IFT57,LOC109453333,MCUR1,STMND1,LOC109453385,THOC5,TES,LOC109453539,COQ3,ARNT2,MLYCD,LOC109453760,SPNS2,SHPK,SLC34A2,HMG20B,AP3D1,LOC109453996,ZBTB7A,DAPK3,RNF121,CHRDL2,GSAP,NAPEPLD,FAM185A,CCDC146,GRIN2B,EPS8,LOC109454371,LOC109454353,CTDNEP1,NDEL1,NGLY1,THRB,AZI2,ZCWPW2,SRPK2,RIOK1,LOC109454709,MFSD11,ITGB4,TMPRSS2,IGSF5,WDR4,CUNH10orf11,TRNAS-ACU,PPP3CB,FAM188A,GIPC1,CLCN4,PIGA,TXLNG,AOX1,TYW5,SLC25A33,H6PD,MASP2,CHD5,PCLO,CD36,SEMA3C,TARBP1,WDR72,CRISPLD2,CUNH14orf80,APOPT1,JAG2,AKT1,GET4,ERBB2,CUNHXorf38,SYTL5,LOC109455935,TAF1,LOC109456015,LOC109455999,MED4,LOC109456071,MTMR14,TTLL3,LOC109456302,FBXO4,STX16,PPM1B,RORA,PUS1,ANKLE2,GTF2H3,TCTN2,MYRFL,LOC109456619,ZNF800,LOC109456670,LOC109456696,LOC109456769,TIAM2,SMAP1,CMPK1,KIAA0368,TRNAS-GCU,DMTF1,LACC1,LOC109457143,LOC109457202,LOC109457189,LOC109457192,ZNF569,FAM3C,RASEF,KIAA1755,TTI1,PLIN2,FAXDC2,LOC109457488,PPP2CB,MKL2,CPPED1,RHBDL3,TMEM183A,IPO13,ZMYND12,TOM1L1,TMEM266,LOC109457976,PSMD8,LTBP4,CUNH19orf47,UMOD,LOC109458172,FAM179B,COL24A1,TSSC1,ADI1,RNASEH1,PXDN,MPP2,NQO2,BPHL,LOC109458629,CUNH1orf116,HIF3A,SLC12A9,SSFA2,PLEKHA1,CSNK1E,TMC5,LOC109458980,PADI2,ZBTB16,DIDO1,MAMLD1,FBXL7,FREM2,GID4,SLC9A2,LOC109459533,METTL25,NCALD,SLC5A1,USP5,PCDH18,CLN3,LOC109459858,RAB4A,SNRPD2,CCDC61,CBLC,LOC109460015,FAM58A,FLNA,ZNF18,NHS,SGSM1,TPST2,OSBPL5,IGHMBP2,RAB12,YWHAQ,NEBL,CDC42SE2,SLC22A5,LOC109460554,SMURF1,CAPN15,PDZRN4,DISP1,LOC109460723,LOC109460773,LOC109460854,SQRDL,SHF,RABL6,PNPLA7,MBNL2,RUFY3,MINA,ATP6V1E1,CECR5,NT5C3A,UBE3B,KLHL22,RASSF4,GGT1,LOC109433856,LOC109433859,CHEK1,DDX25,TIRAP,GK,MTFR1,ZNF133,C3,HNRNPAB,TGS1,TMEM68,KIAA0907,PCNP,B4GALNT3,RAD52,TNIP2,ZNF8,LOC109434526,SNED1,UBA3,LOC109434636,MAP2K7,TIMM44,CUNH9orf3,AGRN,LOC109434822,PALD1,LOC109435005,WDR27,GALNTL5,LOC109435181,GNAI1,UBE2I,LOC109435409,LOC109435428,KIAA1429,RIMKLB,NECAP1,LOC109435832,TUT1,NUBP1,BTN1A1,LOC109435918,LOC109436018,IRF6,ARSD,KIF16B,LOC109436244,DEAF1,CUNH2orf76,UEVLD,LOC109436424,PTPN5,LAPTM4B,LOC109436444,MTAP,ABHD10,TSC22D3,ALG9,PIH1D2,TRNAK-CUU,LOC109436854,SREBF1,FAM207A,LOC109436875,SLC6A14,LOC109436986,ZNF331,MAP2K3,TNFRSF13B,CRTC3,BLM,PEA15,STX18,LOC109437491,FAM65B,TMEM56,TDP2,LOC109437592,LOC109437622,AIFM1,QPRT,LOC109437852,LOC109437976,LOC109438037,LOC109438074,MDH2,ZNF510,DHRSX,LOC109438156,KDM6A,AMMECR1L,LOC109438269,AMOT,COL4A5,THOC2,EFHC2,ZNF577,LOC109438409,NSMCE1,TMEM55B,KBTBD12,LOC109438671,EXPH5,CUNH16orf72,ACAD8,LOC109438790,LOC109438834,TBCEL,NPHP1,GBAS,RASGEF1A,MBNL3,GDI1,LOC109439034,LOC109439061,LOC109439062,LOC109439079,ABHD12,KLF15,ZXDC,LOC109439311,GCFC2,SH3BP5L
TRUE,TRUE,TRUE,TRUE,TRUE,FALSE,0,
FALSE,TRUE,TRUE,TRUE,TRUE,FALSE,0,
TRUE,FALSE,TRUE,TRUE,TRUE,FALSE,0,
FALSE,FALSE,TRUE,TRUE,TRUE,FALSE,0,
TRUE,TRUE,FALSE,TRUE,TRUE,FALSE,0,
FALSE,TRUE,FALSE,TRUE,TRUE,FALSE,0,
TRUE,FALSE,FALSE,TRUE,TRUE,FALSE,0,
FALSE,FALSE,FALSE,TRUE,TRUE,FALSE,0,
TRUE,TRUE,TRUE,FALSE,TRUE,FALSE,41,PI4KB,HP1BP3,PDCD11,YME1L1,CAPRIN1,ARAP1,RSF1,SWAP70,CLIP1,RAB3IP,ZFYVE26,IQGAP1,ITGAL,RFWD3,GSE1,NMT1,ZNF652,RALBP1,RIF1,PARD3B,AGAP1,FBXO11,ASXL1,CBFA2T2,DOP1B,KREMEN1,GMPS,RSRC1,PHC3,CCDC66,CPLANE1,FCHO2,RANBP9,ESR1,SCAF8,KDM1B,CREB3L2,PDIA4,AUTS2,LYN,AGTPBP1
FALSE,TRUE,TRUE,FALSE,TRUE,FALSE,157,BRD1,DDX17,MICALL1,METAP2,ATF7IP,TM7SF3,DNM1L,NAV3,PLXNC1,ADIPOR2,XPO4,CIITA,BFAR,ABCC1,XYLT1,SMG1,LNPEP,TENT2,FYB1,MTREX,PAK2,INPP5D,USP37,XRCC5,CYP20A1,CARF,SLC39A10,CERS6,RBMS1,PKP4,FMNL2,TRRAP,SETD7,TMEM131L,ETFDH,DNMT1,ERGIC1,SNX8,TUBGCP3,ABCC4,SLAIN1,NAA16,MLLT3,HAUS6,PSIP1,GNAQ,TUT7,ZCCHC7,RAD23B,CNTRL,MRRF,GAPVD1,RXRA,NPAT,CEP295,INTS4,TMEM41B,COPB1,ARHGAP1,CKAP5,MTCH2,DDB1,CPSF7,MAP3K4,CEP57L1,MIGA1,NUP153,GCC2,WAPL,SHLD2,ARID5B,TNKS2,IDE,ARMH3,PIAS2,PIK3C3,VIRMA,RIMS2,TCF12,SAMD4A,WDR37,AFF1,BMP2K,NUP54,ARHGAP35,MBTPS1,UBA2,GRAMD1A,HEATR3,RNF213,PRPSAP1,CDC27,SYNRG,CDK12,SSH2,SMG6,RABEP1,PREPL,PAPOLG,EXOC6B,IMMT,XPO5,TBC1D22B,GLCCI1,FAM126A,OSBPL3,AVL9,IMPDH2,CNOT10,HACL1,CEP250,PANK2,MLH3,INPP5B,CLSTN1,RSC1A1,CD46,KCNH1,DHX9,RC3H1,DAP3,GABPB2,POGZ,ATXN7,SMC6,SEC23A,GEMIN2,TOGARAM1,NEMF,MATR3,MAML1,USP53,CNST,SBNO1,KNTC1,GIT2,EIF4ENIF1,NUP205,UBN2,HIPK2,POU2F1,FLI1,DGCR2,NSUN6,VPS35L,INTS6L,CDC14A,AGL,CARMIL1,UBE4A,FOXP1,ZNF592,CLIC2,SMC1A,TRIT1,PPP1R10,CNOT11
TRUE,FALSE,TRUE,FALSE,TRUE,FALSE,9,SH3GLB1,GDI2,FBXL3,PRMT5,GMIP,PLEKHM3,GOLPH3,KIF2A,NCOA2
FALSE,FALSE,TRUE,FALSE,TRUE,FALSE,39,ATG4C,NUP133,M6PR,BAZ2A,ATP23,FARSB,NAB1,WDPCP,GRAMD1B,EIF4G2,ABR,PDS5B,ZDHHC20,NUFIP1,FECH,USP14,SETD5,DZIP3,TOPBP1,CEP70,ADCY9,GART,ATXN7L1,SYPL1,BCAP29,WASL,RHEB,HIP1,KATNA1,CNKSR3,MANEA,INTU,LMBRD2,TXNDC16,HYKK,FANCI,ARHGAP5,CHST15,GNL3L
TRUE,TRUE,FALSE,FALSE,TRUE,FALSE,55,VAV3,DHRS3,OTUD7B,NUDC,SMAP2,TUT4,FRMD4A,LRMDA,PRDM11,GANAB,MAPKAPK5,LMBR1L,LETMD1,TRAPPC6B,DPF3,ZFYVE1,ATP10A,USP8,TBC1D2B,ARHGAP17,GLYR1,SF3B3,MYO1C,USP22,PPM1D,WIPI1,PGS1,CEP76,PGLS,RNF149,MAP4K4,TANK,RHBDD1,LCLAT1,EML6,DYSF,SEC23B,HDHD5,ZC3H7B,GRAMD4,TRAK1,ARL13B,CFAP97,TBC1D1,PKD2,PRELID2,CWC27,QKI,TRA2A,PPP1R9A,PINX1,DOCK5,TRIM35,HABP4,TRMT2B
FALSE,TRUE,FALSE,FALSE,TRUE,FALSE,557,SBF1,CERK,CELSR1,PPARA,XRCC6,GRAP2,TAB1,GTPBP1,TPTEP2-CSNK1E,EIF3L,WASHC4,SLC41A2,HSP90B1,NUP37,CHPT1,APAF1,TMPO,ELK3,ANO2,IFFO1,FAM234B,BCAT1,DENND5B,AMN1,ADAMTS20,SLC38A2,BIN2,SLC4A8,STAT6,LEMD3,MDM2,RAB21,PPP1R12A,WNT5B,FLT3,MPHOSPH8,LATS2,SKA3,TUBA8,CECR2,SH2B1,LUC7L,TSC2,SRRM2,CLUAP1,CORO7-PAM16,DNAJA3,CARHSP1,PARN,PDXDC1,MARF1,NIPSNAP2,ZCWPW1,NXPE5,CEP120,SNX2,HSD17B4,CCDC112,PGGT1B,ST8SIA4,ERAP1,MCTP1,COL4A3BP,MYO10,ITGA1,MOCS2,NDUFS4,ARL15,DIPK2A,MED12L,ROBO1,CRYBG3,ABI3BP,AC112128.1,ATP6V1A,POGLUT1,KPNA1,HSPBAP1,BDH1,LSG1,AC131160.1,ACTL6A,PRKCI,MECOM,MRPL39,DSCAM,MX1,UBE2G2,IFNAR1,PAXBP1,SCAF4,LTN1,ING5,SEPT2,ATG16L1,CAB39,DOCK10,STK11IP,RPEL1,ABI2,NOP58,TRAK2,FAM126B,ANKRD44,MYO1B,STAT1,MFSD6,ITGAV,NUP35,ITGA4,CIR1,LY75,NMI,ARHGAP15,THSD7B,INSIG2,IWS1,H2AFY,TXNDC15,AC008695.1,RMND5B,KIAA1109,RNF150,SH3D19,NAF1,GALNT7,AC270285.6,ELP3,MUM1,TCF3,SGTA,SAFB,MLLT1,CLPP,VAV1,PPAN-P2RY11,QTRT1,PRKCSH,IL27RA,BRD4,AP1M1,HAUS8,FCHO1,UPF1,MEF2B,ATP13A1,XPO7,KCTD9,DPYSL2,MYO1F,ABLIM3,CCDC69,ADAM19,EBF1,STK10,RSPH10B,RAC1,CARD11,IKBKB,NAXD,STK24,CLDN10,NDFIP2,RNASEH2B,WDFY2,VPS36,THSD1,MRPS31,RUBCNL,MIPEP,RFC3,AL359922.1,MPDZ,APBA1,SMC5,PCSK5,KIF27,CHMP5,DCAF12,GNE,PAX5,NCBP1,INVS,ABCA1,PALM2-AKAP2,SVEP1,SNX30,RAB14,AKNA,ZNF618,RGS3,HSPA5,TBC1D13,ASRGL1,BCO2,ZC3H12C,DYNC2H1,SESN3,CTSC,ME3,GAB4,PAK1,RRM1,ARNTL,SERGEF,FNBP4,RNASET2,PDE10A,PRKN,TCP1,WTAP,ZDHHC14,SYNE1,RMND1,HECA,IFNGR1,TRMT11,DCBLD1,DSE,FYN,PNISR,MAP3K7,HNRNPR,CYB5R4,USP24,HOOK1,DNAJC6,MSH4,FUBP1,LMO4,CDC7,CCDC18,BCAR3,NEDD9,PRPF4B,RGPD4,WDFY4,PARG,NCOA4,ANXA7,CFAP70,SGPL1,PPA1,HK1,FAM13C,MARCH5,HELLS,LCOR,MMS19,TRIM8,TCF4,LIPG,LAMA3,ROCK1,LPIN2,PSMG2,TPRA1,MGLL,CD40,ZNF335,TOX2,SAMHD1,SOGA1,ELF4,BIRC8,SEPT6,SLC25A43,ATG4A,CENPI,SYTL4,RB1CC1,MCM4,PTDSS1,YWHAZ,TOX,NSMCE2,PHF20L1,TEP1,STARD9,PDIA3,LEO1,RFX7,AC090517.4,MTFMT,PSMC6,PPM1A,FNTB,SLC39A9,CELF2,RBM17,FBH1,ENPEP,NFKB1,NUDT9,PPP2R1A,RUVBL2,STRN4,PPP1R37,RELB,CEACAM16,LGALS4,DYNC1LI2,SLC12A4,DUS2,PKD1L3,KARS,MTHFSD,FBXO31,ZCCHC14,ANKRD27,RHPN2,KIAA0355,WDR62,CYLD,DPY19L3,ZNF276,LDB2,SEPSECS,FAM114A1,TXK,SRP72,UBA6,UNC13D,PRKCA,NOL11,USP6,TRIM37,SCPEP1,DGKE,IKZF3,FMNL1,CRLF3,KIAA0100,YWHAE,CRK,PRPF8,KIAA0753,DHX33,GRIPAP1,WDR13,UTY,CASK,BCOR,RBBP7,SYAP1,PRPS2,STS,GYG2,AC013717.1,MSH6,MTIF2,MTHFD2,PTCD3,MRPS5,LMBRD1,MUT,ZNF318,BICRAL,FOXP4,BTBD9,RNF8,STK38,BRPF3,C6orf106,GRM4,HDAC9,CPVL,GARS,BMPER,IL5RA,DOCK3,UBA7,SHISA5,OXSR1,CTDSPL,MLH1,TRANK1,ARPP21,GLB1,DNAJC13,UQCC1,TM9SF4,CSNK2A1,C20orf194,MCM8,TMX4,SNX5,AL139300.1,RCOR1,BCL11B,ATXN3,FOXN3,EML5,SEL1L,TTLL2,DLST,LIN52,BBOF1,PTGR2,HEATR4,LCK,RCC1,SRRM1,OTUD3,ZBTB48,DNAJC11,CAMTA1,PIK3CD,CLCN6,FBXO42,STX6,KLHL20,KIFAP3,SCYL3,VPS45,ARNT,PHTF2,IRF2,TUSC3,LONRF1,FGFR1,ADAM9,SLMAP,FAM208A,RFT1,BRPF1,TATDN2,RAF1,PLXND1,SLC25A36,EML4,MAP4K3,FAM98A,TTC27,YIPF4,RBKS,MBOAT2,STRIP2,MDFIC,UACA,CSK,PTPN9,NRP1,MINDY3,PPP2R3C,2700097O09RIK,CDC23,KDM3B,ANKHD1-EIF4EBP3,AC008878.3,PDE5A,LARP7,PPP1R12B,NAV1,KIF21B,PTPRC,EPRS,BROX,CAPN2,PARP1,SCCPDH,ADSS,EXO1,GALNT2,ATP6V0A2,HIP1R,PSMD9,ALDH2,SLC8B1,ANKRD13A,TCHP,GRK3,TTC28,EWSR1,NF2,SFI1,CNOT4,ZC3HAV1,TTC26,ZNF212,ZNF282,GIMAP8,COX10,AC127537.3,ATPAF2,FLCN,DSTYK,MDM4,AL139011.2,GPR89A,ALDH9A1,DDR2,UAP1,SDHC,FAM118B,PKNOX2,PI4KA,PCMTD2,TCFL5,PSMA7,NPEPL1,SLC9A8,ZNFX1,DDX27,ZDHHC15,PHKA1,NDUFAB1,GGA2,UQCRC2,CCDC189,AC106886.5,TAOK2,ARHGEF6,RNF4,RIPOR2,LSP1,CPT1A,SF3B2,ATL3,BUD13,AP001267.5,IFT46,WDR11,EBF3,INPP5F,RGS10,TRPM1,MTMR10,TARSL2,LRRK1,DET1,UBE2Q2,ADAMTSL3,HDGFL3,MAN2A2,IDH2,ARPIN,POLG,SLCO3A1,TOMM20,HAUS7,MSN,MPP1,FUNDC2,NOM1,GALNT11,MUTYH,IPP,CAP1,RLF,NELFE,CDC14B,TAP1,PYGB,NINL,DCLRE1C,NMT2
TRUE,FALSE,FALSE,FALSE,TRUE,FALSE,8,TPCN1,SPART,CCDC40,CCDC9,EIF2AK2,BCR,RAB5A,PUS7
FALSE,FALSE,FALSE,FALSE,TRUE,FALSE,455,novel_gene_2246_627a1eab,evm.TU.scaffold0001.9,novel_gene_2384_627a1eab,SLC25A15,novel_gene_2280_627a1eab,novel_gene_493_62831269,evm.TU.scaffold0001.273,novel_gene_2283_627a1eab,evm.TU.scaffold0001.293,PROSER1,CCNA1,CENPJ,novel_gene_499_62831269,novel_gene_2398_627a1eab,C12orf4,evm.TU.scaffold0001.553,novel_gene_2402_627a1eab,MBD6,CS,AC023055.1,novel_gene_2420_627a1eab,evm.TU.scaffold0001.967,novel_gene_530_62831269,evm.TU.scaffold0001.1115,novel_gene_2345_627a1eab,evm.TU.scaffold0001.1121,VWF,MIS18A,CRYZL1,ERG,novel_gene_26_62831269,U2AF1L5,RRP1B,POFUT2,novel_gene_60_62831269,ECT2,KLHL6,evm.TU.scaffold0002.441,FBXO45,WDR53,HCLS1,NEPRO,BBX,novel_gene_310_627a1eab,novel_gene_476_62831269,novel_gene_134_62831269,evm.TU.scaffold0002.824,SEPT10,C7,TRAPPC13,novel_gene_140_627a1eab,CCDC125,evm.TU.scaffold0003.416,KIAA0825,SEMA6A,ISOC1,evm.TU.scaffold0003.642,CUTL1,novel_gene_135_62831269,novel_gene_339_627a1eab,CCP110,novel_gene_263_62831269,ALG1,AC004754.1,novel_gene_916_627a1eab,evm.TU.scaffold0003.1169,DCTN5,ACSM3,novel_gene_570_627a1eab,evm.TU.scaffold0004.14,MTPAP,AL121594.1,AKAP6,novel_gene_70_627a1eab,CHD8,EXD1,HAUS2,CCNDBP1,COPS2,FAM227B,LYSMD2,novel_gene_708_627a1eab,MYZAP,AC087632.1,TMX1,FRMD6,ATG14,PSMA3,novel_gene_268_62831269,novel_gene_802_627a1eab,ABCD4,evm.TU.scaffold0004.968,GALC,MRM2,novel_gene_23_627a1eab,novel_gene_8_62831269,RADIL,TECPR1,novel_gene_645_627a1eab,evm.TU.scaffold0005.133,SGCD,DCTN4,novel_gene_234_62831269,NRG2,PRMT9,TMEM154,CNN2,STK11,CSNK1G2,ZNF555,AC011005.1,MYDGF,ATG4D,SPC24,TRMT1,HOOK2,SLC25A42,LRRC8E,novel_gene_1042_627a1eab,ADAMTS2,evm.TU.scaffold0005.1419,UGDH,evm.TU.scaffold0006.272,AASDH,NOA1,STAP1,evm.TU.scaffold0006.372,PPEF2,COQ2,evm.TU.scaffold0006.472,novel_gene_351_62831269,DNAJB14,novel_gene_402_62831269,novel_gene_1658_627a1eab,PLA2G12A,ETL4,novel_gene_1889_627a1eab,RGL2,NUDT3,C6orf89,CLIC5,CENPQ,evm.TU.scaffold0007.437,RARS2,FAXC,ZBTB24,novel_gene_457_62831269,MED23,HSF2,PLEKHG1,novel_gene_465_62831269,novel_gene_158_62831269,evm.TU.scaffold0007.967,novel_gene_468_62831269,PHF10,PTPN1,novel_gene_453_62831269,AL121900.2,DSTN,TMEM230,FKBP1A,TBC1D20,COX4I2,AHCY,EDEM2,novel_gene_433_62831269,ATP8B1,SNRPD1,MPPE1,RAB7A,novel_gene_489_62831269,evm.TU.scaffold0008.855,novel_gene_444_62831269,RMC1,novel_gene_226_62831269,novel_gene_795_627a1eab,novel_gene_904_627a1eab,novel_gene_271_62831269,evm.TU.scaffold0009.108,novel_gene_272_62831269,evm.TU.scaffold0009.109,novel_gene_228_62831269,novel_gene_805_627a1eab,AL590764.2,novel_gene_931_627a1eab,evm.TU.scaffold0009.204,evm.TU.scaffold0009.205,XK,CYBB,CHRDL1,novel_gene_13_627a1eab,novel_gene_3_62831269,GBP4,novel_gene_63_627a1eab,evm.TU.scaffold0010.95,evm.TU.scaffold0010.108,BCL10,MIER1,BTF3L4,EXO5,P3H1,MFSD2A,RBBP4,MAN1C1,CLIC4,MUL1,RBP7,evm.TU.scaffold0010.931,novel_gene_279_62831269,evm.TU.scaffold0010.942,ICMT,evm.TU.scaffold0011.63,EGFR,IFRD1,ELMO1,novel_gene_20_62831269,novel_gene_1844_627a1eab,novel_gene_387_62831269,evm.TU.scaffold0011.127,novel_gene_391_62831269,DLD,PMPCB,ANKMY2,ZNF777,ADCK2,AGBL3,novel_gene_429_62831269,evm.TU.scaffold0011.659,novel_gene_1976_627a1eab,novel_gene_431_62831269,ABCB8,ABCF2,NUB1,novel_gene_1984_627a1eab,novel_gene_432_62831269,GULP1,NEMP2,novel_gene_371_62831269,HSPE1-MOB4,ICOS,novel_gene_41_62831269,evm.TU.scaffold0012.129,ERBB4,IGFBP2,TNS1,novel_gene_379_62831269,ZNF142,evm.TU.scaffold0012.301_evm.TU.scaffold0012.300,novel_gene_228_627a1eab,evm.TU.scaffold0012.324,COPS8,evm.TU.scaffold0012.390,FARP2,DNAJC10,RBM45,CHN1,METTL8,GORASP2,evm.TU.scaffold0012.538,novel_gene_1873_627a1eab,novel_gene_1883_627a1eab,novel_gene_1893_627a1eab,evm.TU.scaffold0012.649,novel_gene_1898_627a1eab,DARS,novel_gene_455_627a1eab,AL358113.1,novel_gene_181_62831269,evm.TU.scaffold0013.243,GOLM1,CD72,GBA2,MSANTD3-TMEFF1,novel_gene_189_62831269,ZFP37,novel_gene_106_62831269,evm.TU.scaffold0013.587,CIZ1,evm.TU.scaffold0013.692,PTPRE,PRDX3,TRUB1,CUTC,PI4K2A,VPS26A,ZNF33B,WASHC2C,RBM10,EXOG,ZNF197,CMTM7,SH3BP5,novel_gene_1578_627a1eab,evm.TU.scaffold0015.386,NMNAT3,IRAK2,PHF7,GLT8D1,ARF4,THOC7,ITGB1BP1,novel_gene_1657_627a1eab,novel_gene_362_62831269,novel_gene_70_62831269,ERLEC1,PUS10,novel_gene_1700_627a1eab,novel_gene_368_62831269,novel_gene_1178_627a1eab,novel_gene_262_627a1eab,RAB11FIP5,evm.TU.scaffold0016.504,EVA1A,NEU3,MS4A1,ZFP91,SLC43A3,API5,TCP11L1,RBM14,EHBP1L1,RMDN1,TERF1,evm.TU.scaffold0018.148,SLCO5A1,evm.TU.scaffold0018.200,UBXN2B,novel_gene_160_627a1eab,novel_gene_65_62831269,novel_gene_164_627a1eab,AC012213.5,novel_gene_175_627a1eab,TP53INP1,SLA,ARHGAP30,SLAMF6,TRAF5,FLVCR1,evm.TU.scaffold0019.339,novel_gene_585_627a1eab,ZBTB37,novel_gene_594_627a1eab,evm.TU.scaffold0019.402,MINDY1,SLC22A15,DDX20,GPSM2,RNPC3,SNX7,RWDD3,SLC17A4,FBXO25,GPM6A,RWDD4,ZDHHC2,evm.TU.scaffold0020.284_evm.TU.scaffold0020.285,novel_gene_304_62831269,evm.TU.scaffold0020.337,ST6GALNAC1,RHBDF2,GRB2,ABCA9,PHB,GHDC,evm.TU.scaffold0021.609,novel_gene_372_62831269,PSMD12,DDX42,RNFT1,TRIM25,RNF135,PIGS,NSRP1,GOSR1,TBCB,ZNF181,PDCD2L,novel_gene_314_62831269,evm.TU.scaffold0022.166,FA2H,DHODH,KIFC3,HERPUD1,C16orf87,OAS2,ANAPC7,RNF34,SLC2A11,SLC37A2,ALKBH2,novel_gene_506_627a1eab,GLT1D1,novel_gene_197_62831269,novel_gene_737_627a1eab,USP2,PAFAH1B2,NKAPD1,SDHD,novel_gene_114_627a1eab,FAM76B,GPR83,SMS,BCLAF3,MOSPD2,HCCS,ARL8A,CSRP1,KCNK1,SLC35F3,GPR137B,TAF1A,IARS2,BPNT1,novel_gene_843_627a1eab,evm.TU.scaffold0027.246,PSEN2,novel_gene_270_627a1eab,PKM,ZNF227,ZNF235,ERCC2,SYMPK,MAMSTR,BCL2L12,ZNF615,PPP1R12C,TMEM150B,evm.TU.scaffold0029.526,TBC1D25,ATP6AP1,ARHGAP4,NSDHL,FAM169B,ZNF710,AC068831.7,RCCD1,SLC28A1,BTBD1,RAC2,SEPT3,SERHL2,TTLL1,SCO1,FBL,TIMM50,evm.TU.scaffold0039.8,SYK,novel_gene_543_62831269,evm.TU.scaffold0044.28,MORF4L1,novel_gene_548_62831269,evm.TU.scaffold0048.2,SLC25A6,CRLF2,PUDP
TRUE,TRUE,TRUE,TRUE,FALSE,FALSE,0,
FALSE,TRUE,TRUE,TRUE,FALSE,FALSE,0,
TRUE,FALSE,TRUE,TRUE,FALSE,FALSE,0,
FALSE,FALSE,TRUE,TRUE,FALSE,FALSE,0,
TRUE,TRUE,FALSE,TRUE,FALSE,FALSE,0,
FALSE,TRUE,FALSE,TRUE,FALSE,FALSE,0,
TRUE,FALSE,FALSE,TRUE,FALSE,FALSE,0,
FALSE,FALSE,FALSE,TRUE,FALSE,FALSE,2717,Cops5,Cspp1,Arfgef1,Relch,Tnfrsf11a,Zcchc2,Phlpp1,Epb41l5,Ccdc93,Gm38301,Mgat5,Ccnt2,Rab3gap1,Zranb3,Ubxn4,Mcm6,Pfkfb2,Gm29427,Eif2d,Srgap2,Ncoa2,Rbbp5,Gm37409,Gm38223,Gm37702,Pik3c2b,Plekha6,Zc3h11a,Zbed6,Klhl12,Kdm5b,Ppp1r12b,Rnpep,Timm17a,Ipo9,Tnni1,Ddx59,Nek7,Gm37080,Dennd1b,Cdc73,Pla2g4a,Tpr,Ivns1abp,Swt1,Rnf2,1700025G04Rik,Lamc1,Dhx9,Stx6,Gm8850,Acbd6,Cep350,Fam20b,Rasal2,Sec16b,Rabgap1l,Rc3h1,Scyl3,Stau2,Mpzl1,Pou2f1,Ube2w,Uck2,Uap1,Atf6,Cd84,Copa,Dcaf8,Igsf9,Akt3,Hnrnpu,Smyd3,Cnst,Cdc42bpa,Gm38169,Coq8a,Itpkb,Acbd3,Wdr26,Enah,Mia3,Hhipl2,Mtarc2,Rab3gap2,Eprs,Tgfb2,Rrp15,Kctd3,Ptpn14,Rps6kc1,Angel2,Pacc1,Ints7,Lpgat1,Rcor3,Utp25,Lamb3,Lmbrd1,Phf3,Prim2,Zfp451,Ptpn18,Fam168b,Uggt1,Unc50,Mgat4a,Tsga10,Rev1,Npas2,Tbc1d8,Rnf149,Map4k4,Slc9a4,Mrps9,Tgfbrap1,Nck2,Tpp2,Gulp1,Gm38110,Lypla1,Gm37988,Atp6v1h,Gls,Nab1,Mfsd6,Pms1,Ankrd44,Boll,Clk1,Hycc2,Casp8,Trak2,Fam117b,Carf,Gm15464,Nbeal1,Raph1,Cd28,Pard3b,Rb1cc1,Ino80d,Ndufs1,Klf7,Creb1,Pikfyve,Gm37285,6820402A03Rik,Kansl1l,Ikzf2,Bard1,Pcmtd1,Xrcc5,Nhej1,Atg9a,Cul3,Rhbdd1,Trip12,Gm38374,Sp100,Gm22786,Psmd1,Cops7b,Dis3l2,Efhd1,Gigyf2,Dgkd,Usp40,Agap1,Hdac4,Mir6900,Ndufa10,Hdlbp,Septin2,Farp2,Thap4,Atg4b,Tmtc2,Mettl25,Ppp1r12a,Pawr,Nav3,Osbpl8,Krr1,Tbc1d15,Zfc3h1,Cnot2,Gm55815,Rab3ip,Cpsf6,Mdm2,Rap1b,Helb,Tbk1,Ppm1h,Utrn,Tsfm,Pip4k2c,Mars1,Stat6,Mir677,Atp5b,Gm55458,Timeless,Stat2,Cs,Ankrd52,Erbb3,Phactr2,Vta1,Reps1,Map3k5,Map7,Slc18b1,Enpp3,Akap7,Gm55951,Gm25016,Epb41l2,Arhgap18,Ptprk,Trmt11,Tpd52l1,Frk,Lama4,Traf3ip2,Rev3l,Gm22105,Slc16a10,Gtf3c6,Cdk19,Cep57l1,Afg1l,Sec63,Pdss2,Crybg1,Hace1,Ascc3,Gm18120,Mcm9,Tbc1d32,Gcc2,Lims1,Ranbp2,P4ha1,Ascc1,Slc29a3,Sgpl1,Lrrc20,Ppa1,Supv3l1,Vps26a,Ccar1,Snord98,Hnrnph3,Herc4,Sirt1,Jmjd1c,Arid5b,Ipcef1,Tmem26,Ccdc6,Cnksr3,Bcr,Specc1l,Ggt1,Cabin1,Lats1,Smarcb1,Prmt2,Pcnt,Mcm3ap,Ppil4,Pfkl,Tab2,Ptbp1,Arid3a,Sbno2,Cirbp,Ap3d1,Sf3a2,Tjp3,Pip5k1c,Hcfc2,Slc41a2,Aldh1l2,Polr3b,Ric8b,Ttc41,Parpbp,Washc3,Dram1,Gnptab,Utp20,Ano4,Uhrf1bp1l,Cdk17,Lta4h,Nr2c1,Tmcc3,Cep83,Eea1,Stxbp5,Atp2b1,Poc1b,Jup,Acly,Stat5a,Atp6v0a1,Mir6928,Ezh1,Becn1,Nbr1,Tmem106a,Dhx8,Ubtf,Nmt1,Plekhm1,Gosr2,Nsf,Kansl1,Gm56155,Cdc27,Tlk2,Tanc2,Map3k3,Strada,Ddx42,Ftsj3,Smarcd2,Ern1,Tex2,Smurf2,Bptf,Helz,Mir6932,Cep112,Wipi1,Prkar1a,Fam20a,BC006965,Gprc5c,Tmem94,Recql5,Itgb4,Evpl,Srp68,Rhbdf2,Ikzf1,St6galnac2,Septin9,Tnrc6c,Syngr2,Gm20708,Usp36,Slc26a11,Rnf213,Rptor,Baiap2,Cep131,Slc38a10,Fasn,Ccdc57,Csnk1d,Foxk2,Fn3krp,Tbcd,Egfr,Spred2,Actr2,Slc1a4,Aftph,Vps54,Ehbp1,Cct4,Usp34,Pus10,Gm12713,Fancl,Ccdc88a,Mtif2,Psme4,Erlec1,Asb3,Eif4enif1,Fbxw11,Ranbp17,Spdl1,Pank3,Rars,Wwc1,Mat2b,Hmmr,Slu7,Rnf145,Mtmr3,Clint1,Ascc2,Nf2,Snord96a,Rack1,Ap1b1,Rnf130,Canx,Rufy1,Phykpl,Rmnd5b,Sec24a,Ppp2ca,Skp1,Hspa4,Aff4,Shroom1,Irf1,Rapgef6,Xbp1,Fam114a2,Galnt10,Larp1,Gemin5,Ykt6,Snap47,Zkscan17,Mprip,Cops3,Tom1l2,Gid4,Flii,Nudcd3,Top3a,Epn2,Ulk2,Akap10,Specc1,Ttc19,Ncor1,Ogdh,Arhgap44,Ccm2,Wap,Usp43,Gm12305,Ntn1,Ndel1,Chd3,Fxr2,Neurl4,Gps2,Rabep1,Rpl23a-ps2,Gm56369,Ube2g1,Ankfy1,Zzef1,Ncbp3,Cluh,Mettl16,Srr,Smg6,Smyd4,Slc43a2,Crk,Ywhae,Rph3al,Vps53,Glod4,Timm22,Cpd,Ssh2,Taok1,Nufip2,Myo18a,Phf12,Supt6,Bltp2,Pigs,Poldip2,Nf1,Suz12,Adap2,Lig3,Ap2b1,Ddx52,Synrg,Acaca,Tns3,Aatf,Ggnbp2,Usp32,Ppm1d,Bcas3,Brip1,Trim37,Mtmr4,Rnf43,Vezf1,Cuedc1,Akap1,Scpep1,Dgke,Mbtd1,Spag9,Luc7l3,Kat7,Slc35b1,Spop,Snx11,Mir7235,Tbkbp1,Npepps,Socs7,Srcin1,Pip4k2b,Fbxo47,Stac2,Med1,Cdk12,Stard3,Psmd3,Rapgefl1,Rara,Top2a,Ttc7b,Gm48382,Rps6ka5,Ppp4r3a,Tc2n,Trip11,Itpk1,Btbd7,Syne3,Atg2b,Papola,Evl,Ppp2r5c,Dync1h1,Tecpr2,Rps19-ps6,Rcor1,Gm48632,Traf3,Cdc42bpb,Mark3,Gm48286,Coa8,Gm15995,Klc1,Ppp1r13b,Gm19195,Mta1,Smc6,Dync2i1,Ncapg2,Nbas,Lpin1,Rock2,Nol10,Asap2,Adam17,Grhl1,Mboat2,Kidins220,Rnaseh1,Bcap29,Cog5,Gm25913,Rab10os,Asxl2,Snx13,Bzw2,Dtnb,Dnmt3a,Zfp277,Ncoa1,Stxbp6,Itsn2,Atad2b,Scfd1,Strn3,Ap4s1,Hectd1,Heatr5a,Eapp,Snx6,Baz1a,Psma6,Ralgapa1,Mipol1,Sec23a,Trappc6b,Togaram1,Klhdc2,Nemf,Sos2,Sav1,Arid4a,Daam1,Ppm1a,Prkch,Hif1a,Gm47690,Ppp2r5e,Syne2,Mthfd1,Fut8,Gm25926,Gphn,Gm48231,Gm48230,Pals1,Zfyve26,Dcaf5,Scarna3b,Mir1843a,Susd6,Map3k9,Sipa1l1,Dpf3,Dcaf4,Psen1,Numb,Gm3791,Dnal1,Ptgr2,Zfp410,Abcd4,Arel1,Ylpm1,Dlst,Nek9,Jdp2,Ttll5,Tgfb3,Gpatch2l,Sptlc2,Pum2,Adck1,Spata7,Foxn3,Bdp1,Smn1,Ocln,Ccdc125,Slc30a5,Pik3r1,Mast4,Gm6211,Erbin,Nln,Cwc27,Ipo11,Kif2a,Zswim6,Depdc1b,Pde4d,Map3k1,Il6st,Gm18883,Slc38a9,Dhx29,Paip1,Mtr,Heatr1,Lgals8,B3galnt2,Tbce,Arid4b,Gm48624,Cdk13,Rala,Vps41,Elmo1,Carmil1,Tdp2,2610307P16Rik,Mir6368,Cdkal1,Mboat1,Exoc2,Gmds,Wrnip1,Slc22a23,Cdyl,Gdi2,Fars2,Rreb1,Riok1,Snrnp48,Slc35b3,Nedd9,Hivep1,Ranbp9,Jarid2,Dtnbp1,Atxn1,Phf2,Fam120a,Susd3,Fgd3,Iars,Spin1,Secisbp2,Gadd45g,Sptlc1,Simc1,Faf2,Cdhr2,Uimc1,Nsd1,Tmed9,Ddx46,Macroh2a1,Ubqln1,Slc28a3,Klf6,Agtpbp1,Dapk1,Aopep,Fancc,Cdc14b,Ctsl,Ptdss1,Tent4a,Lpcat1,Exoc3,Sdha,Ell2,Slf1,2210408I21Rik,Fam172a,Polr3g,Tmem161b,Wdr37,Gm48375,Xrcc4,Larp4b,Msh3,Serinc5,Cmya5,Homer1,Arsb,Scamp1,Ap3b1,Dip2c,Polk,Zmynd11,Arhgef28,Fcho2,Zfp366,Ptcd2,Tbc1d4,Mycbp2,Rbm26,Ndfip2,Abcc4,Mbnl2,Stk24,Dock9,Ubac2,Tm9sf2,Clybl,Pcca,Tmtc4,Flnb,Kcnk5,Mss51,Sec24c,Adk,Kat6b,Lrmda,Dlg5,Mir3075,Zmiz1,Slmap,Arf4,Tasor,Erc2,Tkt,Prkcd,Rft1,Sfmbt1,Nek4,Glt8d1,Gnl3,Pbrm1,Sh3bp5,Mettl6,Parg,Ercc6,Mapk8,Shld2,Bmpr1a,Wapl,Ccser2,Sh2d4b,Sftpd,Thrb,Txndc16,Ddhd1,Samd4,Ktn1,Tmem260,Pip4p1,Arhgef40,Rpgrip1,Slc7a7,Prmt5,Slc7a8,Gm20521,Pabpn1,Tm9sf1,Mdp1,Atp12a,Rnf17,Pspc1,Zmym2,Zdhhc20,Micu2,Cab39l,Gm49336,Nup58,Top2b,Spata13,Mipep,Ngly1,Gm47797,5430414B19Rik,Wdfy2,Mtmr9,Kif13b,Hmbox1,Extl3,Ccar2,Gm49288,Ppp3cc,Fndc3a,Rb1,Lrch1,Zc3h13,Nufip1,Enox1,Vwa8,Naa16,Atxn7,Diaph3,Tdrd3,Pibf1,Dip2b,Acvr1b,Sp1,Pcbp2,Rai14,Zfr,Mtmr12,Golph3,Pdzd2,Myo10,Otulin,Trio,Ghr,Mtdh,9930017N22Rik,Nipal2,Stk3,Vps13b,Gm7968,Grhl2,Ubr5,Atp6v1c1,Rims2,Oxct1,Oxr1,Angpt1,Emc2,Trps1,Gm15937,Ttc33,Taf2,Deptor,Sntb1,Zhx2,Atad2,Mtss1,Gm54429,Pvt1,Phf20l1,Rictor,Zfat,Khdrbs3,Lifr,Trappc9,Ptk2,Dennd3,Nrbp2,Mroh1,Adck5,Cpsf1,Arhgap39,Rpl8,Micall1,Ddx17,Pdgfb,Wdr70,Tnrc6b,Sgsm3,Mrtfa,St13,Xpnpep3,Ep300,L3mbtl2,Rangap1,Nup155,Xrcc6,Srebf2,Gm49502,Tcf20,Arfgap3,Mcat,Atxn10,Trmu,Tbc1d22a,Brd1,Alg12,Selenoo,Sbf1,Mir6959,Cpne8,Kif21a,Pphln1,Irak4,Ano6,Arid2,Rpap3,Vdr,Senp1,Lalba,Ddx23,Spats2,Fam186b,Gpd1,Lima1,Clec16a,Txndc11,Zc3h7a,Rsl1d1,Gspt1,Snx29,Cpped1,Bfar,Rrn3,Pdxdc1,Marf1,Nde1,Prkdc,Spidr,Pkp2,Fgd4,Mapk1,Crkl,Med15,Hira,Gm28539,Yeats2,Parl,Eif4g1,Snord66,Vps8,Liph,St6gal1,Lpp,Gm22672,Atp13a4,Atp13a3,Tmem44,Acap2,Dlg1,Gm49705,Senp5,Gm15696,Pak2,Fbxo45,Rnf168,Ubxn7,Tfrc,Tnk2,Muc4,Rubcn,Lrch3,Gm55399,Lmln,Osbpl11,Zfp148,Heg1,Kalrn,Sec22a,Pdia5,Parp9,Kpna1,Lrrc58,Gsk3b,Crebbp,Adcy9,Qtrt2,Usf3,Boc,Plcxd2,Nudt16l1,Glyr1,Bbx,Alg1,Cblb,Alcam,Gm28037,Zbtb11,Impg2,Tomm70a,Tbc1d23,Crybg3,Nsun3,Arl13b,Gbe1,Nrip1,Usp25,Mrpl39,Pmm2,Gabpa,App,Usp7,Hapstr1,Ltn1,Usp16,Tiam1,Scaf4,Hunk,Paxbp1,Son,Itsn1,Runx1,Dop1b,Morc3,Hlcs,Ttc3,Dyrk1a,Gm15971,Psmg1,Brwd1,Gm49948,Igsf5,Qki,Map3k4,Igf2r,Tcp1,Gm26130,Afdn,Fam120b,Chd1,Lnpep,Srrm2,Pdpk1,Eci1,Pkd1,Tsc2,Msrb1,Telo2,Gnptg,Jmjd8,Rhot2,Decr2,Luc7l,Crebrf,Uhrf1bp1,Fkbp5,Brpf3,Gm50226,Zfand3,Tuba-rs1,Btbd9,Gm50252,Slc37a1,Pde9a,Notch3,Brd4,Akap8,Akap8l,Angptl4,Rgl2,Ppt2,Gm20460,Atf6b,Tiam2,Vars,Mir6975,Ddx39b,Ddr1,Mrps18b,Ppp1r10,Gabbr1,Cd2ap,Tnfrsf21,Supt3,Capn11,Tmem63b,Polh,Xpo5,Cul9,Ptk7,Klc4,Rrp36,Ubr2,Gm55840,Foxp4,Nfya,Mocs1,Rftn1,Arid1b,Gm56914,Tbc1d5,Satb1,Pot1b,Stap2,Plin3,Kdm4b,Safb,Ranbp3,Khsrp,Adgre1,Snx9,Fbxl17,Fer,Pja2,Man2a1,Vapa,Ppp4r1,Ralbp1,Ddx11,Mtcl1,Arhgap28,Epb41l3,Ezr,Smchd1,Wdr43,Clip4,Xdh,Memo1,Spast,Birc6,Ttc27,Ltbp1,Crim1,Strn,Rmdn2,Hnrnpll,Sos1,Map4k3,Pkdcc,Cep43,Mta3,Thada,Plekhh2,T2,Gm49987,Srbd1,Prkce,Ttc7,Epcam,Msh2,Foxn2,Ston1,Rock1,Mib1,Gm25116,Rbbp8,Gm49968,Cables1,Riok3,Npc1,Osbpl1a,Dsg2,Trappc8,Rnf138,Garem1,AW554918,Sap130,Wdr33,Map3k2,Bin1,Epb41l4a,Apc,Fam13b,Brd8,Kdm3b,Ctnna1,Sil1,Snhg4,Matr3,Paip2,Ankhd1,Apbb3,Hars2,Dele1,Rnf14,Ndfip1,Arhgap26,Sh3rf2,Lars,Rbm27,Tcerg1,Map3k8,Mtpap,Gm50096,Dcp2,Mcc,Svil,Dtwd2,Csnk1g3,Marchf3,Slc12a2,Arhgap12,Gm26403,Hmgxb3,Csnk1a1,Kif5b,Wdr7,Epc1,Malt1,Zfp532,Impa2,Cidea,Afg3l2,Spire1,Ptpn2,Cep192,Ldlrad4,Mbd2,Smad4,Mapk4,Mpp7,Myo5b,Acaa2,Dym,Ctif,Smad2,Pias2,8030462N17Rik,Haus1,Pstpip2,Epg5,Setbp1,Wac,Ctdp1,Atp9b,Zfp236,Zfp516,Zfp407,Rttn,Ccny,Thoc1,Fads2,Cpsf7,Patl1,Osbp,Vps13a,Trpm6,Tmc1,Gda,Tjp2,Pip5k1b,Dock8,Smarca2,Rfx3,Glis3,Jak2,9930021J03Rik,Uhrf2,Gldc,Sgms1,Atad1,Pten,Cpt1a,Lipa,Pank1,Kif20b,Ppp6r3,Lrp5,Tnks2,Btaf1,Ide,Myof,Kmt5b,Plce1,Tbc1d12,Aldh18a1,Ndufv1,Tm9sf3,Pik3ap1,Lcor,Rrp12,Pi4k2a,R3hcc1l,Hps1,Entpd7,Kdm2a,Dnmbp,Chuk,Syt12,Fbxw4,Oga,Armh3,Nfkb2,Mfsd13a,Actr1a,Sufu,Nt5c2,Taf5,Slk,Sptbn2,Rbm4,Gm21992,Klc2,Smc3,Pdcd4,Shoc2,Tcf7l2,Nhlrc2,Fhip2a,Atrnl1,Shtn1,Fam204a,Cacul1,Eif3a,Gm54606,Sf1,Stip1,Atl3,Stx5a,Polr2g,Ubxn1,Eml3,Abtb2,Caprin1,Hipk3,Cstf3,Depdc7,Qser1,Mettl15,Fmn1,Pfkfb3,Rbm17,Spred1,Fbh1,Eif2ak4,Bub1b,Knstrn,Knl1,Ino80,Nusap1,n-R5s204,Rtf1,Rpap1,Mga,Ehd4,Tmem87a,Zfp106,Ubr1,Ppip5k1,Pdia3,Itga8,Spg11,Duox1,Gm37289,Gm37255,Mindy3,Gm38014,Secisbp2l,Cops2,Galk2,Usp8,Trpm7,Ap4e1,Blvra,Snrnp200,Anapc1,Mertk,Tmem87b,Stk35,Vps16,Ptpra,Dnaaf9,Gm14057,Atrn,Pank2,Smox,Slc23a2,Plcb1,Tasp1,Esf1,Stam,Kif16b,Mrc1,Rrbp1,Snx5,Gm26165,Gm11688,Sec23b,Gm56466,Rin2,Ralgapa2,Kiz,Xrn2,Psmf1,Tbc1d20,H13,Tpx2,Tm9sf4,Kif3b,Asxl1,Itch,Ncoa6,Trpc4ap,Gm22334,Fer1l4,Nfs1,Rbm39,Phf20,Dlgap4,Rpn2,Src,Rprd1b,Actr5,Top1,Plcg1,Chd6,Srsf6,Ift52,Serinc3,Pabpc1l,Stk4,Acot8,Ncoa5,Eya2,Zmynd8,Ncoa3,Sulf2,Prex1,Arfgef2,Cse1l,Stau1,Ddx27,Slc9a8,Rnf114,Ptpn1,Nfatc2,Atp9a,Stx16,Nelfcd,Phactr3,Taf4,Lama5,Dido1,Arfgap1,Rtel1,Mllt10,Tpd52l2,Dnajc5,Prpf6,Dnajc1,Etl4,Abi1,Acbd5,Spopl,Ehmt1,Gm38147,Dph7,Pnpla7,Ndor1,Anapc2,Traf2,Rabl6,Camsap1,Ubac1,Notch1,Brd3,Wdr5,Rxra,Ralgds,Gtf3c5,Tsc1,Setx,Rapgef1,Trub2,Cercam,Sptan1,Zer1,Nup188,Fnbp1,Gpr107,Fubp3,Nup214,Prrc2b,Stxbp1,Lrsam1,Garnl3,Ralgps1,Olah,Mapkap1,Gapvd1,Hspa5,Cntrl,Dab2ip,Rc3h2,Rabgap1,Strbp,Dennd1a,Scai,Ppp6c,Gtdc1,Bend7,Acvr2a,Optn,Rif1,Stam2,Fmnl2,Gpd2,Acvr1,Sec61a2,Tanc1,Baz2b,Upf2,Marchf7,Tank,Usp6nl,Cobll1,Galnt3,Celf2,Stk39,Fastkd1,Ubr3,Tlk1,Dcaf17,Dync1i2,Itga6,Rapgef4,Sp3,Gm56026,Wipf1,Atf2,Lnpk,Agps,Ccdc141,Nckap1,Gm28635,Ctnnd1,Fnbp4,Celf1,Ckap5,Atg13,Harbi1,Ambra1,Phf21a,Large2,Ext2,Gata3,Gdap2,Man1a2,Igsf3,Vangl1,Nras,Trim33,Hipk1,Magi3,Lrig2,Slc16a1,St7l,Cttnbp2nl,Snx16,Cept1,Gnai3,Celsr2,Vav3,Slc30a7,Gm43191,Mfsd14a,Tlcd4,Abcd3,Arhgap29,Pde5a,Usp53,Sec24d,Camk2d,Sec24b,Papss1,Gm42872,Tbck,Arhgef38,Ppa2,Nfkb1,Adh5,Rap1gds1,Pdlim5,Lmo4,Ssx2ip,Fubp1,Miga1,Zzz3,Pigk,St6galnac3,Cth,Srsf11,Cp,Hps3,Hltf,Naaladl2,Nceh1,Fndc3b,Mir3092,Tnik,Phc3,Pik3ca,Mfn1,Atp11b,Exosc9,Bbs7,Bltp1,Spata5,Intu,Larp1b,Jade1,Slc7a11,Elf2,Gm37399,Setd7,Foxo1,Nbea,Rnf13,Gm37488,Mbnl1,Plch1,Slc33a1,Ccnl1,Rsrc1,Nmd3,Fnip2,Etfdh,Gm37973,Tmem144,Pdgfc,Plrg1,Trim2,Arfip1,Gm37240,Gm37726,Fbxw7,Fhip1a,Lrba,Rrnad1,Smg5,Ubqln4,Arhgef2,Khdc4,Gon4l,Gm23054,n-R5s197,Ash1l,Il6ra,Ubap2l,Tpd52,Gatad2b,Zbtb10,Snx27,Gm43773,Gm43774,Tuft1,Pogz,Selenbp1,Pip5k1a,Setdb1,Zfp704,Arnt,Tars2,Rprd2,Vps45,Gm42783,Gm22581,Polr3c,Chd1l,Sec22b,Notch2,Wars2,Cachd1,Dnajc6,Dnai4,Oma1,Plpp3,Usp24,Yipf1,Zyg11b,Prpf38a,Zfyve9,Ttc39a,Faf1,Dpy19l4,Esrp1,Virma,Gm49337,Pik3r3,Ipp,Nasp,Zswim5,Kif2c,Gm55822,Eri3,Ptprf,Szt2,Frg2f1,Foxj3,Scmh1,Zfp69,Smap2,Zmpste24,Rlf,Ppt1,Cap1,Trit1,Ppie,Macf1,Utp11,Inpp5b,Gm56097,Mtf1,Stk40,Ago1,AU040320,Zmym4,Zfp362,S100pbp,Bsdc1,Eif3i,Kpna6,Zcchc17,Pum1,Mecr,Epb41,Gmeb1,Phactr4,Eya3,Wasf2,Arid1a,Cep85,Man1c1,Ldlrap1,Tmem50a,Syf2,Srrm1,Lypla2,Hnrnpr,Kdm1a,Gm12987,Cdc42,Usp48,Eif4g3,Hp1bp3,Capzb,Ubr4,Iffo2,Gm21969,Aldh4a1,Arhgef10l,Crocc,Fbxo42,Zbtb17,Spen,Ddi2,Dnajc16,Casp9,Prdm2,Vps13d,Disp3,Mtor,Pip4p2,Pgd,Kif1b,Ube4b,Ctnnbip1,Slc25a33,Rere,Camta1,Dnajc11,Zbtb48,Nol9,Plekhg5,Wrap73,Rer1,Gnb1,Coq3,Map3k7,Mdn1,Ube2j1,Rngtt,Zfp292,Mob3b,Aco1,Rigi,Bag1,Ubap2,Clta,Rnf38,Melk,Zcchc7,Tdrd7,Anp32b,Gm22247,Nans,Trim14,Coro2a,Erp44,Invs,Tex10,Tmeff1,Abca1,Slc44a1,Rad23b,Tmem245,Ptpn3,Pakap,Ecpas,Ugcg,Susd1,Ptbp3,Hsdl2,E130308A19Rik,Snx30,Bspry,Alad,Tnc,Rasef,Kdm4c,Mpdz,Nfib,Zdhhc21,Ccdc171,Rab2a,Plin2,Dennd4c,Chd7,Focad,Mir491,Caap1,Asph,Fggy,Hook1,Nfia,Patj,Dock7,Alg6,Itgb3bp,Hnrnpd,Sec31a,Lin54,Aff1,Klhl8,Thoc2l,Gm55006,Zfp326,Gm28039,Zfp644,Glmn,Evi5,Mtf2,Ccdc18,Golga3,Gm43138,Pgam5,Ep400,Chek2,Pitpnb,Grk3,2900026A02Rik,Sart3,Ssh1,Usp30,Acacb,Git2,Sppl3,Gcn1,Bicdl1,Suds3,Taok3,Vsig10,Fbxw8,Med13l,Rasal1,Hectd4,Trafd1,Naa25,Gm42878,Mapkapk5,Brap,Atxn2,Sh2b3,Pptc7,Anapc7,Atp2a2,P2rx7,P2rx4,Anapc5,Kdm2b,Tmem120b,AI480526,Psmd9,Mlxip,Vps33a,Zcchc8,Rsrc2,Ccdc62,Hip1r,Mphosph9,Gm43340,Sbno1,Ddx55,Eif2b1,Tctn2,Atp6v0a2,Ncor2,Scarb1,Aacs,Sfswap,Nipsnap2,Cct6a,Asl,Ndufa12-ps,Rabgef1,Tmem248,Tyw1,Auts2,Rcc1l,Gtf2i,Clip2,Eif4h,Bud23,Mlxipl,Baz1b,Pom121,Tmem120a,Trip6,Slc12a9,Zkscan1,Ap4m1,Dnaaf5,Sun1,Mad1l1,Mir7038,Eif3b,Iqce,Brat1,Foxk1,Ap5z1,Radil,Tnrc18,Rnf216,Zfp316,Kdelr2,Cyth3,Ccz1,Lmtk2,Baiap2l1,Trrap,Smurf1,Cdk8,Gtf3a,Lnx2,Pan3,Katnal1,Brca2,Sema3c,Cd36,Phtf2,Rsbn1l,Fam185a,Napepld,Srpk2,Hycc1,Klhl7,Slc4a2,Fastk,Nub1,Prkag2,Kmt2c,Rbm33,Lmbr1,C79130,Gm56016,Nom1,Ube3c,Hadha,Eif2b4,Zfp512,Slc4a1ap,Babam2,Ppp1cb,Yes1,Prr14l,Depdc5,Gm15936,Slc5a1,Tacc3,Nsd2,Nelfa,Rnf4,Fam193a,Mfsd10,Fam133b,Afap1,1700109H08Rik,Tbc1d14,Ankib1,Gm43679,Slc2a9,Wdr1,Akap9,Rab28,Gm7854,Adgra3,Dhx15,Cdk14,Sepsecs,Slc34a2,Stim2,Rell1,Tbc1d1,Rfc1,Lias,Ube2k,N4bp2,Rbm47,Gm43323,Gm43775,Apbb2,Tmem33,Slc30a9,Nfxl1,Tec,Fryl,Gm42571,Gm17207,Ociad1,Dcun1d4,Scfd2,Gm43167,Fip1l1,Kit,Aasdh,Rest,Adgrl3,Cenpc1,Csn1s1,Csn1s2a,Csn3,Grsf1,Adamts3,Ankrd17,Mthfd2l,Cdkl2,Gm25290,Uso1,Sdad1,Scarb2,Shroom3,Cnot6l,Rasgef1b,Gm44108,Shq1,Pdzrn3,Itpr1,Edem1,Rad18,Srgap3,Thumpd3,Mtmr14,Ttll3,Il17re,Irak2,Atp2b2,Gm44167,Vgll4,Raf1,Gm14335,Ift122,Tmcc1,Washc2,Marchf8,Bms1,Erc1,Rad52,Wnk1,Kdm5a,Cecr2,Bcl2l13,Mical3,Ndufa9,Parp11,Tead4,Gm43982,Gm43984,Etv6,Lrp6,Dusp16,Hebp1,Atf7ip,Wbp11,Dera,Plekha5,Aebp2,Pyroxd1,Recql,Etnk1,Sox5,Itpr2,Ppfibp1,Ccdc91,Tmtc1,Ipo8,Etfbkmt,Amn1,Mdfic,Tes,Met,Gm55218,St7,Fam3c,Aass,Cadps2,Snd1,Calu,Tnpo3,Ahcyl2,Nrf1,Gm37728,Gm13835,Lncpint,Mkln1,Exoc4,Cnot4,Vps50,Creb3l2,Trim24,Ubn2,Hipk2,Cul1,Ezh2,Zfp282,Pals2,Gsdme,Ppp1r9a,Hibadh,Tax1bp1,Dync1i1,Abcg2,Fam13a,Serbp1,Rmnd5a,Kdm3a,Immt,Rnf181,Capg,Kcmf1,Mthfd2,Mob1a,Dguok,Zfp638,Exoc6b,Sfxn5,Rab11fip5,Gm44790,C87436,Gmcl1,Aak1,Gfpt1,Ica1,Rpn1,Eefsec,Sec61a1,Txnrd3,Nr2c2,Adamts9,Magi1,Foxp1,Gm20696,C2cd3,Ucp3,Fchsd2,Gm47324,Il18bp,Nup98,Dennd2b,Dennd5a,Ipo7,Swap70,Sbf2,Eif4g2,Usp47,Mical2,Parva,Tead1,Rras2,Copb1,Plekha7,Pik3c2a,Xylt1,Smg1,Tmc5,Vps35l,Gm26147,Rexo5,Eef2k,Gm45047,Mettl9,Gm44901,Usp31,Ears2,Prkcb,Zfp606,Gm45846,Tnrc6a,Arhgap17,Katnip,Rabep2,Hirip3,Pagr1b,Mvp,Tbc1d10b,Prr14,Srcap,Gm42715,Setd1a,Fus,Gm43580,Inpp5f,Mcmbp,Sec23ip,Plpp4,Wdr11,Fgfr2,Tacc2,Bub3,Fam53b,Zranb1,Ctbp2,Dhx32,D7Ertd443e,Dock1,Inpp5a,Phrf1,Chid1,Ap2a2,Nap1l4,Gm23297,Shank2,Ppfia1,Ano1,Ccdc9,Sae1,Zc3h4,Arhgap35,Gm17981,Eml2,Ppp1r13l,Ercc2,Mark4,Tomm40,Nectin2,Bcam,Zfp109,Xrcc1,Gm5893,Arhgef1,Gsk3a,Coq8b,Gm44641,Blvrb,Psmc4,Dyrk1b,Samd4b,Eif3k,Ryr1,Psmd8,Sipa1l3,Zfp790,Zfp568,Wdr62,Hpn,Garre1,Lsm14a,Gm44567,Pepd,Gpatch1,Rhpn2,Cep89,Tmc4,Rdh13,Gm55952,Med25,Ap2a1,Aldh16a1,Trpm4,Nomo1,Sergef,Hps5,Gtf2h1,Ppp6r1,Ldha,Prmt3,Gas2,Cyfip1,Herc2,Ube3a,Mtmr10,Fan1,Tjp1,Pcsk6,Chsy1,Mef2a,Lrrc28,Mctp2,Rgma,Gm44758,Chd2,Gm44552,Mfge8,Abhd2,Zfp710,Idh2,Sema4b,Cib1,Furin,Iqgap1,Sec11a,Efl1,Gm45807,Zfand6,Eed,Gm45120,Picalm,Tenm4,Nars2,Ints4,Aamdc,Clns1a,Pak1,Acer3,Thap12,Uvrag,Gdpd5,Rnf169,Chrdl2,Pold3,Cbfb,Phaf1,Edc4,Nfatc3,Slc7a6,Cdh1,Tango6,Utp4,Sntb2,Vps4a,Terf2,Nob1,Wwp2,Psmd7,Zfhx3,Zfp821,Ap1g1,Vac14,Sf3b3,Aars,Pdpr,Glg1,Wdr59,Cfdp1,Adamts18,Wwox,Cars2,Cdyl2,Cmip,Plcg2,Arhgef7,Mlycd,Mbtps1,Hsdl1,Atp2c2,Usp10,Gse1,Fbxo31,Banp,Mir7237,Zfpm1,Mvd,Piezo1,Ankrd11,Tcf25,Afg3l1,Galnt2,Arv1,Disc1,Sipa1l2,Map3k21,Tubgcp3,Pard3,Cul4a,Lamp1,Vps36,Slc20a2,Kat6a,Adam9,Tacc1,Fgfr1,Nsd3,Gm55991,Ddhd2,Hook3,Insr,Wrn,Gsr,Gtf2e2,Arhgef18,Dusp4,Mcoln1,Eri1,Camsap3,Stxbp2,Tusc3,Cnot7,Mtus1,Pcm1,Fat1,Sorbs2,Snx25,Acsl1,Trappc11,Wwc2,Cep44,Fbxo8,Galnt7,Clcn3,Nek1,Gm45809,Gm45483,Sh3rf1,Klhl2,Psd3,Sh2d4a,Lpl,Gatad2a,Sugp1,Sugp2,Ddx49,Crtc1,Haus8,Myo9b,Niban3,Eps15l1,Sin3b,Large1,Gm55812,Arhgap10,Gm45407,Prmt9,Slc10a7,Zfp827,Smad1,Otud4,Gab1,Inpp4b,Pkn1,Cacna1a,Nfix,Farsa,Tnpo2,Gm25506,Dnaja2,Phkb,Arglu1,Lonp2,N4bp1,Heatr3,Brd7,Chd9,Rbl2,Fto,Gm45289,Crnde,Amfr,Rspry1,Ciapin1,Mmp15,Cnot1,Nck1,Gm38297,Gm37204,Stag1,Pccb,Ppp2r3a,Gm37314,Gm38344,Cep63,Trf,Uba5,Atp2c1,Pik3r4,Rrp9,Dcaf1,Ifrd2,Sema3f,Rbm5,Usp4,Usp19,Qars,Qrich1,Gm38366,Gm37678,Arih2,Map4,Gm55845,Dhx30,Smarcc1,Scap,Klhl18,Setd2,Nbeal2,Ltf,Lrrfip2,Clasp2,Ubp1,Glb1,Gpd1l,Osbpl10,Stt3b,Tgfbr2,Golga4,Vill,Oxsr1,Slc22a14,Wdr48,Csrnp1,Cx3cr1,Nktr,Ano10,Mir8106,Abhd5,Gm56126,Tcaim,Gm55191,Maml2,Sesn3,Amotl1,Taf1d,Chordc1,Zfp426,Ubl5,Ppan,Dnmt1,Mir7081,Carm1,Ldlr,Dock6,Bbs9,Herpud2,Septin7,St14,Prdm10,Arhgap32,Cwf19l2,Kirrel3,Fam118b,Stt3a,Ei24,Gramd1b,Sorl1,Tbcel,Arhgef12,Cbl,Vps11,Kmt2a,Ube4a,Rnf214,Gm24646,Pcsk7,Pafah1b2,Sik3,Zbtb16,Dlat,Alg9,Zc3h12c,Npat,Acat1,Cul5,Etfa,Scaper,Tspan3,Snupn,Ptpn9,Sin3a,Cox5a,Nptn,Neo1,Arih1,Parp6,Myo9a,Thsd4,Gm47676,Uaca,Paqr5,Pias1,Pdgfd,Map2k5,Aagab,Map2k1,Dis3l,Rab11a,Gm55884,Dennd4a,Dpp8,Clpx,Pdcd7,Mtfmt,Zfp609,Trip4,Csnk1g1,Herc1,Usp3,Tln2,Ice2,Bnip2,Myo1e,Rnf111,Mindy2,Adam10,Dync2h1,Myzap,Cgnl1,Zfp280d,Gm19427,Rfx7,Myo5c,Gnb5,Mapk6,Tmod3,Fam83b,Gclc,Elovl5,Cilk1,Mto1,Slc17a5,Yap1,Senp6,Phip,Ttk,Bckdhb,Ube2cbp,Pgm3,Snx14,Gm20537,Atr,Xrn1,Gk5,Rasa2,Nmnat3,Pik3cb,Esyt3,Armc8,Snx12,Ogt,Gm55586,Xist,Abcb7,Tspan7,Atrx,Magt1,Med14,Diaph2,Usp9x,Ddx3x,Trmt2b,Cask,Alg13,Fgd1,A230072E10Rik,Fam120c,Gm22248,Phf8,Huwe1,Smc1a,Kdm5c,Mbtps2,Rps6ka3,Sh3kbp1,Phka2,Cdkl5,Reps2,Syap1,Zrsr2,Car5b,Gm26368,Prps2,Msl3,Mid1,Gm14636,Lamp2,Stag2,Zdhhc9,Ints6l,Slc9a6,Mtm1,Renbp,Otud5,Gk,Pola1
TRUE,TRUE,TRUE,FALSE,FALSE,FALSE,50,MFN2,ABL2,UBR4,EGLN1,TBCE,DHDDS,PHACTR4,ACADM,OGA,DNAJB12,ATM,ARCN1,SPI1,ALG8,SLC15A4,SMARCC2,N4BP2L2,SETDB2,DIAPH3,DYNC1H1,KLHDC1,EXOC5,NEK9,GABPB1,SEMA4B,VPS35,MLKL,PITPNA,TOM1L2,NPEPPS,ERN1,RELCH,TBC1D8,ITGB6,SPATS2L,WDFY1,ATAD2B,RIN2,PISD,ARHGEF26,MCCC1,QDPR,UIMC1,GPBP1,WDR41,SERINC5,ESYT2,CAMSAP1,UBE2R2,MAGT1
FALSE,TRUE,TRUE,FALSE,FALSE,FALSE,271,FBLN1,EFCAB6,TCF20,XPNPEP3,MFNG,FBXO7,ZNF384,ETV6,ST8SIA1,SCAF11,SLC38A1,KMT2D,SP1,R3HDM2,GNS,IRAK3,ZFC3H1,ZDHHC17,USPL1,FAM168B,ATP2A1,CLCN7,TFAP4,MRTFB,TPST1,DTX2,FBXO24,YTHDC2,DCP2,VCAN,ARSB,PIK3R1,ERCC8,ADCY2,NNT,IL6ST,MAP3K1,U2SURP,EIF2A,CCDC14,TMEM44,RFC4,SENP2,AP2M1,NMD3,SMC4,EVA1C,TRAF3IP1,ILKAP,USP40,SP140,MOGAT1,PLCD4,PNKD,SPAG16,PMS1,FASTKD1,ORC4,C5orf15,HSPA4,TMEM192,GUCY1A1,CHAF1A,UBXN6,AKAP8,MAST3,SUGP2,SLC39A14,TCOF1,CLINT1,PANK3,SIMC1,USP42,ADAP1,HGSNAT,FARP1,GPALPP1,BNC2,KANK1,TLE1,UBQLN1,DAPK1,MELK,CORO2A,PTPN3,ECPAS,CDK5RAP2,WHRN,TSC1,GLE1,SLCO2B1,FAM168A,NAV2,RCN1,HIPK3,OSBP,FADS2,PHACTR2,AHI1,LAMA2,NCOA7,SRSF12,DHCR24,PATJ,CACHD1,POLR3A,ECD,SIRT1,KIF11,RRP12,PDCD4,NHLRC2,SHTN1,MALT1,NEDD4L,TAF4B,SPIRE1,NCOA5,TMEM255A,DECR1,SLC12A6,FMN1,RASGRP1,TMEM87A,SNAP23,TP53BP1,CEP152,DMXL2,MYO5A,FAM214A,CCPG1,KIF23,WDHD1,KIAA0586,KIN,PFKFB3,INTS12,HELQ,G3BP1,PPP5C,CIC,AKT2,SAMD4B,PDPR,USP10,KLHDC4,AMFR,RPGRIP1L,DNAJA2,FANCA,NFXL1,PDGFRA,ABCA6,PECAM1,INTS2,UTP18,KAT7,STAC2,ATP6V0A1,LIG3,RHOT1,UTP6,NLK,RAP1GAP2,SHROOM4,USP9X,KLHL15,SCML2,GEMIN8,MSH2,PPP1R21,VRK2,PEX13,ZNF638,EIF5B,PRIM2,KRIT1,ITGB8,GPNMB,PDE1C,COBL,RBM5,RBM6,CTNNB1,WDR48,ANKRD28,PPP2R3A,NCOA6,HM13,CPSF2,YLPM1,RBM25,ZNF362,FAM76A,WASF2,MTFR1L,DDOST,NADK,PLXNA2,LPGAT1,SWT1,ACBD6,TOR1AIP1,COP1,SETDB1,ASAH1,MICU3,DCP1A,PRKCD,GNL3,TSEN2,TFDP2,SOS1,RASGRP3,CLIP4,CPSF3,UBE2H,POT1,FANCM,HEXA,DELE1,ZBTB41,NVL,CDC42BPA,MPHOSPH9,CCDC62,SETD1B,HECTD4,SPPL3,SSH1,SART3,PRR14L,COPG2,KIAA1549,PARP12,AGK,NEURL4,ELK4,UHMK1,NCAPD3,PRDM10,BARX2,STT3A,PPIL2,GMEB2,LSM14B,B4GALT5,PIP4K2A,PLXDC2,MRC1,NONO,LCMT1,REXO5,CLCC1,TRIM38,NDUFV1,STIP1,SEC23IP,EDRF1,FAN1,LRRC28,EIF4E3,ARID4B,LYST,HEATR1,RYR2,SECISBP2,STIL,CCDC30,ABCF1,ABI1
TRUE,FALSE,TRUE,FALSE,FALSE,FALSE,35,PTPN22,SRSF4,EIF3I,LZIC,MASTL,CREB3L1,BRAP,KLC1,RBM23,ACIN1,SLC7A8,MIA2,Y_RNA,CDR2,NMRAL1,FCSK,SCARF1,RBBP8,LDLR,ADGRE2,COQ8B,POLR1B,RALB,TSN,XDH,MRPL30,KLHL8,ABCG2,RACK1,RHOBTB3,CUX1,PCM1,NAA35,AOPEP,WWC3
FALSE,FALSE,TRUE,FALSE,FALSE,FALSE,309,WDR3,DCLRE1B,KCNC4,AKNAD1,Metazoa_SRP,DPH5,FNBP1L,PIGK,ROR1,U6,CPT2,SPATA6,PPCS,mml-mir-30c-1,mml-mir-30e,AKIRIN1,RHBDL2,MTF1,ZMYM6,PINK1,FBLIM1,SLC35E2,TFB2M,TBX19,TRMT1L,ODR4,PLA2G4A,ADSS2,RO60,SOX13,C1H1orf116,HSD11B1,NEK2,EPRS1,PSMD4,SCNM1,ADSL,TXN2,SYN3,NEFH,SDF2L1,AIFM3,KAT14,BTBD3,NUP50,COMMD7,SERINC3,CSE1L,NFAM1,YTHDF1,ACTR6,WASHC3,TDG,PHC1,VSIG10,DIABLO,TMED2,DHX37,YAF2,PCED1B,PRKAG1,AMHR2,PRR13,CTDSP2,C11H12orf56,CAND1,LRRIQ1,ATIC,DAW1,ARMC9,MIR128-1,PRPF40A,MARCHF7,CDCA7,ANKAR,CFLAR,FAM117B,RANBP2,SEPTIN10,TMEM87B,DNAH6,TSGA10,PCYOX1,C13H2orf42,NFU1,NPAS2,SLC9A4,PDIA6,ATP6V1C2,KMT2A,TECTA,BSCL2,ATG13,IFTAP,SNORA54,CARS1,PSMA1,DENND2B,LRP5,NDUFC2,C14H11orf80,RCE1,U4,NAALADL1,DCUN1D5,PDGFD,SLC35D2,CRAT,SH2D3C,MAMDC4,SLC31A1,UGCG,TEX10,TGFBR1,CCDC180,TRMT10B,SNORD121A,MIR744,WSB1,SUZ12,ATAD5,CTNS,PRR11,LPO,JUP,KLHL11,NKIRAS2,CCDC47,GNA13,XAF1,HID1,ALOXE3,DCLK1,SMAD9,NEK3,CRYL1,UGGT2,SLC46A3,TEX30,UPF3A,ME2,MBD1,SNORA73,ENOSF1,AP1M2,RGL3,NOTCH3,USHBP1,mml-mir-1239,MAP4K1,LGALS14,HDGFL2,CLASRP,BICRA,DBP,ZNF528,TMC4,SNORD19B,TASOR,APPL1,CRBN,HGD,LRRC58,ZBTB20,SPICE1,CFAP44,OXNAD1,SLC33A1,VEPH1,PDCD10,USP13,ALG3,ATF7IP2,RSL1D1,CEP20,DNAH3,VWA3A,HIRIP3,MAZ,ABCC11,AKTIP,GLIS2,ATP6V0D1,TERF2,SNORD71,DDX19B,KARS1,GTPBP10,MAGI2,PTPN12,ORC5,RINT1,CBLL1,IQUB,ATP6V1F,ATP6V1FNB,SMO,DYNC2I1,KDELR2,CYTH3,ZKSCAN5,AP4M1,CASTOR2,GALNT17,GLI3,HERPUD2,GARS1,AHR,CRPPA,EFHC1,PEX6,DNAH8,FIG4,ILRUN,CFB,mml-mir-877,ECI2,L3MBTL3,NUP43,LRP11,TMEM181,UGT8,NOCT,USP38,EDNRA,TMEM184C,PDGFC,U3,DDX60L,NCAPG,NEIL3,PRIMPOL,PI4K2B,ANAPC4,KLHL5,CSN1S1,LPCAT1,SLC36A2,PWWP2A,HMMR,RARS1,RGS14,SNORD96,mml-mir-579,DNAJC21,SPEF2,IRX1,C9,ICE1,SETD9,ENC1,CERT1,PDE8B,DMGDH,CAST,KLHL28,JKAMP,HIF1A,ZBTB1,PLEKHG3,EIF2S1,FLVCR2,POMT2,YY1,ZNF839,DTWD1,LACTB,CA12,RBPMS2,SNORD13E,WDR61,PSMA4,MESD,WHAMM,U7,PARP2,METTL3,PSMB5,PSME1,IRF9,RNF31,ANGPT1,NDRG1,PPP2R2A,GPAT4,VDAC3,SLC20A2,MYBL1,ZBTB10,ZNF704,POP1,DNMBP,SMC3,RAB11FIP2,DHX32,C9H10orf90,PROSER2,PPP2R2D,STAM,SLC39A12,KIF5B,KIFBP,TASOR2,STOX1,SNORD98,CUL4B,PLXNB3,ZNF81,ZMYM3
TRUE,TRUE,FALSE,FALSE,FALSE,FALSE,88,SORT1,SDF4,POLR3C,CGN,KHDC4,ARHGEF11,SOAT1,HHAT,KCTD3,TP53BP2,DNAH14,TSNAX,PABPC4,ST3GAL3,AKR1A1,DDX21,TOLLIP,LDLRAD3,CORO1C,AACS,ITFG2,SMARCD1,CSRNP2,NALCN,TMCO3,GTF2F2,KPNA3,SRP54,RDH11,ACTN1,ADAL,SPG21,PRC1,COQ7,IQCK,KDM8,ITFG1,FAM117A,COG1,POLR2A,GGA3,TMEM94,QRICH2,CNTROB,P4HB,AXL,VASP,ZC3H4,ZRANB3,PLA2R1,HAT1,NCL,SELENOI,SPAST,DYNC2LI1,ADAM17,CPNE1,VAPB,HIRA,ASCC2,MKRN2,COPG1,IFT122,RYK,PLOD2,CAPN7,FAM149A,SLC2A9,ALDH7A1,DIAPH1,GEMIN5,MCCC2,MFSD4B,EPHB4,PRKRIP1,THSD7A,ZNF398,COA1,PRKAR1B,RCC1L,INTS10,PLPBP,ASH2L,PXDNL,RAB2A,ODF2,PTPA,CTPS2
FALSE,TRUE,FALSE,FALSE,FALSE,FALSE,2737,evm.TU.scaffold0001.3,NCAPH2,MAPK11,HDAC10,TUBGCP6,SELENOO,TRABD,TRMU,TTC38,KIAA0930,PRR5,PARVB,SAMM50,PACSIN2,CYB5R3,POLDIP3,evm.TU.scaffold0001.122,MEI1,PMM1,ACO2,PHF5A,CHADL,L3MBTL2,ST13,MRTFA,RPL3,TMEM184B,PICK1,POLR2F,GGA1,CARD10,CYTH4,EIF3D,MCM5,TOM1,novel_gene_134_5d71f2e7,novel_gene_48_5d769ab4,evm.TU.scaffold0001.284,APPL2,ALDH1L2,NFYB,PARPBP,SLC5A8,ANO4,novel_gene_408_5d846b90,novel_gene_433_5d769ab4,evm.TU.scaffold0001.341,AMDHD1,novel_gene_192_5d71f2e7,novel_gene_64_5d769ab4,CD9,TNFRSF1A,CD27,VAMP1,GAPDH,NOP2,COPS7A,CD4,GPR162,TPI1,ATN1,PTPN6,PHB2,CLEC4A,SLC2A3,CLEC1A,CLEC7A,KLRD1,BORCS5,PLBD1,STRAP,PLEKHA5,ABCC9,CMAS,novel_gene_271_5d71f2e7,INTS13,TMTC1,IPO8,SINHCAF,PKP2,CPNE8,LRRK2,PUS7L,IRAK4,TMEM117,novel_gene_415_5d846b90,novel_gene_436_5d769ab4,evm.TU.scaffold0001.644,RAPGEF3,HDAC7,PFKM,split_gene_evm.TU.scaffold0001.671-g3631,ZNF641,ADCY6,FMNL3,CERS5,LIMA1,GALNT6,TNS2,ZNF740,RARG,ESPL1,AC023509.3,ATP5MC2,CALCOCO1,CBX5,HNRNPA1,NCKAP1L,SARNP,MMP19,DGKA,novel_gene_1872_5d71f2e7,AC034102.2,ESYT1,RBMS2,ATP5F1B,MYO1A,LRP1,novel_gene_1946_5d71f2e7,TMBIM4,novel_gene_133_5d769ab4,evm.TU.scaffold0001.992,CPM,PTPRB,PTPRR,LGR5,novel_gene_421_5d846b90,novel_gene_448_5d769ab4,PAWR,CEP290,TMTC3,KITLG,DCN,NUDT4,MRPL42,NDUFA9,CCND2,PARP11,evm.TU.scaffold0001.1164,TSPAN11,TULP3,FOXM1,evm.TU.scaffold0001.1180,DDX11,WASHC1,SLC6A12,DCP1B,novel_gene_2602_5d71f2e7,novel_gene_2122_5d71f2e7,MTMR6,ATP8A2,HSPH1,FRY,novel_gene_431_5d846b90,novel_gene_455_5d769ab4,evm.TU.scaffold0001.1256,BRCA2,evm.TU.scaffold0001.1285,USP18,novel_gene_433_5d846b90,novel_gene_459_5d769ab4,IL17RA,IMP4,AC138894.1,EIF3C,NFATC2IP,GTF3C1,IL21R,PIGQ,WDR90,RHOT2,RHBDL1,STUB1,GNPTG,IFT140,MAPK8IP3,NME3,ZNF598,PKD1,TRAF7,ECI1,TEDC2,ZNF200,MEFV,NAA60,TRAP1,novel_gene_1289_5d71f2e7,ANKS3,UBN1,EEF2KMT,novel_gene_166_5d846b90,novel_gene_172_5d769ab4,RBFOX1,C16orf72,GSPT1,novel_gene_1415_5d71f2e7,RRN3,MYH11,NOMO1,AC138811.2,GDE1,GUSB,TYW1,novel_gene_59_5d846b90,RFC2,LIMK1,TBL2,BCL7B,evm.TU.scaffold0002.380,novel_gene_1601_5d71f2e7,STYXL1,ZP3,LRWD1,COL26A1,CLDN15,SRRT,GIGYF1,LRCH4,AGFG2,MCM7,FBN3,PRRC1,MEGF10,GRAMD2B,PRDM6,ARL14EPL,CDO1,TRIM36,KCNN2,novel_gene_1811_5d71f2e7,novel_gene_266_5d71f2e7,novel_gene_87_5d846b90,novel_gene_90_5d769ab4,EFNA5,PAM,novel_gene_89_5d846b90,novel_gene_92_5d769ab4,RIOK2,ERAP2,novel_gene_183_5d846b90,novel_gene_846_5d71f2e7,SLF1,LYSMD3,XRCC4,ATG10,SSBP2,RASGRF2,FAM151B,ZFYVE16,THBS4,evm.TU.scaffold0002.731_evm.TU.scaffold0002.732,AC022414.1,POC5,HMGCR,FAM169A,HEXB,ARHGEF28,ZNF366,SMN1,GTF2H2,RAD17,AK6,MRPS36,CENPH,CCNB1,novel_gene_109_5d846b90,novel_gene_111_5d769ab4,SGTB,CENPK,ADAMTS6,ELOVL7,DEPDC1B,novel_gene_199_5d846b90,novel_gene_207_5d769ab4,PDE4D,evm.TU.scaffold0002.849,SDHA,BRD9,TRIP13,NKD2,SLC12A7,CLPTM1L,SLC6A3,NSUN2,TENT4A,evm.TU.scaffold0002.900,ANKRD33B,evm.TU.scaffold0002.917,novel_gene_219_5d769ab4,CDH18,evm.TU.scaffold0002.956,TARS,SKP2,TTC33,RPL37,PLCXD3,ZNF131,HMGCS1,C5orf34,HCN1,ITGA2,novel_gene_137_5d846b90,novel_gene_481_5d71f2e7,PLPP1,PLS1,TRPC1,novel_gene_517_5d71f2e7,novel_gene_24_5d71f2e7,novel_gene_6_5d769ab4,SLC9A9,evm.TU.scaffold0003.27,PLSCR2,HPS3,CP,ZNRF4,ERICH6,ROBO2,novel_gene_386_5d846b90,novel_gene_405_5d769ab4,novel_gene_25_5d769ab4,novel_gene_73_5d71f2e7,GBE1,novel_gene_26_5d846b90,CADM2,novel_gene_2090_5d71f2e7,novel_gene_388_5d846b90,EPHA3,evm.TU.scaffold0003.125,DCBLD2,NXPE3,ALCAM,CIP2A,CD96,PLCXD2,PHLDB2,C3orf52,CCDC80,GTPBP8,SIDT1,CCDC191,GTF2E1,POLQ,IQCB1,EAF2,FAM162A,PARP9,PARP14,ADCY5,novel_gene_391_5d846b90,novel_gene_410_5d769ab4,novel_gene_1424_5d71f2e7,HEG1,SNX4,IQCG,FYTTD1,RUBCN,PCYT1A,MELTF,PPP1R2B,IL1RAP,P3H2,ETV5,PSMD2,ABCF3,EIF2B5,ABCC5,MCF2L2,DCUN1D1,FXR1,PEX5L,NDUFB5,NLGN1,PLD1,novel_gene_2147_5d71f2e7,novel_gene_394_5d846b90,evm.TU.scaffold0003.552,GOLIM4,SCHIP1,GFM1,MME,evm.TU.scaffold0003.625,evm.TU.scaffold0003.657,novel_gene_99_5d846b90,ADAMTS5,PRMT2,LSS,SLC19A1,CHAF1B,novel_gene_108_5d846b90,novel_gene_352_5d71f2e7,MX2,C2CD2,ABCG1,novel_gene_1982_5d71f2e7,CBSL,AGPAT3,CFAP410,IL10RB,URB1,D2HGDH,STK25,novel_gene_27_5d71f2e7,RNPEPL1,PER2,ESPNL,LRRFIP1,MLPH,novel_gene_1997_5d71f2e7,novel_gene_373_5d846b90,novel_gene_391_5d769ab4,TRPM8,EFHD1,EIF4E2,COPS7B,B3GNT7,A630001G21RIK,SP100,SP110,COL4A3,NYAP2,SPEG,STK16,ANKZF1,ATG9A,ABCB6,CYP27A1,STK36,ARPC2,SMARCAL1,BARD1,LANCL1,UNC80,IDH1,FASTKD2,CD28,TMEM237,STRADB,NIF3L1,PPIL3,BZW1,FTCDNL1,SATB2,PLCL1,MOB4,COQ10B,STAT4,GLS,WDR75,ZC3H15,CWC22,ZNF385B,novel_gene_362_5d846b90,novel_gene_375_5d769ab4,AGPS,NFE2L2,LNPK,AC004593.3,GPR155,SCRN3,METAP1D,DCAF17,ERICH2,evm.TU.scaffold0004.545,KLHL41,DHRS9,evm.TU.scaffold0004.564,TTC21B,CSRNP3,SLC38A11,FAP,DPP4,PSMD14,ACVR1C,novel_gene_380_5d846b90,novel_gene_399_5d769ab4,evm.TU.scaffold0004.647,CACNB4,EPC2,ZEB2,novel_gene_2045_5d71f2e7,novel_gene_381_5d846b90,evm.TU.scaffold0004.682,novel_gene_383_5d846b90,novel_gene_401_5d769ab4,TMEM163,novel_gene_2052_5d71f2e7,evm.TU.scaffold0004.714,novel_gene_383_5d769ab4,CCDC93,MARCO,GLI2,novel_gene_1744_5d71f2e7,TFCP2L1,CNTNAP5,BIN1,MYO7B,POLR2D,SLC25A48,JADE2,evm.TU.scaffold0005.37,VDAC1,FSTL4,SEPT8,KIF3A,IRF1,novel_gene_669_5d71f2e7,ADAMTS19,FAF2,LMAN2,GRK6,FAM193B,PHYKPL,novel_gene_31_5d769ab4,COL23A1,novel_gene_83_5d71f2e7,PLK4,ABHD18,PGRMC2,PCDH10,TBC1D9,GAB1,HHIP,MMAA,novel_gene_135_5d71f2e7,novel_gene_49_5d769ab4,evm.TU.scaffold0005.243,FHDC1,CPE,novel_gene_57_5d769ab4,novel_gene_57_5d846b90,novel_gene_176_5d846b90,PALLD,novel_gene_793_5d71f2e7,CEP44,GLRA3,FDFT1,NEIL2,ZNF395,CCDC25,EPHX2,CHRNA2,PALM,MED16,GRIN3B,TMEM259,ARHGAP45,GPX4,MIDN,DAZAP1,evm.TU.scaffold0005.487,BTBD2,MKNK2,GNA11,NCLN,CACTIN,ZFR2,PIAS4,SHD,MPND,SEMA6B,DPP9,UHRF1,PTPRS,LONP1,DUS3L,NDUFA11,VMAC,RANBP3,RFX2,GTF2F1,KHSRP,DENND1C,EIF3G,TYK2,SLC44A5,ILF3,CARM1,novel_gene_1955_5d71f2e7,SMARCA4,DOCK6,ECSIT,CNN1,evm.TU.scaffold0005.718,ZNF333,CLEC17A,DDX39A,ADGRE5,ADGRL1,novel_gene_1970_5d71f2e7,RFX1,MRI1,CCDC130,STX10,RAD23A,CALR,DNASE2,ASNA1,TNPO2,ILVBL,AKAP8L,CHERP,OCEL1,BABAM1,MVB12A,JAK3,ARRDC2,IL12RB1,AC007192.1,AC008397.2,LSM4,ISYNA1,CRTC1,ARMC6,SUGP1,SORBS3,CCAR2,CHMP7,LOXL2,CDCA2,BNIP3L,MARCH2,CERS4,EVI5L,ZNF879,ARF1,TRIM11,AFAP1L1,ARHGEF37,HMGXB3,PDGFRB,CD74,novel_gene_2098_5d71f2e7,novel_gene_2099_5d71f2e7,novel_gene_2107_5d71f2e7,THG1L,novel_gene_143_5d846b90,novel_gene_146_5d769ab4,evm.TU.scaffold0005.1140,TTC1,SLU7,MAT2B,RARS,novel_gene_1170_5d71f2e7,novel_gene_244_5d846b90,novel_gene_255_5d769ab4,LCP2,SH3PXD2B,CREBRF,CPEB4,SFXN1,BAIAP2L1,OCM2,EIF2AK1,DAGLB,C7orf26,ZNF316,OLFR718-PS1,FSCN1,novel_gene_2282_5d71f2e7,AP5Z1,novel_gene_571_5d71f2e7,novel_gene_154_5d846b90,novel_gene_157_5d769ab4,IQCE,novel_gene_2309_5d71f2e7,novel_gene_2314_5d71f2e7,MICALL2,ANK1,novel_gene_1434_5d71f2e7,POLB,CSGALNACT1,novel_gene_1583_5d71f2e7,novel_gene_299_5d846b90,CDC16,GAS6,TFDP3,DCUN1D2,PCID2,CARS2,COL4A2,MYO16,ERCC5,FGF14,TMTC4,novel_gene_280_5d846b90,novel_gene_291_5d769ab4,evm.TU.scaffold0006.129,novel_gene_1618_5d71f2e7,novel_gene_304_5d846b90,SLC15A1,IPO5,GPR180,GPC4,LMO7,DIS3,BORA,KLHL1,novel_gene_312_5d846b90,novel_gene_323_5d769ab4,novel_gene_315_5d846b90,novel_gene_326_5d769ab4,evm.TU.scaffold0006.254,PCDH17,SUGT1,ELF1,novel_gene_285_5d846b90,novel_gene_297_5d769ab4,ITM2B,RCBTB2,PHF11,CPB2,LRCH1,TNFRSF19,novel_gene_1704_5d71f2e7,novel_gene_322_5d846b90,evm.TU.scaffold0006.405,NHLRC3,TEK,PLAA,novel_gene_1738_5d71f2e7,novel_gene_334_5d846b90,ADAMTSL1,evm.TU.scaffold0007.84,evm.TU.scaffold0007.87,novel_gene_352_5d846b90,novel_gene_335_5d846b90,novel_gene_350_5d769ab4,SNAPC3,PTPRD,novel_gene_353_5d846b90,novel_gene_369_5d769ab4,novel_gene_1747_5d71f2e7,novel_gene_336_5d846b90,novel_gene_351_5d769ab4,IL33,PDCD1LG2,novel_gene_1893_5d71f2e7,novel_gene_370_5d769ab4,evm.TU.scaffold0007.155,FAM189A2,TRPM3,novel_gene_338_5d846b90,novel_gene_353_5d769ab4,CEMIP2,PRUNE2,TLE3,DDX58,DNAJA1,NOL6,VCP,PIGO,STOML2,RUSC2,TESK1,CCDC107,TLN1,CREB3,NPR2,HINT2,RECK,DCAF10,TDRD7,TRIM14,GALNT12,COL15A1,TMEFF1,SMC2,SLC44A1,FSD1L,CTNNAL1,AKAP2,ZNF483,DNAJC25,GGTA1,GSN,TRAF1,evm.TU.scaffold0007.512,ASTN2,novel_gene_366_5d846b90,novel_gene_385_5d769ab4,PAPPA,TMEM268,COL27A1,novel_gene_1820_5d71f2e7,novel_gene_348_5d846b90,PSMB7,ARPC5L,PPP6C,RABEPK,RPL12,LRSAM1,FAM129B,STXBP1,ENG,SLC25A25,PMPCA,COL5A1,SLC2A6,RALGDS,GTF3C4,DDX31,CFAP77,MED27,novel_gene_1509_5d71f2e7,novel_gene_1510_5d71f2e7,POMT1,HMCN2,novel_gene_1552_5d71f2e7,ASB6,MIGA2,SH3GLB2,CERCAM,GOLGA6A,LCN2,EXD3,TPRN,SSNA1,ANAPC2,MAN1B1,ENTPD2,ABCA2,TRAF2,EDF1,TMPRSS5,NCAM1,DIXDC1,AP001781.2,SIK2,LAYN,POU2AF1,ARHGAP20,C11orf65,SLC35F2,ALKBH8,CWF19L2,GUCY1A2,CASP12,BIRC3,evm.TU.scaffold0008.117_novel_gene_58_5d71f2e7_novel_gene_20_5d769ab4,novel_gene_122_5d846b90,CEP57,CWC15,AP001273.2,SLC36A4,CHORDC1,NOX4,RAB38,CCDC81,HIKESHI,RAB30,CAPN5,ACER3,WNT11,MAP6,POLD3,PGM2L1,PAAF1,MRPL48,novel_gene_1396_5d71f2e7,ATG16L2,STARD10,PDE2A,INPPL1,ANAPC15,RNF175,TRPC2,novel_gene_1426_5d71f2e7,TRIM21,TRIM6,ZNF215,SYT9,PPFIBP2,CYB5R2,RIC3,SCUBE2,WEE1,novel_gene_209_5d71f2e7,novel_gene_69_5d769ab4,RNF141,novel_gene_74_5d769ab4,novel_gene_74_5d846b90,PDE3B,novel_gene_224_5d71f2e7,novel_gene_76_5d769ab4,SOX6,TSG101,E2F8,novel_gene_157_5d846b90,novel_gene_577_5d71f2e7,LGR4,WT1,CSTF3,ABTB2,CAT,APIP,SLC1A2,PAMR1,C11orf74,HSD17B12,ALKBH3,novel_gene_1823_5d71f2e7,DGKZ,ZNF408,LRP4,MADD,TNKS1BP1,DTX4,PATL1,novel_gene_1880_5d71f2e7,CYB561A3,SYT7,INCENP,ERMARD,SMOC2,FGFR1OP,RPS6KA2,novel_gene_600_5d71f2e7,novel_gene_602_5d71f2e7,PACRG,novel_gene_94_5d769ab4,novel_gene_94_5d846b90,novel_gene_705_5d71f2e7,MRPL18,FNDC1,TAGAP,EZR,SERAC1,SYNJ2,IPCEF1,RGS17,FBXO5,novel_gene_312_5d71f2e7,novel_gene_870_5d71f2e7,CCDC170,ZC3H12D,UST,ADGB,novel_gene_34_5d769ab4,novel_gene_35_5d846b90,AIG1,TNFAIP3,BCLAF1,PDE7B,novel_gene_122_5d71f2e7,novel_gene_44_5d846b90,MYB,STX7,MOXD1,novel_gene_141_5d71f2e7,novel_gene_52_5d769ab4,novel_gene_52_5d846b90,novel_gene_115_5d846b90,novel_gene_366_5d71f2e7,THEMIS,RSPO3,HDDC2,TPD52L1,PKIB,SERINC1,MAN1A1,FAM184A,MCM9,ZUP1,SULT3A1,NT5DC1,HDAC2,SLC16A10,METTL24,CDC40,MICAL1,SESN1,AFG1L,C6orf203,CRYBG1,PRDM1,novel_gene_215_5d71f2e7,novel_gene_72_5d769ab4,GRIK2,USP45,MMS22L,KLHL32,BACH2,ANKRD6,RRAGD,ORC3,MRAP2,SNAP91,ME1,PGM3,novel_gene_82_5d769ab4,DOP1A,TTK,HMGN3,evm.TU.scaffold0010.8,NRDC,ZYG11B,ECHDC2,LRP8,GLIS1,SSBP3,TTC4,PLPP3,novel_gene_284_5d71f2e7,novel_gene_95_5d769ab4,CYP2J2,novel_gene_294_5d71f2e7,novel_gene_97_5d846b90,novel_gene_98_5d769ab4,UBE2U,AK4,novel_gene_100_5d846b90,novel_gene_306_5d71f2e7,SLC35D1,IL23R,SERBP1,WLS,LRRC7,LRRC40,AC118549.1,NEXN,WDR63,SYDE2,GTF2B,GBP5,LRRC8D,BTBD8,GLMN,MTF2,GCLM,E2F3,RNF144B,TPMT,FAM8A1,novel_gene_189_5d71f2e7,novel_gene_62_5d769ab4,PHACTR1,novel_gene_126_5d846b90,novel_gene_128_5d769ab4,BLOC1S5-TXNDC5,BMP6,SNRNP48,F13A1,evm.TU.scaffold0010.416,novel_gene_75_5d769ab4,LIMS1,novel_gene_1565_5d71f2e7,novel_gene_134_5d846b90,novel_gene_135_5d769ab4_novel_gene_446_5d71f2e7,SH3RF3,RPIA,IRF4,novel_gene_242_5d71f2e7,novel_gene_80_5d846b90,novel_gene_1672_5d71f2e7,novel_gene_320_5d846b90,GRID1,evm.TU.scaffold0011.15,MMRN2,GLUD1,evm.TU.scaffold0011.51,VSTM4,WASHC2A,evm.TU.scaffold0011.97,evm.TU.scaffold0011.98,PRXL2A,ANXA11,RPS24,COMTD1,CAMK2G,FUT11,SEC24C,MICU1,novel_gene_474_5d71f2e7,PSAPL1,CDH23,novel_gene_327_5d846b90,novel_gene_343_5d769ab4,AIFM2,DDX50,MYPN,novel_gene_1533_5d71f2e7,novel_gene_292_5d846b90,novel_gene_304_5d769ab4,CTNNA3,REEP3,RTKN2,TMEM26,novel_gene_1540_5d71f2e7,novel_gene_306_5d769ab4,IPMK,PRKG1,novel_gene_331_5d846b90,novel_gene_346_5d769ab4,evm.TU.scaffold0011.280,MINPP1,ATAD1,RNLS,LIPF,STAMBPL1,ACTA2,KIF20B,HECTD2,novel_gene_936_5d71f2e7,FRA10AC1,CYP2C9,BLNK,TLL2,ARHGAP19-SLIT1,ZFYVE27,R3HCC1L,HPS1,COX15,CHUK,CWF19L1,evm.TU.scaffold0011.414,DPCD,LDB1,SUFU,SFXN2,CNNM2,PCGF6,NEURL1,SLK,CFAP43,novel_gene_1779_5d71f2e7,novel_gene_341_5d846b90,SORCS1,XPNPEP1,VTI1A,CASP7,AFAP1L2,novel_gene_1649_5d71f2e7,novel_gene_316_5d846b90,novel_gene_329_5d769ab4,HSPA12A,FAM204A,VPS4B,KDSR,CCBE1,LMAN1,SEC11C,TXNL1,novel_gene_176_5d71f2e7,evm.TU.scaffold0012.64,CFAP53,novel_gene_286_5d846b90,novel_gene_299_5d769ab4,evm.TU.scaffold0012.90,ACAA2,SMAD2,ST8SIA5,novel_gene_1356_5d71f2e7,novel_gene_269_5d846b90,evm.TU.scaffold0012.118,KIAA1328,novel_gene_1363_5d71f2e7,novel_gene_270_5d846b90,SLC39A6,C18orf21,MAPRE2,NOL4,GAREM1,RNF125,DSC3,CDH2,HRH4,novel_gene_606_5d71f2e7,ANKRD29,NPC1,CABLES1,novel_gene_1557_5d71f2e7,TYMS,METTL4,MYOM1,DLGAP1,novel_gene_1563_5d71f2e7,novel_gene_296_5d846b90,PTPRM,NDUFV2,RAB31,APCDD1,NAPG,novel_gene_1409_5d71f2e7,novel_gene_273_5d846b90,PRELID3A,PTPN2,CHCHD6,novel_gene_964_5d71f2e7,RUVBL1,HMCES,NCOA3,MMP9,ACOT8,DNTTIP1,PIGT,IFT52,L3MBTL1,novel_gene_1613_5d71f2e7,novel_gene_305_5d846b90,novel_gene_316_5d769ab4,PTPRT,PLCG1,DHX35,ACTR5,TGM2,NDRG3,SLA2,FAM122B,HPRT1,GPC3,novel_gene_199_5d769ab4,novel_gene_904_5d71f2e7,evm.TU.scaffold0013.12,CXorf56,novel_gene_200_5d846b90,novel_gene_206_5d769ab4,PLS3,HTR2C,AMMECR1,RBM41,MORC4,BTK,evm.TU.scaffold0013.251,evm.TU.scaffold0013.252,DIAPH2,DACH2,novel_gene_39_5d769ab4,novel_gene_40_5d846b90,novel_gene_218_5d846b90,novel_gene_227_5d769ab4,evm.TU.scaffold0013.300,APOOL,CHMP1B,PGK1,OSGIN1,CA2,CA13,LRRCC1,evm.TU.scaffold0014.39,novel_gene_7_5d846b90,SNX16,UBE2V2,OTUD6B,RUNX1T1,GEM,SDC2,MATN2,novel_gene_108_5d769ab4,novel_gene_342_5d71f2e7,evm.TU.scaffold0014.118,RGS22,RRM2B,AZIN1,novel_gene_111_5d846b90,novel_gene_114_5d769ab4,evm.TU.scaffold0014.153,novel_gene_100_5d71f2e7,CSMD3,novel_gene_37_5d846b90,EIF3H,RAD21,EXT1,SAMD12,ENPP2,TAF2,COL14A1,MTBP,CA8,PDE7A,SGK3,EYA1,KCNB2,AC022826.2,MRPS28,AC036214.3,PAG1,FAM91A1,TMEM71,TG,ST3GAL1,AGO2,ZC3H3,GSDMD,EEF1D,NRBP2,PLEC,OPLAH,GPAA1,BOP1,HSF1,ADCK5,CPSF1,VPS28,KIFC2,MFSD3,RECQL4,ARHGAP39,KATNBL1,EMC7,RYR3,novel_gene_300_5d846b90,novel_gene_313_5d769ab4,ARHGAP11A,DPH6,C15orf41,GPR176,PLCB2,BAHD1,KNL1,RAD51,DNAJC17,NUSAP1,NDUFAF1,JMJD7-PLA2G4B,EHD4,CAPN3,ZNF106,CDAN1,novel_gene_1756_5d71f2e7,PPIP5K1,ELL3,WDR76,SORD,SEMA6D,SPPL2A,AP4E1,RAB27A,novel_gene_1469_5d71f2e7,novel_gene_293_5d769ab4,evm.TU.scaffold0015.261,ALDH1A2,LIPC,novel_gene_620_5d71f2e7,BNIP2,APH1B,SNX1,IGDCC4,INTS14,RAB11A,DIS3L,ZWILCH,SMAD3,ANP32A,ATL1,NIN,PYGL,CDKN3,CNIH1,TMEM260,ARID4A,DAAM1,SNAPC1,SYT16,evm.TU.scaffold0015.505,MTHFD1,MAX,PLEKHH1,VTI1B,novel_gene_1567_5d71f2e7,novel_gene_294_5d846b90,evm.TU.scaffold0015.552,EXD2,GALNT16,novel_gene_1173_5d71f2e7,novel_gene_242_5d846b90,novel_gene_256_5d769ab4,TAF3,ITIH5,IL2RA,IL15RA,evm.TU.scaffold0016.29,ASB13,NET1,novel_gene_11_5d769ab4,novel_gene_11_5d846b90,CFI,LEF1,HADH,CYP2U1,DKK2,CENPE,novel_gene_1210_5d71f2e7,BANK1,novel_gene_261_5d769ab4,EMCN,MTTP,TSPAN5,novel_gene_1224_5d71f2e7,novel_gene_265_5d769ab4,SNCA,HERC6,PTPN13,novel_gene_1239_5d71f2e7,novel_gene_266_5d769ab4,evm.TU.scaffold0016.212,GPAT3,HPSE,COPS4,THAP9,TMEM150C,HNRNPD,RASGEF1B,CCNI2,SEPT11,CCDC158,SCARB2,ART3,SDAD1,NAAA,RCHY1,PARM1,NLRP5,U2AF2,ISOC2,KMT5C,HSPBP1,PPP6R1,RDH13,LENG8,CNOT3,ETFB,AC020909.1,NR1H2,NAPSA,KCNC3,MYH14,PNKP,PTOV1,FUZ,PRMT1,SCAF1,PRR12,ALDH16A1,CCDC155,SPHK2,RPL18,CYTH2,CCDC114,NOP53,MEIS3,NOVA2,ERCC1,XRCC1,ARHGEF1,DEDD2,MEGF8,TGFB1,PSMC4,MED29,FBXO27,RYR1,YIF1B,CIAPIN1,ADGRG5,KATNB1,CSNK2A2,CDH8,CDH11,CMTM4,ZDHHC1,CTCF,CARMIL2,GFOD2,RANBP10,EDC4,PSMB10,PLA2G15,HAS3,COG8,NQO1,DHX38,ZNF19,COG4,DDX19A,AC012184.2,TMEM231,GAN,novel_gene_1682_5d71f2e7,novel_gene_321_5d846b90,evm.TU.scaffold0017.765,SLC38A8,WFDC1,KLHL36,novel_gene_1694_5d71f2e7,novel_gene_323_5d846b90,COX4I1,IRF8,MAP1LC3B2,CYBA,MVD,CTU2,CDT1,GALNS,CBFA2T3,ACSF3,PDCD5,SLC7A9,USF2,CD22,KMT2B,LIN37,CAPNS1,ZNF568,NLRC5,BBS2,OGFOD1,GNAO1,LPCAT2,MMP2,BRD7,TENT4B,GPT2,SHCBP1,TCF25,DEF8,GAS8,TAPT1,novel_gene_203_5d846b90,novel_gene_211_5d769ab4,novel_gene_940_5d71f2e7,SLIT2,novel_gene_188_5d769ab4,novel_gene_832_5d71f2e7,ZCCHC4,PCDH7,novel_gene_192_5d769ab4,novel_gene_855_5d71f2e7,ARAP2,WDR19,novel_gene_187_5d846b90,novel_gene_195_5d769ab4,LIMCH1,ATP8A1,GNPDA2,GABRA2,GABRA4,novel_gene_883_5d71f2e7,novel_gene_188_5d846b90,novel_gene_196_5d769ab4,CORIN,OCIAD1,FIP1L1,KDR,SRD5A3,evm.TU.scaffold0018.169,KIAA1211,PAICS,POLR2B,EPHA5,novel_gene_227_5d846b90,novel_gene_239_5d769ab4,ODAM,evm.TU.scaffold0018.270,novel_gene_208_5d769ab4,novel_gene_921_5d71f2e7,SLC16A8,ASPSCR1,HGS,ACTG1,SLC38A10,CARD14,TIMP2,USP36,CYTH1,TMC8,MGAT5B,ST6GALNAC2,RNF157,EXOC7,ACOX1,FBF1,JPT1,SLC39A11,novel_gene_1159_5d71f2e7,novel_gene_1161_5d71f2e7,MAP2K6,ABCA8,FAM20A,evm.TU.scaffold0019.250,ARSG,SLC16A6,CEP95,POLG2,LIMD2,MAP3K3,DCAF7,MRC2,NSF,GOSR2,CLTCL1,DDX52,MTMR4,AC015813.2,MSI2,novel_gene_65_5d769ab4,novel_gene_66_5d846b90,AKAP1,MMD,NME1-NME2,ANKRD40,ABCC3,EPN3,ACSF2,LRRC59,PDK2,ITGA3,SPOP,UBE2Z,SKAP1,CBX1,COPZ2,OSBPL7,TBX21,CWC25,RPL23,LASP1,novel_gene_1585_5d71f2e7,CACNB1,FBXL20,MED1,STARD3,ORMDL3,PSMD3,CASC3,TTC25,RETREG3,PTGES3L-AARSD1,RUNDC1,IFI35,BRCA1,NBR1,TMEM106A,MEOX1,ATXN7L3,GRN,ITGA2B,DBF4B,EFTUD2,MAP3K14,ARHGAP27,MMP28,SLFN5,ASIC2,TMEM98,ZNF207,KSR1,LGALS9,TNFAIP1,SDF2,SUPT6H,TRAF4,DHRS13,TP53I13,ANKRD13B,EFCAB5,BLMH,GLOD4,DOC2B,WDR81,SERPINF1,SRR,SGSM2,MNT,METTL16,PAFAH1B1,AC027796.3,ITGAE,ATP2A3,CYB5D2,MYBBP1A,WSCD1,DERL3,C1QBP,KIF1C,CAMTA2,PFN1,MINK1,PELP1,CCNB3,FOXP3,MAGIX,TFE3,HDAC6,WAS,evm.TU.scaffold0020.46,RBM3,evm.TU.scaffold0020.56,evm.TU.scaffold0020.71,CDK16,UBA1,FUNDC1,novel_gene_216_5d769ab4,novel_gene_942_5d71f2e7,DDX3X,ATP6AP2,TSPAN7,PCYT1B,EIF2S3,APOO,ACOT9,novel_gene_541_5d71f2e7,MAP3K15,PDHA1,CDKL5,evm.TU.scaffold0020.267,ACE2,PIR,VEGFD,novel_gene_108_5d71f2e7_novel_gene_38_5d769ab4,FRMPD4,MSL3,TBL1Y,ANOS1,PNPLA4,novel_gene_44_5d769ab4,XG,CD99,AKAP17A,ASMTL,CSF2RA,novel_gene_1272_5d71f2e7,novel_gene_259_5d846b90,CAMKMT,EPAS1,EPCAM,novel_gene_1287_5d71f2e7,novel_gene_275_5d769ab4,ASB3,CLHC1,CCDC88A,CFAP36,PPP4R3B,EFEMP1,CCDC85A,CCT4,LGALSL,CEP68,RAB1A,ACTR2,PPP3R1,ARHGAP25,ANTXR1,GMCL1,C2orf42,TIA1,AC007040.2,NAGK,novel_gene_1321_5d71f2e7,novel_gene_280_5d769ab4,CCT7,TPRKB,DGUOK,MOGS,CCDC142,ELMOD3,CAPG,MAT2A,USP39,ST3GAL5,REEP1,KDM3A,CHMP3,CD8B,ACOXL,novel_gene_1237_5d71f2e7,novel_gene_271_5d846b90,novel_gene_284_5d769ab4,NCAPH,ARID5A,ANKRD39,SEMA4C,ZAP70,CNGA3,TMEM30A,CGAS,novel_gene_179_5d846b90,novel_gene_186_5d769ab4,KCNQ5,RIMS1,novel_gene_187_5d769ab4,novel_gene_839_5d71f2e7,ADGRB3,novel_gene_182_5d846b90,novel_gene_189_5d769ab4,novel_gene_1031_5d71f2e7,novel_gene_220_5d846b90,KHDRBS2,evm.TU.scaffold0022.42,novel_gene_1034_5d71f2e7,novel_gene_221_5d846b90,FAM83B,MLIP,ICK,ADGRF5,PLA2G7,novel_gene_194_5d769ab4,evm.TU.scaffold0022.125,novel_gene_1066_5d71f2e7,novel_gene_228_5d846b90,SPATS1,HSP90AB1,CAPN11,TMEM63B,RSPH9,POLH,YIPF3,TJAP1,MRPL2,RRP36,KLHDC3,CNPY3,TAF8,BYSL,TFEB,evm.TU.scaffold0022.210,DAAM2,KCNK5,novel_gene_1094_5d71f2e7,novel_gene_234_5d846b90,CCDC167,CMTR1,FGD2,MTCH1,MAPK14,PPARD,ZNF76,TCP11X2,CDK14,PHF14,novel_gene_16_5d769ab4,novel_gene_16_5d846b90,novel_gene_44_5d71f2e7,DGKB,novel_gene_452_5d71f2e7,CDCA7L,IGF2BP3,CBX3,SNX10,novel_gene_235_5d846b90,novel_gene_249_5d769ab4,CHN2,NOD1,novel_gene_110_5d71f2e7,SEPT7,ANLN,KIAA0895,AOAH,DDC,UPP1,novel_gene_938_5d71f2e7,ADCY1,MYO1G,ZMIZ2,TMED4,AEBP1,DBNL,UBE2D4,novel_gene_103_5d71f2e7,ARL8B,TWF2,ALAS1,PCBP4,CACNA2D2,IP6K1,LAMB2,DALRD3,NCKIPSD,UQCRC1,ATRIP,DHX30,PTPN23,KLHL18,SLC6A20,LIMD1,EXOSC7,AC006059.2,ULK4,evm.TU.scaffold0024.260,XYLB,ACAA1,CMTM8,RBMS3,NEK10,RARB,ZNF385D,evm.TU.scaffold0024.358,EFHB,PLCL2,RFTN1,PIK3R4,CDV3,SLCO2A1,CEP63,CNBD2,NFS1,ERGIC3,EIF6,GSS,PIGU,RALY,CHMP4B,CDK5RAP1,EFCAB8,MAPRE1,FO393400.1,NOL4L,HCK,CCM2L,TTLL9,RBCK1,NOP56,IDH3B,VPS16,DDRGK1,SMOX,SLC23A2,GPCPD1,CRLS1,novel_gene_425_5d846b90,novel_gene_446_5d769ab4,evm.TU.scaffold0025.189,JAG1,RRBP1,DZANK1,novel_gene_428_5d846b90,novel_gene_450_5d769ab4,evm.TU.scaffold0025.245,TMX3,DOK6,CNDP2,novel_gene_2380_5d71f2e7,CNDP1,MBP,novel_gene_2422_5d71f2e7,novel_gene_2424_5d71f2e7,PQLC1,evm.TU.scaffold0025.370,PACS2,PLD4,evm.TU.scaffold0026.50,EIF5,WDR25,YY2,EML1,novel_gene_2196_5d71f2e7,PAPOLB,GSKIP,SYNE3,PPP4R4,ITPK1,novel_gene_2245_5d71f2e7,LGMN,TTC7B,novel_gene_2264_5d71f2e7,CALM3,novel_gene_2283_5d71f2e7,SPATA7,evm.TU.scaffold0026.230,novel_gene_2562_5d71f2e7,novel_gene_464_5d769ab4,NRXN3,novel_gene_435_5d846b90,novel_gene_451_5d769ab4,ADCK1,SNW1,ALKBH1,AHSA1,VASH1,FOS,TMED10,COQ6,evm.TU.scaffold0026.299,DCAF4L2,SIPA1L1,MED6,RSPO1,GNL2,MEAF6,AGO4,SFPQ,ZMYM1,AC114490.2,DLGAP3,PHC2,AK2,TXLNA,ADGRB2,COL16A1,SNRNP40,LAPTM5,GMEB1,RPA2,WDTC1,ZDHHC18,RPS6KA1,PAFAH2,LDLRAP1,MACO1,TMEM50A,RCAN3,NIPAL3,IFNLR1,IL22RA1,ATP13A2,SDHB,RCC2,AL080251.1,EMC1,KIF17,ECE1,HSPG2,HMGCL,FUCA1,KCNAB2,NOL9,novel_gene_2687_5d71f2e7,novel_gene_504_5d769ab4,evm.TU.scaffold0027.357,PER3,TNFRSF9,PARK7,ENO1,GPR157,SPSB1,AL109811.3,EXOSC10,TNFRSF8,TNFRSF1B,novel_gene_2482_5d71f2e7,KAZN,novel_gene_2702_5d71f2e7,FHAD1,novel_gene_2499_5d71f2e7,DNAJC16,PLEKHM2,SLC25A34,ZBTB17,PRDM16,novel_gene_469_5d846b90,novel_gene_491_5d769ab4,evm.TU.scaffold0027.488,SKI,CFAP74,CDK11B,CCNL2,MXRA8,ACAP3,NOC2L,UTP25,INTS7,PPP2R5A,NSL1,SMYD2,CENPF,novel_gene_2639_5d71f2e7,novel_gene_2640_5d71f2e7,IVNS1ABP,TSEN15,RGL1,SMG7,NPL,RGSL1,evm.TU.scaffold0028.104,novel_gene_457_5d846b90,EEF1AKNMT,evm.TU.scaffold0028.169,FMO5,LRRC71,PRCC,HDGF,IQGAP3,MEF2D,SMG5,UBQLN4,MSTO1,SHC1,ADAR,UBE2Q1,ATP8B2,DENND4B,GATAD2B,INTS3,NPR1,CHTOP,PLEKHO1,TARS2,ADAMTSL4,ENSA,CTSS,CTSK,CERS2,SEMA6C,VPS72,ZNF687,SELENBP1,MRPL9,THEM4,evm.TU.scaffold0028.439,PDE4DIP,novel_gene_478_5d769ab4,PTGFRN,ATP1A1,NRAS,DENND2C,ERICH1,DLGAP2,VEGFC,evm.TU.scaffold0029.76,ENPP6,CENPU,novel_gene_414_5d846b90,novel_gene_426_5d769ab4,KLKB1,FRG1,SGCZ,evm.TU.scaffold0029.154,DLC1,novel_gene_473_5d769ab4,PRAG1,GTF2E2,UBXN8,PPP2CA,PLPP5,PLEKHA2,MAGI1,novel_gene_2716_5d71f2e7,PRICKLE2,novel_gene_2719_5d71f2e7,novel_gene_473_5d846b90,CADPS,novel_gene_2548_5d71f2e7,PTPRG,novel_gene_2693_5d71f2e7,novel_gene_461_5d846b90,novel_gene_486_5d769ab4,ABHD6,DENND6A,ASB14,evm.TU.scaffold0030.71,ARHGEF3,novel_gene_498_5d769ab4,novel_gene_2727_5d71f2e7,novel_gene_476_5d846b90,novel_gene_499_5d769ab4,novel_gene_2699_5d71f2e7,novel_gene_463_5d846b90,CACNA2D4,CACNA2D3,ACTR8,IL17RB,TKT,TMEM110-MUSTN1,STAB1,NISCH,PPM1M,novel_gene_2733_5d71f2e7,novel_gene_477_5d846b90,GRM7,SSUH2,SRGAP3,CAMK1,TADA3,CIDEC,CRELD1,FANCD2,SYN2,PPARG,CAND2,RBSN,FGD5,XPC,HNRNPLL,RMDN2,SULT6B1,STRN,novel_gene_488_5d846b90,novel_gene_513_5d769ab4,LTK,TRMT61B,BABAM2,novel_gene_2635_5d71f2e7,SLC4A1AP,CAD,HADHA,EFR3B,CENPO,novel_gene_2664_5d71f2e7,novel_gene_2665_5d71f2e7,WDR35,GEN1,DDX1,E2F6,ROCK2,NOL10,ODC1,GRHL1,TAF1B,IAH1,KIDINS220,RNF144A,RPS7,EIPR1,CEP41,TMEM209,ZC3HC1,AHCYL2,TSPAN33,PRRT4,novel_gene_465_5d846b90,novel_gene_506_5d769ab4,evm.TU.scaffold0032.45,novel_gene_2775_5d71f2e7,novel_gene_487_5d846b90,PTPRZ1,novel_gene_2678_5d71f2e7,novel_gene_468_5d846b90,novel_gene_507_5d769ab4,ING3,TSPAN12,novel_gene_470_5d846b90,novel_gene_508_5d769ab4,evm.TU.scaffold0032.90,CAPZA2,TFEC,evm.TU.scaffold0033.58,LRRC49,PARP6,BBS4,PML,SCAMP2,FAM219B,LINGO1,HMG20A,PSTPIP1,novel_gene_2885_5d71f2e7,novel_gene_537_5d769ab4,novel_gene_2806_5d71f2e7,EPC1,JCAD,AC098850.3,ITGA8,CDC123,CAMK1D,BEND7,TTC6,MBIP,NFKBIA,CFL2,evm.TU.scaffold0035.7,BRD8,GFRA3,REEP2,ETF1,HSPA9,evm.TU.scaffold0035.27,novel_gene_505_5d846b90,evm.TU.scaffold0035.34,TMEM173,evm.TU.scaffold0035.43,CYSTM1,E230025N22RIK,TMCO6,WDR55,HARS,PCDH12,YIPF5,novel_gene_2818_5d71f2e7,PPP2R2B,novel_gene_527_5d769ab4,evm.TU.scaffold0035.145,DPYSL3,JAKMIP2,FBXO38,HTR4,AC119396.1,PNPLA6,XAB2,STXBP2,MRNIP,FLT4,BBS7,ANXA5,evm.TU.scaffold0035.235,PRSS12,novel_gene_2827_5d71f2e7,novel_gene_502_5d846b90,ALPK1,TIMM17A,ASPM,RGS1,ESRRG,SPATA17,MARK1,MARC2,DUSP10,HHIPL2,LBR,EPHX1,HNRNPU,DESI2,FH,FMN2,TAF5L,URB2,PGBD5,COG2,C1orf131,GNPAT,novel_gene_2845_5d71f2e7,novel_gene_506_5d846b90,evm.TU.scaffold0036.240,ZNF140,CHFR,GOLGA3,PGAM5,POLE,PXMP2,TMEM132D,novel_gene_2889_5d71f2e7,TMEM132B,DDX55,KMT5A,CDK2AP1,PITPNM2,ZCCHC8,VPS33A,ANAPC5,ARPC3,GPN3,TRAFD1,OAS3,C12orf49,FBXO21,KSR2,WSB2,SUDS3,PRKAB1,RAB35,PXN,MLEC,OASL,MVK,novel_gene_2860_5d71f2e7,novel_gene_518_5d846b90,novel_gene_538_5d769ab4,XBP1,NIPSNAP1,SF3A1,SEC14L4,SMTN,LIMK2,PATZ1,DRG1,Z82190.2,PLXNA4,novel_gene_515_5d846b90,novel_gene_547_5d769ab4,evm.TU.scaffold0038.14,CHCHD3,novel_gene_2864_5d71f2e7,novel_gene_508_5d846b90,novel_gene_540_5d769ab4,BPGM,CALD1,C7orf55-LUC7L2,RAB19,MKRN1,DENND2A,CLCN1,novel_gene_2879_5d71f2e7,novel_gene_512_5d846b90,CNTNAP2,ZNF786,ZNF783,ZNF746,RNASEK-C17orf49,ACAP1,TNK1,SENP3-EIF4A1,FXR2,TP53,CHD3,PER1,CTC1,PFAS,PIK3R5,NTN1,RCVRN,DNAH9,MYOCD,TRPV2,TTC19,novel_gene_2962_5d71f2e7,novel_gene_526_5d846b90,DRG2,evm.TU.scaffold0039.215,DHRS7B,CR2,C4BPA,C1orf116,IL10,IKBKE,SLC41A1,NUCKS1,NUAK2,TMCC2,RBBP5,PLEKHA6,NCSTN,ATP1A2,IGSF9,KIRREL1,TXNIP,LIX1L,ACP6,MPZL1,CD247,evm.TU.scaffold0040.191,NOS1AP,NDUFS2,F11R,CD244,NTM,NFRKB,SRPRA,ROBO4,SMPD4,SNAP29,TOP3B,MMP11,GSTT2,SNRPD3,GUCD1,HELZ2,ARFGAP1,LAMA5,novel_gene_3083_5d71f2e7,ADRM1,SS18L1,novel_gene_3036_5d71f2e7,novel_gene_535_5d846b90,CDH4,evm.TU.scaffold0042.68,SYCP2,PHACTR3,ZNF831,CTSZ,STX16-NPEPL1,AURKA,evm.TU.scaffold0042.148,TSHZ2,novel_gene_570_5d769ab4,ZFP64,RIPOR3,PRTFDC1,novel_gene_528_5d846b90,novel_gene_558_5d769ab4,novel_gene_2991_5d71f2e7,novel_gene_525_5d846b90,novel_gene_554_5d769ab4,novel_gene_3013_5d71f2e7,novel_gene_530_5d846b90,CACNB2,evm.TU.scaffold0043.40,HACD1,UPRT,SLC16A2,EDA2R,novel_gene_3023_5d71f2e7,novel_gene_542_5d846b90,OPHN1,DGAT2L6,SNX12,MED12,TAF1L,novel_gene_3127_5d71f2e7,NHSL2,PRKD1,novel_gene_559_5d846b90,novel_gene_589_5d769ab4,G2E3,C16H16ORF58,novel_gene_3182_5d71f2e7,novel_gene_554_5d846b90,novel_gene_583_5d769ab4,PALB2,novel_gene_3211_5d71f2e7,METTL9,ABCA16,evm.TU.scaffold0046.68,ACSM4,ITGAX,FUS,KAT8,BCKDK,RNF40,FBRS,PRR14,SEPT1,TBC1D10B,KIF22,KCTD13,PPP4C,MAPK3,CORO1A,MAP7D3,FMR1,novel_gene_3219_5d71f2e7,novel_gene_557_5d846b90,novel_gene_590_5d769ab4,FBXL5,novel_gene_3224_5d71f2e7,LYAR,EVC,JAKMIP1,ABLIM2,ACOX3,LRPAP1,HGFAC,ZFYVE28,HAUS3,NELFA,LETM1,MAEA,CTBP1,DGKQ,GAK,SLC16A1,PPM1J,MOV10,LRIF1,GNAI3,SARS,COL11A1,SASS6,MFSD14A,SLC35A3,PALMD,novel_gene_3217_5d71f2e7,novel_gene_563_5d846b90,novel_gene_592_5d769ab4,SIRT3,SIGIRR,IRF7,GATD1,CRACR2B,CHID1,evm.TU.scaffold0050.61,MOB2,CTSD,AC004556.1,CD81,novel_gene_3228_5d71f2e7,novel_gene_564_5d846b90,evm.TU.scaffold0050.91,evm.TU.scaffold0050.99,novel_gene_3323_5d71f2e7,CTTN,CHKA,TCIRG1,CORO1B,GRK2,CCS,AP002748.4,PACS1,DRAP1,FIBP,MUS81,RELA,SIPA1,PCNX3,MAP3K11,LTBP3,FRMD8,AP000944.2,CAPN1,SYVN1,CDC42BPG,MAP4K2,NRXN2,CCDC88B,PRDX5,evm.TU.scaffold0050.291,DNAJC4,MARK2,RTN3,STX5,HNRNPUL2,EML3,MTA2,AP002990.1,EEF1G,SIDT2,CEP164,IL10RA,JAML,CD3G,BCL9L,CCDC84,DPAGT1,PLPP4,NSMCE4A,BUB3,CPXM2,UROS,ADAM12,C10orf143,GLRX3,INPP5A,6430531B16RIK,ECHS1,MTG1,MCMBP,TIAL1,novel_gene_3365_5d71f2e7,novel_gene_3324_5d71f2e7,ALDH1A3,MEF2A,NTRK3,IDH3A,DNAJA4,EOGT,ARL6IP5,LMOD3,FRMD4B,MITF,RYBP,GXYLT2,FAH,STARD5,HOMER2,C15orf40,TM6SF1,PDE8A,UNC45A,AP3S2,PLIN1,NR2F2,RASGRF1,COA6,RBM34,ACTN2,novel_gene_3413_5d71f2e7,novel_gene_583_5d846b90,novel_gene_614_5d769ab4,TMEM185A,GABRA3,BCAP31,IRAK1,MECP2,FAM3A,G6PD,WNK2,FGD3,BICD2,CENPP,ROR2,AUH,LAS1L,MTMR8,RRAGB,PFKFB1,FGD1,WNK3,NCAPG2,INSIG1,PAXIP1,DPP6,novel_gene_3490_5d71f2e7,novel_gene_594_5d846b90,novel_gene_623_5d769ab4,novel_gene_3523_5d71f2e7,WDR86,SLC4A2,NOS3,TMEM176A,MFSD9,MRPS9,evm.TU.scaffold0062.18,KDM4A,ATP6V0B,SLC6A9,RNF220,KIF2C,PTCH2,NASP,AL358075.4,POMGNT1,RAD54L,MKNK1,ATPAF1,CTPS1,SLC2A1,SZT2,evm.TU.scaffold0065.1,novel_gene_599_5d846b90,GRIK4,GNL1,PPP1R18,HLA-A,ABHD16A,CLIC1,VARS,C2,C4B,evm.TU.scaffold0066.97,HSPA8,JHY,AL160269.1,evm.TU.scaffold0068.14,novel_gene_606_5d846b90,C9orf3,novel_gene_3547_5d71f2e7,C9ORF3,IL18R1,DBR1,ARMC8,MRPS22,COPB2,FAM107B,novel_gene_605_5d846b90,novel_gene_635_5d769ab4,novel_gene_3560_5d71f2e7,ITPR3,SYNGAP1,RXRB,HLA-DMA,UBE2M,TRIM28,RPS5,ZSCAN22,evm.TU.scaffold0074.22,HLA-DRA,FBXW12,APBB1IP,GABBR1,AP1G2
TRUE,FALSE,FALSE,FALSE,FALSE,FALSE,164,CENPS-CORT,CENPS,WDR47,SARS1,MIR6730,PRUNE1,BNIPL,YY1AP1,DDI2,TADA1,MIR1256,MIA3,MIR3115,TSNAX-DISC1,SNORA16A,SNHG12,VAMP3,ZNF248,TLK2P2,AKR1E2,PBLD,OIT3,UBTD1,RNF214,ZBTB44,INSC,HPS5,ELF5,PSMC3,TMEM109,DPP3,CKS1BP4,PIWIL4,RPL6,MIR4498,COQ5,ZNF268,RASSF8,BICD1,RNU6-238P,DCTN2,NR2C1,NTN4,COA8,TDRD9,CHMP4A,SRP54-AS1,ATP6V1D,TMEM229B,EFCAB11,PAPOLA,MEIS2,MFAP1,EIF3J,RPL7P46,LITAF,SYT17,MVP,SETD1A,SLC38A7,TK2,RPS2P45,PDXDC2P-NPIPB14P,NPIPB14P,AARS1,TXNL4B,AFG3L1P,CPD,STAT5A,SP2,SNX11,MKS1,RPS4XP17,ABCA5,ENGASE,RN7SL745P,POLI,MIR6886,RAB3D,SLC27A1,SLC5A5,IFI30,CEP89,GPI,PIP5K1C,SUPT5H,BLVRB,SHKBP1,ITPKC,PHLDB3,PPP1R13L,LIG1,POLD1,ANGPTL4,MIR548S,LRP2,PDE11A,FLACC1,SNORD82,SEPTIN2,SPDYA,SANBR,AHSA2P,SLC1A4,DNMT3B,RBM12,ZHX3,SLC37A1,C22orf39,SPECC1L-ADORA2A,DEPDC5,RNU6-201P,CCDC134,CEP97,TIMMDC1,ALDH1L1,SEC62,UBE2FP1,SUCLG2-DT,OGG1,MAML3,COX18,TRMT44,MARCHF6,MACROH2A1,SH3RF2,HAVCR2,SNORD96A,C1QTNF3,C1QTNF3-AMACR,RMEL3,ZBED3-AS1,MAP7,HSPE1P26,SOD2,CEP43,POLR1H,MYO6,LSM8,CPA4,SLC37A3,NDUFB2,BZW2,PALS2,GARS1-DT,SUMF2,PHKG1,BUD23,MIR591,ARPC1B,PVT1,KHDRBS3,PDGFRL,ESRP1,TOR1B,AIF1L,CEL,MRPS2,GRHPR,TMC1,GNA14,SEPTIN6,PHEX,PRRG1
