"gene_name","hsa","hsa_n_circs","mfu","mfu_n_circs","mma","mma_n_circs","mmu","mmu_n_circs","mpi","mpi_n_circs","rsi","rsi_n_circs"
"UBAP2L","1:154234590|154235291",1,"scaffold0028:17755074|17761116;scaffold0028:17768957|17770757;scaffold0028:17769604|17770137",3,"1:96816928|96817632",1,"3:89951006|89955206",1,"scaffold0019:28896193|28897323",1,"NW_017739487.1:122387|123123;NW_017739487.1:140995|148534",2
"RERE","1:8541213|8557523",1,"scaffold0027:17379644|17410168;scaffold0027:17379644|17476424;scaffold0027:17399512|17410168;scaffold0027:17399512|17435373;scaffold0027:17399512|17446013;scaffold0027:17399512|17476424;scaffold0027:17435268|17446013;scaffold0027:17435268|17476424;scaffold0027:17444454|17476424;scaffold0027:17515653|17516122",10,"1:215862152|215862621",1,"4:150490652|150491121;4:150490652|150523925;4:150515979|150523925;4:150515979|150561925;4:150523799|150554848;4:150523799|150561925;4:150553151|150561925;4:150553151|150594495;4:150561820|150594495;4:150584459|150594495",10,"scaffold0010:75588047|75588516;scaffold0010:75635582|75692986;scaffold0010:75635582|75729302;scaffold0010:75678217|75692986;scaffold0010:75678217|75729302;scaffold0010:75692881|75729302",6,"NW_017739161.1:2198546|2261126;NW_017739161.1:2247268|2261126;NW_017739161.1:2247268|2294469;NW_017739161.1:2286260|2294469;NW_017739161.1:2388410|2390209",5
"ACACB","12:109171804|109174230",1,"scaffold0037:8856871|8861843;scaffold0037:8858754|8861843;scaffold0037:8864784|8865548",3,"11:108847130|108852582;11:108856090|108856393;11:108861986|108862391;11:108861986|108886791",4,"5:114322110|114330245;5:114339959|114342883;5:114341450|114345431",3,"scaffold0023:20794844|20795341;scaffold0023:20803635|20804280",2,"NW_017739395.1:878862|879509;NW_017739395.1:878862|900972;NW_017739395.1:898967|900972;NW_017739395.1:898967|907275;NW_017739395.1:927086|930553;NW_017739395.1:933399|934333;NW_017739395.1:956686|959365",7
"ERC1","12:1289851|1371977",1,"scaffold0001:94317762|94323018",1,"11:1192242|1201727",1,"6:119671531|119699269;6:119720248|119738272;6:119801346|119802780",3,"scaffold0001:80749424|80771039;scaffold0001:80810238|80813725;scaffold0001:80976640|80977465",3,"NW_017739440.1:1079566|1080391;NW_017739440.1:1215372|1226992",2
"CHD2","15:92937517|92939718;15:92996956|92998621",2,"scaffold0055:3897859|3899680;scaffold0055:3897859|3903840;scaffold0055:3899593|3903840",3,"7:72079332|72079546",1,"7:73140226|73141172;7:73163837|73169456",2,"scaffold0031:4049226|4055032;scaffold0031:4077891|4079508;scaffold0031:4079345|4080164;scaffold0031:4080011|4081496;scaffold0031:4080011|4083932",5,"NW_017738967.1:5308286|5312723",1
"MIB1","18:21765771|21779685",1,"scaffold0012:32060158|32062841;scaffold0012:32060158|32098908;scaffold0012:32085588|32088185;scaffold0012:32085588|32098908;scaffold0012:32097887|32098908",5,"18:60584987|60640368",1,"18:10775528|10778300",1,"scaffold0008:53264647|53272504;scaffold0008:53269943|53272504",2,"NW_017739089.1:8183231|8187830;NW_017739089.1:8183231|8244761;NW_017739089.1:8221331|8246930;NW_017739089.1:8238789|8246930",4
"ARHGAP26","5:143054438|143057747",1,"scaffold0035:5584650|5595732;scaffold0035:5749960|5754821;scaffold0035:5884652|5891116",3,"6:140464516|140468159",1,"18:39230682|39244953;18:39253171|39265203;18:39253171|39283171;18:39259885|39283171;18:39360420|39379977;18:39376658|39379977",6,"scaffold0005:26751813|26770370;scaffold0005:26767145|26774020",2,"NW_017739065.1:1423653|1434380;NW_017739065.1:1531529|1552053;NW_017739065.1:1535513|1552053;NW_017739065.1:1548382|1552053",4
"HIBADH","7:27629370|27632445;7:27629370|27649633",2,"scaffold0023:21303757|21306465",1,"3:87470819|87473861",1,"6:52596961|52607334",1,"scaffold0011:20892386|20904312",1,"NW_017738962.1:2624358|2634146;NW_017738962.1:2695843|2707138",2
"UBAP2","9:33953284|33956146;9:33971650|33973237",2,"scaffold0007:41515008|41516166;scaffold0007:41525959|41528256;scaffold0007:41551098|41552775;scaffold0007:41562113|41563885;scaffold0007:41562113|41597078",5,"15:50177349|50198372;15:50177349|50211650",2,"4:41233603|41251671",1,"scaffold0013:44278016|44279703;scaffold0013:44288881|44291808",2,"NW_017738929.1:4243894|4262402",1
