"gene_id","gene_name"
"ENSMPIG00025018800244","novel_gene_402_627a1eab"
"ENSMPIG00025018300244","novel_gene_60_627a1eab"
"ENSMPIG00025013800244","novel_gene_11_62831269"
"ENSMPIG00025009600244","novel_gene_122_627a1eab"
"ENSMPIG00025005400244","novel_gene_128_62831269"
"ENSMPIG00006064400244","novel_gene_417_62831269"
"ENSMPIG00006024500024","novel_gene_647_627a1eab"
"ENSMPIG00006022900044","novel_gene_604_627a1eab"
"ENSMPIG00006043700084","novel_gene_984_627a1eab"
"ENSMPIG00006031401013","novel_gene_721_627a1eab"
"ENSMPIG00006041400244","novel_gene_351_62831269"
"ENSMPIG00006031600084","novel_gene_726_627a1eab"
"ENSMPIG00006015100244","novel_gene_1543_627a1eab"
"ENSMPIG00006050900244","novel_gene_402_62831269"
"ENSMPIG00006027200244","novel_gene_1789_627a1eab"
"ENSMPIG00006060900244","novel_gene_1886_627a1eab"
"ENSMPIG00006045700174","novel_gene_1698_627a1eab"
"ENSMPIG00006018801243","novel_gene_338_62831269"
"ENSMPIG00006044900244","novel_gene_1617_627a1eab"
"ENSMPIG00006063300174","novel_gene_1359_627a1eab"
"ENSMPIG00006027300244","novel_gene_385_62831269"
"ENSMPIG00006026700244","novel_gene_341_62831269"
"ENSMPIG00006045300244","novel_gene_357_62831269"
"ENSMPIG00006048800054","novel_gene_1087_627a1eab"
"ENSMPIG00006046300244","novel_gene_1842_627a1eab"
"ENSMPIG00006038300224","novel_gene_1601_627a1eab"
"ENSMPIG00006018700244","novel_gene_1551_627a1eab"
"ENSMPIG00006060800174","novel_gene_1306_627a1eab"
"ENSMPIG00006064300244","novel_gene_1900_627a1eab"
"ENSMPIG00006017000034","novel_gene_465_627a1eab"
"ENSMPIG00006037300244","novel_gene_347_62831269"
"ENSMPIG00006059600174","novel_gene_1418_627a1eab"
"ENSMPIG00006012500244","novel_gene_333_62831269"
"ENSMPIG00006061700244","novel_gene_1889_627a1eab"
"ENSMPIG00006061000244","novel_gene_413_62831269"
"ENSMPIG00006055100244","novel_gene_1658_627a1eab"
"ENSMPIG00008011600244","novel_gene_416_62831269"
"ENSMPIG00008044400244","novel_gene_433_62831269"
"ENSMPIG00008070600244","novel_gene_484_62831269"
"ENSMPIG00008053700244","novel_gene_1194_627a1eab"
"ENSMPIG00008075100064","novel_gene_1595_627a1eab"
"ENSMPIG00008077200244","novel_gene_444_62831269"
"ENSMPIG00008051900174","novel_gene_1163_627a1eab"
"ENSMPIG00008073300244","novel_gene_488_62831269"
"ENSMPIG00008043000244","novel_gene_999_627a1eab"
"ENSMPIG00008019100244","novel_gene_1920_627a1eab"
"ENSMPIG00008074500244","novel_gene_489_62831269"
"ENSMPIG00008038100174","novel_gene_866_627a1eab"
"ENSMPIG00008079000244","novel_gene_492_62831269"
"ENSMPIG00008024200244","novel_gene_1930_627a1eab"
"ENSMPIG00008018300244","novel_gene_453_62831269"
"ENSMPIG00008061400164","novel_gene_1376_627a1eab"
"ENSMPIG00008021700244","novel_gene_512_627a1eab"
"ENSMPIG00008024300244","novel_gene_426_62831269"
"ENSMPIG00020010100244","novel_gene_852_627a1eab"
"ENSMPIG00020004100244","novel_gene_248_62831269"
"ENSMPIG00020027000244","novel_gene_304_62831269"
"ENSMPIG00020024800244","novel_gene_301_62831269"
"ENSMPIG00020012200014","novel_gene_369_627a1eab"
"ENSMPIG00020001800244","novel_gene_246_62831269"
"ENSMPIG00020012400114","novel_gene_768_627a1eab"
"ENSMPIG00020010500024","novel_gene_855_627a1eab"
"ENSMPIG00018019600244","novel_gene_406_627a1eab"
"ENSMPIG00018020700244","novel_gene_156_62831269"
"ENSMPIG00018023300244","novel_gene_160_627a1eab"
"ENSMPIG00018011100244","novel_gene_38_62831269"
"ENSMPIG00018026500244","novel_gene_175_627a1eab"
"ENSMPIG00018023900244","novel_gene_164_627a1eab"
"ENSMPIG00018023100244","novel_gene_61_62831269"
"ENSMPIG00018008700244","novel_gene_140_62831269"
"ENSMPIG00018023400244","novel_gene_65_62831269"
"ENSMPIG00018000600044","novel_gene_1534_627a1eab"
"ENSMPIG00018009800244","novel_gene_358_627a1eab"
"ENSMPIG00007053000064","novel_gene_282_627a1eab"
"ENSMPIG00007042600174","novel_gene_1181_627a1eab"
"ENSMPIG00007064300084","novel_gene_1587_627a1eab"
"ENSMPIG00007034300244","novel_gene_2071_627a1eab"
"ENSMPIG00007081400244","novel_gene_2200_627a1eab"
"ENSMPIG00007085200244","novel_gene_468_62831269"
"ENSMPIG00007046000094","novel_gene_466_627a1eab"
"ENSMPIG00007064700244","novel_gene_327_627a1eab"
"ENSMPIG00007074200164","novel_gene_1734_627a1eab"
"ENSMPIG00007037300154","novel_gene_1997_627a1eab_novel_gene_467_627a1eab"
"ENSMPIG00007080300234","novel_gene_465_62831269"
"ENSMPIG00007043500034","novel_gene_1185_627a1eab"
"ENSMPIG00007039104233","novel_gene_1989_627a1eab"
"ENSMPIG00007066500174","novel_gene_1604_627a1eab"
"ENSMPIG00007079100164","novel_gene_1800_627a1eab"
"ENSMPIG00007039800244","novel_gene_2078_627a1eab"
"ENSMPIG00007056301173","novel_gene_2232_627a1eab"
"ENSMPIG00007082100244","novel_gene_158_62831269"
"ENSMPIG00007046300244","novel_gene_1248_627a1eab"
"ENSMPIG00007042000244","novel_gene_244_627a1eab"
"ENSMPIG00007053800244","novel_gene_108_62831269"
"ENSMPIG00007062000244","novel_gene_457_62831269"
"ENSMPIG00007060300104","novel_gene_2142_627a1eab"
"ENSMPIG00007032900174","novel_gene_1033_627a1eab"
"ENSMPIG00007070600244","novel_gene_2171_627a1eab"
"ENSMPIG00007040900244","novel_gene_230_627a1eab"
"ENSMPIG00007064900244","novel_gene_1591_627a1eab"
"ENSMPIG00007042400244","novel_gene_99_62831269"
"ENSMPIG00007073300224","novel_gene_148_62831269"
"ENSMPIG00007061700244","novel_gene_316_627a1eab"
"ENSMPIG00029038200114","novel_gene_1407_627a1eab"
"ENSMPIG00029009800244","novel_gene_772_627a1eab"
"ENSMPIG00029029804041","novel_gene_1220_627a1eab"
"ENSMPIG00029018300244","novel_gene_288_62831269"
"ENSMPIG00029032003131","novel_gene_1298_627a1eab"
"ENSMPIG00029047302243","novel_gene_883_627a1eab"
"ENSMPIG00036003300144","novel_gene_2332_627a1eab"
"ENSMPIG00034004600164","novel_gene_2149_627a1eab"
"ENSMPIG00034006500064","novel_gene_2170_627a1eab"
"ENSMPIG00034003403241","novel_gene_2056_627a1eab"
"ENSMPIG00034003500244","novel_gene_498_62831269"
"ENSMPIG00013046800244","novel_gene_250_627a1eab"
"ENSMPIG00013044000174","novel_gene_1960_627a1eab"
"ENSMPIG00013018600244","novel_gene_40_62831269"
"ENSMPIG00013034301013","novel_gene_1361_627a1eab"
"ENSMPIG00013042000244","novel_gene_189_62831269"
"ENSMPIG00013010701243","novel_gene_168_62831269"
"ENSMPIG00013019601013","novel_gene_1114_627a1eab"
"ENSMPIG00013020700244","novel_gene_181_62831269"
"ENSMPIG00013052800244","novel_gene_106_62831269"
"ENSMPIG00013010900234","novel_gene_57_627a1eab"
"ENSMPIG00013048500174","novel_gene_1571_627a1eab"
"ENSMPIG00013010800234","novel_gene_22_62831269"
"ENSMPIG00013021200244","novel_gene_121_627a1eab"
"ENSMPIG00013037500074","novel_gene_1438_627a1eab"
"ENSMPIG00013010100244","novel_gene_18_62831269"
"ENSMPIG00013005101113","novel_gene_831_627a1eab"
"ENSMPIG00013050200244","novel_gene_579_627a1eab"
"ENSMPIG00013012100244","novel_gene_455_627a1eab"
"ENSMPIG00016039900244","novel_gene_262_627a1eab"
"ENSMPIG00016032300244","novel_gene_368_62831269"
"ENSMPIG00016027400244","novel_gene_194_627a1eab"
"ENSMPIG00016031300244","novel_gene_1150_627a1eab"
"ENSMPIG00016032200244","novel_gene_1700_627a1eab"
"ENSMPIG00016032500244","novel_gene_1178_627a1eab"
"ENSMPIG00016016200244","novel_gene_52_62831269"
"ENSMPIG00016007700244","novel_gene_345_62831269"
"ENSMPIG00016024400244","novel_gene_365_62831269"
"ENSMPIG00016031500174","novel_gene_1158_627a1eab"
"ENSMPIG00016018400244","novel_gene_362_62831269"
"ENSMPIG00016046300244","novel_gene_1744_627a1eab"
"ENSMPIG00016046400244","novel_gene_373_62831269"
"ENSMPIG00016036900234","novel_gene_1719_627a1eab"
"ENSMPIG00016014700244","novel_gene_1644_627a1eab"
"ENSMPIG00016018300244","novel_gene_1657_627a1eab"
"ENSMPIG00016023300234","novel_gene_70_62831269"
"ENSMPIG00016004700164","novel_gene_524_627a1eab"
"ENSMPIG00016047200244","novel_gene_1746_627a1eab"
"ENSMPIG00015053300244","novel_gene_355_62831269"
"ENSMPIG00015058000034","novel_gene_1360_627a1eab"
"ENSMPIG00015036000174","novel_gene_892_627a1eab"
"ENSMPIG00015050600244","novel_gene_1638_627a1eab"
"ENSMPIG00015054600244","novel_gene_1659_627a1eab"
"ENSMPIG00015044800244","novel_gene_1607_627a1eab"
"ENSMPIG00015052700244","novel_gene_1854_627a1eab"
"ENSMPIG00015034000244","novel_gene_1578_627a1eab"
"ENSMPIG00015057800174","novel_gene_1356_627a1eab"
"ENSMPIG00015056400244","novel_gene_361_62831269"
"ENSMPIG00015014000244","novel_gene_326_62831269"
"ENSMPIG00015049300244","novel_gene_1627_627a1eab"
"ENSMPIG00015031700094","novel_gene_791_627a1eab"
"ENSMPIG00015050700244","novel_gene_350_62831269"
"ENSMPIG00015048800244","novel_gene_1845_627a1eab"
"ENSMPIG00047000200244","novel_gene_547_62831269"
"ENSMPIG00028006400244","novel_gene_294_627a1eab"
"ENSMPIG00028006300244","novel_gene_110_62831269"
"ENSMPIG00028001203123","novel_gene_40_627a1eab"
"ENSMPIG00028003101043","novel_gene_252_627a1eab"
"ENSMPIG00028006800244","novel_gene_270_627a1eab"
"ENSMPIG00002020200244","novel_gene_51_62831269"
"ENSMPIG00002027400194","novel_gene_461_62831269"
"ENSMPIG00002070200244","novel_gene_2226_627a1eab"
"ENSMPIG00002060200034","novel_gene_1592_627a1eab"
"ENSMPIG00002068500244","novel_gene_328_627a1eab"
"ENSMPIG00002008400244","novel_gene_26_62831269"
"ENSMPIG00002053200174","novel_gene_1520_627a1eab"
"ENSMPIG00002067801173","novel_gene_1680_627a1eab"
"ENSMPIG00002068000244","novel_gene_476_62831269"
"ENSMPIG00002073600174","novel_gene_337_627a1eab"
"ENSMPIG00002061600244","novel_gene_310_627a1eab"
"ENSMPIG00002064700244","novel_gene_126_62831269"
"ENSMPIG00002069900244","novel_gene_134_62831269"
"ENSMPIG00002044801243","novel_gene_95_62831269"
"ENSMPIG00002067400244","novel_gene_475_62831269"
"ENSMPIG00002088600244","novel_gene_151_62831269"
"ENSMPIG00002051101243","novel_gene_471_62831269"
"ENSMPIG00002045300244","novel_gene_2189_627a1eab"
"ENSMPIG00002060000044","novel_gene_1590_627a1eab"
"ENSMPIG00002084700244","novel_gene_2260_627a1eab"
"ENSMPIG00002024400244","novel_gene_60_62831269"
"ENSMPIG00002051000244","novel_gene_2207_627a1eab"
"ENSMPIG00002068800084","novel_gene_1686_627a1eab"
"ENSMPIG00002077200244","novel_gene_2245_627a1eab"
"ENSMPIG00002063000244","novel_gene_124_62831269"
"ENSMPIG00002041600034","novel_gene_1295_627a1eab"
"ENSMPIG00002036500104","novel_gene_1208_627a1eab"
"ENSMPIG00002044700244","novel_gene_245_627a1eab"
"ENSMPIG00002077900114","novel_gene_348_627a1eab"
"ENSMPIG00002027300194","novel_gene_2133_627a1eab"
"ENSMPIG00002056700234","novel_gene_474_62831269"
"ENSMPIG00002081700244","novel_gene_356_627a1eab"
"ENSMPIG00002018104041","novel_gene_119_627a1eab"
"ENSMPIG00042000700164","novel_gene_2455_627a1eab"
"ENSMPIG00042000600244","novel_gene_545_62831269"
"ENSMPIG00026004200104","novel_gene_26_627a1eab"
"ENSMPIG00026006000244","novel_gene_16_62831269"
"ENSMPIG00026005901033","novel_gene_309_627a1eab"
"ENSMPIG00026006900244","novel_gene_17_62831269"
"ENSMPIG00026008600174","novel_gene_352_627a1eab"
"ENSMPIG00026007800244","novel_gene_43_62831269"
"ENSMPIG00026006100244","novel_gene_37_627a1eab"
"ENSMPIG00005032800174","novel_gene_1557_627a1eab"
"ENSMPIG00005070500234","novel_gene_280_62831269"
"ENSMPIG00005001108243","novel_gene_595_627a1eab"
"ENSMPIG00005003000234","novel_gene_23_627a1eab"
"ENSMPIG00005102901013","novel_gene_460_627a1eab"
"ENSMPIG00005038502031","novel_gene_1623_627a1eab"
"ENSMPIG00005012100244","novel_gene_219_62831269"
"ENSMPIG00005052000244","novel_gene_747_627a1eab"
"ENSMPIG00005137500244","novel_gene_1042_627a1eab"
"ENSMPIG00005050100014","novel_gene_1803_627a1eab"
"ENSMPIG00005024902051","novel_gene_1493_627a1eab"
"ENSMPIG00005064400244","novel_gene_793_627a1eab"
"ENSMPIG00005017600244","novel_gene_664_627a1eab"
"ENSMPIG00005003100234","novel_gene_8_62831269"
"ENSMPIG00005065400244","novel_gene_121_62831269"
"ENSMPIG00005090100174","novel_gene_2377_627a1eab"
"ENSMPIG00005011400244","novel_gene_83_627a1eab"
"ENSMPIG00005070600234","novel_gene_818_627a1eab"
"ENSMPIG00005011000244","novel_gene_645_627a1eab"
"ENSMPIG00005056100244","novel_gene_766_627a1eab"
"ENSMPIG00005025400244","novel_gene_234_62831269"
"ENSMPIG00005054501043","novel_gene_1862_627a1eab"
"ENSMPIG00005057400244","novel_gene_1922_627a1eab"
"ENSMPIG00037001000094","novel_gene_2366_627a1eab"
"ENSMPIG00004048500244","novel_gene_91_62831269"
"ENSMPIG00004062700244","novel_gene_119_62831269"
"ENSMPIG00004013500244","novel_gene_201_62831269"
"ENSMPIG00004006300244","novel_gene_587_627a1eab"
"ENSMPIG00004082400244","novel_gene_823_627a1eab"
"ENSMPIG00004056500244","novel_gene_714_627a1eab"
"ENSMPIG00004044900244","novel_gene_86_62831269"
"ENSMPIG00004056400244","novel_gene_243_62831269"
"ENSMPIG00004079500244","novel_gene_268_62831269"
"ENSMPIG00004053300174","novel_gene_1667_627a1eab"
"ENSMPIG00004048400244","novel_gene_234_627a1eab"
"ENSMPIG00004047500174","novel_gene_1575_627a1eab"
"ENSMPIG00004020200174","novel_gene_1288_627a1eab"
"ENSMPIG00004079600244","novel_gene_802_627a1eab"
"ENSMPIG00004071300084","novel_gene_1980_627a1eab"
"ENSMPIG00004004700234","novel_gene_12_62831269"
"ENSMPIG00004044800244","novel_gene_224_627a1eab"
"ENSMPIG00004001100244","novel_gene_570_627a1eab"
"ENSMPIG00004011900084","novel_gene_1197_627a1eab"
"ENSMPIG00004077700174","novel_gene_2029_627a1eab"
"ENSMPIG00004100300084","novel_gene_2298_627a1eab"
"ENSMPIG00004023200244","novel_gene_54_62831269"
"ENSMPIG00004052800244","novel_gene_705_627a1eab"
"ENSMPIG00004005700034","novel_gene_1095_627a1eab"
"ENSMPIG00004054900244","novel_gene_708_627a1eab"
"ENSMPIG00004078000244","novel_gene_796_627a1eab"
"ENSMPIG00004012100234","novel_gene_70_627a1eab"
"ENSMPIG00004011800244","novel_gene_68_627a1eab"
"ENSMPIG00004006400244","novel_gene_191_62831269"
"ENSMPIG00004089600244","novel_gene_285_62831269"
"ENSMPIG00004045200164","novel_gene_1546_627a1eab"
"ENSMPIG00022034200244","novel_gene_82_62831269"
"ENSMPIG00022013800244","novel_gene_314_62831269"
"ENSMPIG00022011100164","novel_gene_523_627a1eab"
"ENSMPIG00022018100244","novel_gene_317_62831269"
"ENSMPIG00030015500234","novel_gene_973_627a1eab"
"ENSMPIG00030000400094","novel_gene_1010_627a1eab"
"ENSMPIG00030012100104","novel_gene_1169_627a1eab"
"ENSMPIG00010007900244","novel_gene_63_627a1eab"
"ENSMPIG00010017101173","novel_gene_1270_627a1eab"
"ENSMPIG00010015901033","novel_gene_1259_627a1eab"
"ENSMPIG00010030200234","novel_gene_75_62831269"
"ENSMPIG00010030701243","novel_gene_2254_627a1eab"
"ENSMPIG00010022400244","novel_gene_203_62831269"
"ENSMPIG00010036300064","novel_gene_1584_627a1eab"
"ENSMPIG00010015200074","novel_gene_112_627a1eab"
"ENSMPIG00010016400244","novel_gene_47_62831269"
"ENSMPIG00010044800244","novel_gene_221_62831269"
"ENSMPIG00010026900244","novel_gene_69_62831269"
"ENSMPIG00010004900044","novel_gene_1029_627a1eab"
"ENSMPIG00010011501173","novel_gene_559_627a1eab"
"ENSMPIG00010018600174","novel_gene_193_62831269"
"ENSMPIG00010052800174","novel_gene_1809_627a1eab"
"ENSMPIG00010002600244","novel_gene_13_627a1eab"
"ENSMPIG00010051100244","novel_gene_114_62831269"
"ENSMPIG00010004501103","novel_gene_1017_627a1eab"
"ENSMPIG00010022500244","novel_gene_615_627a1eab"
"ENSMPIG00010013600164","novel_gene_1214_627a1eab"
"ENSMPIG00010020700244","novel_gene_602_627a1eab"
"ENSMPIG00010019600244","novel_gene_596_627a1eab"
"ENSMPIG00010002701243","novel_gene_3_62831269"
"ENSMPIG00010039700174","novel_gene_2220_627a1eab"
"ENSMPIG00010082800244","novel_gene_2100_627a1eab"
"ENSMPIG00010084500244","novel_gene_279_62831269"
"ENSMPIG00010017800244","novel_gene_192_62831269"
"ENSMPIG00010045200064","novel_gene_1709_627a1eab"
"ENSMPIG00012039016233","novel_gene_289_627a1eab"
"ENSMPIG00012040900074","novel_gene_1285_627a1eab"
"ENSMPIG00012040100014","novel_gene_1272_627a1eab"
"ENSMPIG00012004000244","novel_gene_371_62831269"
"ENSMPIG00012014900234","novel_gene_53_62831269"
"ENSMPIG00012049000244","novel_gene_136_62831269"
"ENSMPIG00012028000244","novel_gene_228_627a1eab"
"ENSMPIG00012016700244","novel_gene_379_62831269"
"ENSMPIG00012009800104","novel_gene_86_627a1eab"
"ENSMPIG00012052700244","novel_gene_1879_627a1eab"
"ENSMPIG00012056500244","novel_gene_1893_627a1eab"
"ENSMPIG00012011000244","novel_gene_41_62831269"
"ENSMPIG00012053600244","novel_gene_1883_627a1eab"
"ENSMPIG00012058000244","novel_gene_1898_627a1eab"
"ENSMPIG00012005500244","novel_gene_19_62831269"
"ENSMPIG00012051100244","novel_gene_1873_627a1eab"
"ENSMPIG00012057000244","novel_gene_149_62831269"
"ENSMPIG00039000400214","novel_gene_542_62831269"
"ENSMPIG00039000500224","novel_gene_2408_627a1eab"
"ENSMPIG00039001300234","novel_gene_2413_627a1eab"
"ENSMPIG00021068900244","novel_gene_439_62831269"
"ENSMPIG00021052700244","novel_gene_372_62831269"
"ENSMPIG00021060000234","novel_gene_2002_627a1eab"
"ENSMPIG00021056700244","novel_gene_435_62831269"
"ENSMPIG00023046400034","novel_gene_1402_627a1eab"
"ENSMPIG00023037900244","novel_gene_1296_627a1eab"
"ENSMPIG00023034400074","novel_gene_1236_627a1eab"
"ENSMPIG00023035400244","novel_gene_506_627a1eab"
"ENSMPIG00074000100114","novel_gene_2494_627a1eab"
"ENSMPIG00038001500244","novel_gene_2404_627a1eab"
"ENSMPIG00038001000174","novel_gene_2403_627a1eab"
"ENSMPIG00017005108243","novel_gene_33_627a1eab"
"ENSMPIG00017007800244","novel_gene_1915_627a1eab"
"ENSMPIG00017047101083","novel_gene_430_62831269"
"ENSMPIG00017003700174","novel_gene_533_627a1eab"
"ENSMPIG00017035300244","novel_gene_425_62831269"
"ENSMPIG00017038101243","novel_gene_1047_627a1eab"
"ENSMPIG00017045500244","novel_gene_78_62831269"
"ENSMPIG00017038200014","novel_gene_1051_627a1eab"
"ENSMPIG00017044600244","novel_gene_74_62831269"
"ENSMPIG00017002500034","novel_gene_499_627a1eab"
"ENSMPIG00017043700244","novel_gene_178_627a1eab"
"ENSMPIG00017005000244","novel_gene_13_62831269"
"ENSMPIG00017003600174","novel_gene_530_627a1eab"
"ENSMPIG00017039400244","novel_gene_1964_627a1eab"
"ENSMPIG00017036000164","novel_gene_993_627a1eab"
"ENSMPIG00017047000084","novel_gene_1981_627a1eab"
"ENSMPIG00017043800244","novel_gene_72_62831269"
"ENSMPIG00017067300104","novel_gene_1367_627a1eab"
"ENSMPIG00017001400244","novel_gene_3_627a1eab"
"ENSMPIG00009052600014","novel_gene_634_627a1eab"
"ENSMPIG00009047300244","novel_gene_287_62831269"
"ENSMPIG00009023500084","novel_gene_302_627a1eab"
"ENSMPIG00009009902241","novel_gene_904_627a1eab"
"ENSMPIG00009041600244","novel_gene_286_62831269"
"ENSMPIG00009037400234","novel_gene_859_627a1eab"
"ENSMPIG00009010000244","novel_gene_271_62831269"
"ENSMPIG00009014300244","novel_gene_273_62831269"
"ENSMPIG00009012000244","novel_gene_805_627a1eab"
"ENSMPIG00009024000244","novel_gene_240_62831269"
"ENSMPIG00009008500244","novel_gene_226_62831269"
"ENSMPIG00009010200244","novel_gene_272_62831269"
"ENSMPIG00009011900244","novel_gene_228_62831269"
"ENSMPIG00009008600244","novel_gene_795_627a1eab"
"ENSMPIG00009018100164","novel_gene_926_627a1eab"
"ENSMPIG00009019800244","novel_gene_931_627a1eab"
"ENSMPIG00009051800244","novel_gene_289_62831269"
"ENSMPIG00009035900244","novel_gene_284_62831269"
"ENSMPIG00009012900244","novel_gene_807_627a1eab"
"ENSMPIG00009015500244","novel_gene_230_62831269"
"ENSMPIG00009026200244","novel_gene_836_627a1eab"
"ENSMPIG00048000300244","novel_gene_548_62831269"
"ENSMPIG00031012701173","novel_gene_1219_627a1eab"
"ENSMPIG00027020200244","novel_gene_843_627a1eab"
"ENSMPIG00027019900244","novel_gene_63_62831269"
"ENSMPIG00027020400054","novel_gene_691_627a1eab"
"ENSMPIG00027021900214","novel_gene_242_62831269"
"ENSMPIG00014011500244","novel_gene_366_62831269"
"ENSMPIG00014028300244","novel_gene_732_627a1eab"
"ENSMPIG00014029200244","novel_gene_1763_627a1eab"
"ENSMPIG00014048200244","novel_gene_1829_627a1eab"
"ENSMPIG00014034400014","novel_gene_887_627a1eab"
"ENSMPIG00014036600244","novel_gene_336_62831269"
"ENSMPIG00014011400244","novel_gene_1689_627a1eab"
"ENSMPIG00014057200244","novel_gene_353_62831269"
"ENSMPIG00014015600244","novel_gene_369_62831269"
"ENSMPIG00014019600174","novel_gene_561_627a1eab"
"ENSMPIG00014013201243","novel_gene_1702_627a1eab"
"ENSMPIG00014015100244","novel_gene_327_62831269"
"ENSMPIG00014029300244","novel_gene_376_62831269"
"ENSMPIG00014050200174","novel_gene_1225_627a1eab_novel_gene_1602_627a1eab"
"ENSMPIG00014035600244","novel_gene_1785_627a1eab"
"ENSMPIG00014015401173","novel_gene_487_627a1eab"
"ENSMPIG00014036700094","novel_gene_1786_627a1eab"
"ENSMPIG00003039700034","novel_gene_1815_627a1eab"
"ENSMPIG00003038400244","novel_gene_98_62831269"
"ENSMPIG00003012500044","novel_gene_1282_627a1eab"
"ENSMPIG00003036200244","novel_gene_2346_627a1eab"
"ENSMPIG00003014200244","novel_gene_209_62831269"
"ENSMPIG00003014300244","novel_gene_620_627a1eab"
"ENSMPIG00003099200054","novel_gene_949_627a1eab"
"ENSMPIG00003051201093","novel_gene_1949_627a1eab"
"ENSMPIG00003031900244","novel_gene_83_62831269"
"ENSMPIG00003011000244","novel_gene_609_627a1eab"
"ENSMPIG00003066100244","novel_gene_269_62831269"
"ENSMPIG00003024900174","novel_gene_661_627a1eab"
"ENSMPIG00003057300244","novel_gene_339_627a1eab"
"ENSMPIG00003031809243","novel_gene_211_627a1eab"
"ENSMPIG00003073700174","novel_gene_2344_627a1eab"
"ENSMPIG00003051100034","novel_gene_1948_627a1eab"
"ENSMPIG00003096200244","novel_gene_905_627a1eab"
"ENSMPIG00003057201243","novel_gene_135_62831269"
"ENSMPIG00003012600244","novel_gene_206_62831269"
"ENSMPIG00003020500244","novel_gene_140_627a1eab"
"ENSMPIG00003017800244","novel_gene_635_627a1eab"
"ENSMPIG00003009500244","novel_gene_202_62831269"
"ENSMPIG00003017900244","novel_gene_212_62831269"
"ENSMPIG00003022500164","novel_gene_1494_627a1eab"
"ENSMPIG00003097400244","novel_gene_916_627a1eab"
"ENSMPIG00003062800244","novel_gene_263_62831269"
"ENSMPIG00019032800104","novel_gene_585_627a1eab"
"ENSMPIG00019034700244","novel_gene_594_627a1eab"
"ENSMPIG00019026100234","novel_gene_187_62831269"
"ENSMPIG00019026200234","novel_gene_555_627a1eab"
"ENSMPIG00019069400084","novel_gene_1820_627a1eab"
"ENSMPIG00019020700044","novel_gene_1143_627a1eab"
"ENSMPIG00019009900174","novel_gene_958_627a1eab"
"ENSMPIG00019051001013","novel_gene_1589_627a1eab"
"ENSMPIG00024012800244","novel_gene_34_62831269"
"ENSMPIG00024019900244","novel_gene_114_627a1eab"
"ENSMPIG00024012900244","novel_gene_84_627a1eab"
"ENSMPIG00024011500244","novel_gene_77_627a1eab"
"ENSMPIG00024000200244","novel_gene_737_627a1eab"
"ENSMPIG00024019400244","novel_gene_812_627a1eab"
"ENSMPIG00024000100244","novel_gene_197_62831269"
"ENSMPIG00024005900244","novel_gene_15_62831269"
"ENSMPIG00024007000034","novel_gene_307_627a1eab"
"ENSMPIG00024016300104","novel_gene_97_627a1eab"
"ENSMPIG00098000100164","novel_gene_2496_627a1eab"
"ENSMPIG00001025100244","novel_gene_2283_627a1eab"
"ENSMPIG00001130700244","novel_gene_2441_627a1eab"
"ENSMPIG00001022806153","novel_gene_2279_627a1eab"
"ENSMPIG00001000500244","novel_gene_10_627a1eab"
"ENSMPIG00001024400114","novel_gene_663_627a1eab"
"ENSMPIG00001103002243","novel_gene_2345_627a1eab"
"ENSMPIG00001028100244","novel_gene_2286_627a1eab"
"ENSMPIG00001061200244","novel_gene_505_62831269"
"ENSMPIG00001057900244","novel_gene_2320_627a1eab"
"ENSMPIG00001052500244","novel_gene_527_62831269"
"ENSMPIG00001096400244","novel_gene_530_62831269"
"ENSMPIG00001086800174","novel_gene_1579_627a1eab"
"ENSMPIG00001031400174","novel_gene_773_627a1eab"
"ENSMPIG00001011900244","novel_gene_486_62831269"
"ENSMPIG00001096800244","novel_gene_2341_627a1eab"
"ENSMPIG00001027400244","novel_gene_2392_627a1eab"
"ENSMPIG00001022900244","novel_gene_2280_627a1eab"
"ENSMPIG00001054300244","novel_gene_2402_627a1eab"
"ENSMPIG00001003400244","novel_gene_2383_627a1eab"
"ENSMPIG00001086701173","novel_gene_2215_627a1eab"
"ENSMPIG00001022300174","novel_gene_606_627a1eab"
"ENSMPIG00001009400244","novel_gene_483_62831269"
"ENSMPIG00001130606241","novel_gene_2440_627a1eab"
"ENSMPIG00001026700084","novel_gene_2391_627a1eab"
"ENSMPIG00001000700244","novel_gene_2246_627a1eab"
"ENSMPIG00001027500244","novel_gene_520_62831269"
"ENSMPIG00001002002243","novel_gene_2249_627a1eab"
"ENSMPIG00001026100174","novel_gene_694_627a1eab"
"ENSMPIG00001036500244","novel_gene_522_62831269"
"ENSMPIG00001010000244","novel_gene_485_62831269"
"ENSMPIG00001026500174","novel_gene_702_627a1eab"
"ENSMPIG00001002600244","novel_gene_79_627a1eab"
"ENSMPIG00001096900244","novel_gene_512_62831269"
"ENSMPIG00001124100244","novel_gene_2438_627a1eab"
"ENSMPIG00001103300154","novel_gene_1817_627a1eab"
"ENSMPIG00001007000174","novel_gene_187_627a1eab"
"ENSMPIG00001058000244","novel_gene_503_62831269"
"ENSMPIG00001053000244","novel_gene_501_62831269"
"ENSMPIG00001002100244","novel_gene_479_62831269"
"ENSMPIG00001014100244","novel_gene_2384_627a1eab"
"ENSMPIG00001040400164","novel_gene_952_627a1eab"
"ENSMPIG00001109000244","novel_gene_2353_627a1eab"
"ENSMPIG00001023000244","novel_gene_493_62831269"
"ENSMPIG00001098600084","novel_gene_1751_627a1eab"
"ENSMPIG00001130803243","novel_gene_538_62831269"
"ENSMPIG00001103800224","novel_gene_1830_627a1eab"
"ENSMPIG00001042100244","novel_gene_499_62831269"
"ENSMPIG00001032300064","novel_gene_787_627a1eab"
"ENSMPIG00001043000244","novel_gene_2398_627a1eab"
"ENSMPIG00001088300244","novel_gene_2420_627a1eab"
"ENSMPIG00001098100244","novel_gene_2427_627a1eab"
"ENSMPIG00033016600164","novel_gene_2125_627a1eab"
"ENSMPIG00033006001013","novel_gene_2030_627a1eab"
"ENSMPIG00033004300244","novel_gene_2127_627a1eab"
"ENSMPIG00033000702241","novel_gene_2184_627a1eab"
"ENSMPIG00033020102031","novel_gene_2121_627a1eab"
"ENSMPIG00033011001163","novel_gene_2167_627a1eab"
"ENSMPIG00033000800244","novel_gene_508_62831269"
"ENSMPIG00041002900244","novel_gene_2445_627a1eab"
"ENSMPIG00041003700244","novel_gene_543_62831269"
"ENSMPIG00011061200244","novel_gene_431_62831269"
"ENSMPIG00011068200244","novel_gene_432_62831269"
"ENSMPIG00011036000244","novel_gene_238_627a1eab"
"ENSMPIG00011059200244","novel_gene_429_62831269"
"ENSMPIG00011006000244","novel_gene_20_62831269"
"ENSMPIG00011026900194","novel_gene_77_62831269"
"ENSMPIG00011007500244","novel_gene_1844_627a1eab"
"ENSMPIG00011068800244","novel_gene_143_62831269"
"ENSMPIG00011026400244","novel_gene_183_627a1eab"
"ENSMPIG00011007600244","novel_gene_387_62831269"
"ENSMPIG00011006100164","novel_gene_549_627a1eab"
"ENSMPIG00011026500244","novel_gene_76_62831269"
"ENSMPIG00011026800194","novel_gene_186_627a1eab"
"ENSMPIG00011012600024","novel_gene_703_627a1eab"
"ENSMPIG00011033500034","novel_gene_1226_627a1eab"
"ENSMPIG00011010100224","novel_gene_391_62831269"
"ENSMPIG00011058200244","novel_gene_325_627a1eab"
"ENSMPIG00011016700244","novel_gene_400_62831269"
"ENSMPIG00011009500244","novel_gene_36_62831269"
"ENSMPIG00011051100244","novel_gene_293_627a1eab"
"ENSMPIG00011017600244","novel_gene_57_62831269"
"ENSMPIG00011061100244","novel_gene_1976_627a1eab"
"ENSMPIG00011068102243","novel_gene_1984_627a1eab"
